판정	경로	바이트	근거
보류	Assets/BaseResource/LobbyBackdrop/lobbybackground.png	2069838	참조 없음 · 이름(literal)만 걸린다 — 아틀라스 밖이라 런타임에 못 꺼낸다
보류	Assets/BundleResource/Cutscene/cut_start_11.png	146011	어드레서블 cutscene 「cutscene/cut_start_11」 — 코드에 주소 글자가 안 보인다(표 · 조립 주소일 수 있다)
사용	Assets/BaseResource/AppIcon/app_icon.png	1852355	빌드 경로에서 도달
사용	Assets/BaseResource/Card/card_c001.png	39680	아틀라스 card.spriteatlasv2 · 이름 직접
사용	Assets/BaseResource/Card/cardchip_level.png	7472	아틀라스 card.spriteatlasv2 · 이름 직접
사용	Assets/BaseResource/Card/cardchip_rarity.png	8710	아틀라스 card.spriteatlasv2 · 이름 직접
사용	Assets/BaseResource/Card/leveluptitle.png	71253	아틀라스 card.spriteatlasv2 · 이름 직접
사용	Assets/BaseResource/ChapterHost/ch_arrow_left.png	3440	GUID 참조(프리팹 · 표 · 재질)
사용	Assets/BaseResource/ChapterHost/ch_arrow_right.png	3703	GUID 참조(프리팹 · 표 · 재질)
사용	Assets/BaseResource/ChapterHost/ch_art_1.png	574233	GUID 참조(프리팹 · 표 · 재질)
사용	Assets/BaseResource/ChapterHost/ch_art_2.png	602569	GUID 참조(프리팹 · 표 · 재질)
사용	Assets/BaseResource/ChapterHost/ch_art_3.png	623523	GUID 참조(프리팹 · 표 · 재질)
사용	Assets/BaseResource/ChapterHost/ch_art_4.png	563382	GUID 참조(프리팹 · 표 · 재질)
사용	Assets/BaseResource/ChapterHost/ch_art_5.png	607470	GUID 참조(프리팹 · 표 · 재질)
사용	Assets/BaseResource/ChapterHost/ch_art_6.png	588733	GUID 참조(프리팹 · 표 · 재질)
사용	Assets/BaseResource/ChapterHost/ch_bossbox.png	62884	GUID 참조(프리팹 · 표 · 재질)
사용	Assets/BaseResource/ChapterHost/ch_card_frame_fx.png	71617	GUID 참조(프리팹 · 표 · 재질)
사용	Assets/BaseResource/ChapterHost/ch_card_frame_sel_fx.png	98781	GUID 참조(프리팹 · 표 · 재질)
사용	Assets/BaseResource/ChapterHost/ch_check_fx.png	13865	GUID 참조(프리팹 · 표 · 재질)
사용	Assets/BaseResource/ChapterHost/ch_dim.png	11400	GUID 참조(프리팹 · 표 · 재질)
사용	Assets/BaseResource/ChapterHost/ch_icon_back.png	5161	GUID 참조(프리팹 · 표 · 재질)
사용	Assets/BaseResource/ChapterHost/ch_icon_coin.png	10653	GUID 참조(프리팹 · 표 · 재질)
사용	Assets/BaseResource/ChapterHost/ch_icon_dice_fx.png	100888	GUID 참조(프리팹 · 표 · 재질)
사용	Assets/BaseResource/ChapterHost/ch_icon_dot.png	1800	GUID 참조(프리팹 · 표 · 재질)
사용	Assets/BaseResource/ChapterHost/ch_icon_gear.png	7235	GUID 참조(프리팹 · 표 · 재질)
사용	Assets/BaseResource/ChapterHost/ch_icon_gem.png	8816	GUID 참조(프리팹 · 표 · 재질)
사용	Assets/BaseResource/ChapterHost/ch_icon_gold.png	10211	GUID 참조(프리팹 · 표 · 재질)
사용	Assets/BaseResource/ChapterHost/ch_icon_mail.png	5842	GUID 참조(프리팹 · 표 · 재질)
사용	Assets/BaseResource/ChapterHost/ch_icon_skull.png	3555	GUID 참조(프리팹 · 표 · 재질)
사용	Assets/BaseResource/ChapterHost/ch_kind_blade.png	18614	GUID 참조(프리팹 · 표 · 재질)
사용	Assets/BaseResource/ChapterHost/ch_kind_force.png	19270	GUID 참조(프리팹 · 표 · 재질)
사용	Assets/BaseResource/ChapterHost/ch_kind_magic.png	19201	GUID 참조(프리팹 · 표 · 재질)
사용	Assets/BaseResource/ChapterHost/ch_match_down.png	4109	GUID 참조(프리팹 · 표 · 재질)
사용	Assets/BaseResource/ChapterHost/ch_match_up.png	3944	GUID 참조(프리팹 · 표 · 재질)
사용	Assets/BaseResource/ChapterHost/ch_power_icon.png	1768	GUID 참조(프리팹 · 표 · 재질)
사용	Assets/BaseResource/ChapterHost/ch_rewardbox.png	71731	GUID 참조(프리팹 · 표 · 재질)
사용	Assets/BaseResource/ChapterHost/ch_screen_wide.png	2897444	GUID 참조(프리팹 · 표 · 재질)
사용	Assets/BaseResource/ChapterHost/ch_star_off.png	1858	GUID 참조(프리팹 · 표 · 재질)
사용	Assets/BaseResource/ChapterHost/ch_star_on.png	2183	GUID 참조(프리팹 · 표 · 재질)
사용	Assets/BaseResource/ChapterScreens/button_back.png	10699	GUID 참조(프리팹 · 표 · 재질)
사용	Assets/BaseResource/ChapterScreens/button_yellow_wide.png	33891	GUID 참조(프리팹 · 표 · 재질)
사용	Assets/BaseResource/ChapterScreens/chaptercard_art_1.png	156793	GUID 참조(프리팹 · 표 · 재질)
사용	Assets/BaseResource/ChapterScreens/chaptercard_art_2.png	144234	GUID 참조(프리팹 · 표 · 재질)
사용	Assets/BaseResource/ChapterScreens/chaptercard_art_3.png	156007	GUID 참조(프리팹 · 표 · 재질)
사용	Assets/BaseResource/ChapterScreens/chaptercard_art_4.png	135344	GUID 참조(프리팹 · 표 · 재질)
사용	Assets/BaseResource/ChapterScreens/chaptercard_art_5.png	141712	GUID 참조(프리팹 · 표 · 재질)
사용	Assets/BaseResource/ChapterScreens/chaptercard_art_6.png	142886	GUID 참조(프리팹 · 표 · 재질)
사용	Assets/BaseResource/ChapterScreens/chaptercard_frame.png	67273	GUID 참조(프리팹 · 표 · 재질)
사용	Assets/BaseResource/ChapterScreens/chaptercard_frame_selected.png	73118	GUID 참조(프리팹 · 표 · 재질)
사용	Assets/BaseResource/ChapterScreens/chaptercard_lock.png	8249	GUID 참조(프리팹 · 표 · 재질)
사용	Assets/BaseResource/ChapterScreens/chapterselect_bg.png	1343137	GUID 참조(프리팹 · 표 · 재질)
사용	Assets/BaseResource/ChapterScreens/chapterselect_startbutton.png	91050	GUID 참조(프리팹 · 표 · 재질)
사용	Assets/BaseResource/ChapterScreens/chapterselect_title.png	181188	GUID 참조(프리팹 · 표 · 재질)
사용	Assets/BaseResource/ChapterScreens/chest_gold_clean.png	38717	GUID 참조(프리팹 · 표 · 재질)
사용	Assets/BaseResource/ChapterScreens/chest_platinum.png	55750	GUID 참조(프리팹 · 표 · 재질)
사용	Assets/BaseResource/ChapterScreens/chest_platinum_clean.png	32081	GUID 참조(프리팹 · 표 · 재질)
사용	Assets/BaseResource/ChapterScreens/chest_silver_clean.png	41029	GUID 참조(프리팹 · 표 · 재질)
사용	Assets/BaseResource/ChapterScreens/chestreward_frame.png	991987	GUID 참조(프리팹 · 표 · 재질)
사용	Assets/BaseResource/ChapterScreens/chestreward_open_gold.png	209805	GUID 참조(프리팹 · 표 · 재질)
사용	Assets/BaseResource/ChapterScreens/chestreward_open_platinum.png	201934	GUID 참조(프리팹 · 표 · 재질)
사용	Assets/BaseResource/ChapterScreens/chestreward_open_silver.png	197008	GUID 참조(프리팹 · 표 · 재질)
사용	Assets/BaseResource/ChapterScreens/result_frame.png	795348	GUID 참조(프리팹 · 표 · 재질)
사용	Assets/BaseResource/ChapterScreens/result_rowpanel.png	70730	GUID 참조(프리팹 · 표 · 재질)
사용	Assets/BaseResource/ChapterScreens/result_warnbar.png	26139	GUID 참조(프리팹 · 표 · 재질)
사용	Assets/BaseResource/ChapterScreens/reward_goldpile.png	39978	GUID 참조(프리팹 · 표 · 재질)
사용	Assets/BaseResource/ChapterScreens/rewardcard_a.png	39019	GUID 참조(프리팹 · 표 · 재질)
사용	Assets/BaseResource/ChapterScreens/rewardcard_b.png	36722	GUID 참조(프리팹 · 표 · 재질)
사용	Assets/BaseResource/ChapterScreens/rewardcard_gold.png	31110	GUID 참조(프리팹 · 표 · 재질)
사용	Assets/BaseResource/ChapterScreens/rewardcard_s.png	40691	GUID 참조(프리팹 · 표 · 재질)
사용	Assets/BaseResource/Fonts/NotoSansJP SDF - GlowBlue.mat	1933	GUID 참조(프리팹 · 표 · 재질)
사용	Assets/BaseResource/Fonts/NotoSansJP SDF - GlowGold.mat	1933	GUID 참조(프리팹 · 표 · 재질)
사용	Assets/BaseResource/Fonts/NotoSansJP SDF - GlowPurple.mat	1935	GUID 참조(프리팹 · 표 · 재질)
사용	Assets/BaseResource/Fonts/NotoSansJP SDF - Label.mat	1922	GUID 참조(프리팹 · 표 · 재질)
사용	Assets/BaseResource/Fonts/NotoSansJP SDF - Outline.mat	1918	GUID 참조(프리팹 · 표 · 재질)
사용	Assets/BaseResource/Fonts/NotoSansJP SDF - Shadow.mat	1916	GUID 참조(프리팹 · 표 · 재질)
사용	Assets/BaseResource/Fonts/NotoSansJP SDF - Soft.mat	1921	GUID 참조(프리팹 · 표 · 재질)
사용	Assets/BaseResource/Fonts/NotoSansJP SDF - Title.mat	1922	GUID 참조(프리팹 · 표 · 재질)
사용	Assets/BaseResource/Fonts/NotoSansJP SDF.asset	29498024	GUID 참조(프리팹 · 표 · 재질)
사용	Assets/BaseResource/Fonts/NotoSansJP-Bold SDF.asset	17023748	GUID 참조(프리팹 · 표 · 재질)
사용	Assets/BaseResource/Fonts/NotoSansJP-Bold.ttf	5761728	GUID 참조(프리팹 · 표 · 재질)
사용	Assets/BaseResource/Fonts/NotoSansJP-Regular.otf	4533028	GUID 참조(프리팹 · 표 · 재질)
사용	Assets/BaseResource/Fonts/NotoSansKR SDF - GlowBlue.mat	1933	GUID 참조(프리팹 · 표 · 재질)
사용	Assets/BaseResource/Fonts/NotoSansKR SDF - GlowGold.mat	1933	GUID 참조(프리팹 · 표 · 재질)
사용	Assets/BaseResource/Fonts/NotoSansKR SDF - GlowPurple.mat	1935	GUID 참조(프리팹 · 표 · 재질)
사용	Assets/BaseResource/Fonts/NotoSansKR SDF - Label.mat	1922	GUID 참조(프리팹 · 표 · 재질)
사용	Assets/BaseResource/Fonts/NotoSansKR SDF - Outline.mat	1918	GUID 참조(프리팹 · 표 · 재질)
사용	Assets/BaseResource/Fonts/NotoSansKR SDF - Shadow.mat	1916	GUID 참조(프리팹 · 표 · 재질)
사용	Assets/BaseResource/Fonts/NotoSansKR SDF - Soft.mat	1921	GUID 참조(프리팹 · 표 · 재질)
사용	Assets/BaseResource/Fonts/NotoSansKR SDF - Title.mat	1922	GUID 참조(프리팹 · 표 · 재질)
사용	Assets/BaseResource/Fonts/NotoSansKR SDF.asset	23298152	GUID 참조(프리팹 · 표 · 재질)
사용	Assets/BaseResource/Fonts/NotoSansKR-Bold SDF.asset	10455509	GUID 참조(프리팹 · 표 · 재질)
사용	Assets/BaseResource/Fonts/NotoSansKR-Bold.ttf	6223212	GUID 참조(프리팹 · 표 · 재질)
사용	Assets/BaseResource/Fonts/NotoSansKR.ttf	10415532	GUID 참조(프리팹 · 표 · 재질)
사용	Assets/BaseResource/Fonts/OriginalPixel SDF.asset	30843	GUID 참조(프리팹 · 표 · 재질)
사용	Assets/BaseResource/Fonts/orig_font_atlas.png	922	GUID 참조(프리팹 · 표 · 재질)
사용	Assets/BaseResource/Growth/Faces/face_amazon.png	85209	GUID 참조(프리팹 · 표 · 재질)
사용	Assets/BaseResource/Growth/Faces/face_amazon_elite.png	80706	GUID 참조(프리팹 · 표 · 재질)
사용	Assets/BaseResource/Growth/Faces/face_baseball.png	66791	GUID 참조(프리팹 · 표 · 재질)
사용	Assets/BaseResource/Growth/Faces/face_commando_grenade.png	86024	GUID 참조(프리팹 · 표 · 재질)
사용	Assets/BaseResource/Growth/Faces/face_commando_laser.png	88762	GUID 참조(프리팹 · 표 · 재질)
사용	Assets/BaseResource/Growth/Faces/face_commando_mg.png	67552	GUID 참조(프리팹 · 표 · 재질)
사용	Assets/BaseResource/Growth/Faces/face_commando_missile.png	74651	GUID 참조(프리팹 · 표 · 재질)
사용	Assets/BaseResource/Growth/Faces/face_death.png	70449	GUID 참조(프리팹 · 표 · 재질)
사용	Assets/BaseResource/Growth/Faces/face_dragon_blue.png	60320	GUID 참조(프리팹 · 표 · 재질)
사용	Assets/BaseResource/Growth/Faces/face_dragoon.png	73459	GUID 참조(프리팹 · 표 · 재질)
사용	Assets/BaseResource/Growth/Faces/face_gangster.png	63751	GUID 참조(프리팹 · 표 · 재질)
사용	Assets/BaseResource/Growth/Faces/face_guru.png	58868	GUID 참조(프리팹 · 표 · 재질)
사용	Assets/BaseResource/Growth/Faces/face_hopper.png	59076	GUID 참조(프리팹 · 표 · 재질)
사용	Assets/BaseResource/Growth/Faces/face_hopper_smg.png	52223	GUID 참조(프리팹 · 표 · 재질)
사용	Assets/BaseResource/Growth/Faces/face_medium.png	73244	GUID 참조(프리팹 · 표 · 재질)
사용	Assets/BaseResource/Growth/Faces/face_ninja.png	63382	GUID 참조(프리팹 · 표 · 재질)
사용	Assets/BaseResource/Growth/Faces/face_ninja_chain.png	72213	GUID 참조(프리팹 · 표 · 재질)
사용	Assets/BaseResource/Growth/Faces/face_robot.png	56336	GUID 참조(프리팹 · 표 · 재질)
사용	Assets/BaseResource/Growth/Faces/face_salamander.png	74015	GUID 참조(프리팹 · 표 · 재질)
사용	Assets/BaseResource/Growth/Faces/face_snowwoman.png	71702	GUID 참조(프리팹 · 표 · 재질)
사용	Assets/BaseResource/Growth/Faces/face_thug.png	70182	GUID 참조(프리팹 · 표 · 재질)
사용	Assets/BaseResource/Growth/Faces/face_vampire.png	69973	GUID 참조(프리팹 · 표 · 재질)
사용	Assets/BaseResource/Growth/Faces/face_white_wizard.png	76397	GUID 참조(프리팹 · 표 · 재질)
사용	Assets/BaseResource/Growth/Portraits/portrait_amazon.png	141368	GUID 참조(프리팹 · 표 · 재질)
사용	Assets/BaseResource/Growth/Portraits/portrait_amazon_elite.png	138546	GUID 참조(프리팹 · 표 · 재질)
사용	Assets/BaseResource/Growth/Portraits/portrait_baseball.png	148845	GUID 참조(프리팹 · 표 · 재질)
사용	Assets/BaseResource/Growth/Portraits/portrait_commando_grenade.png	164066	GUID 참조(프리팹 · 표 · 재질)
사용	Assets/BaseResource/Growth/Portraits/portrait_commando_laser.png	135053	GUID 참조(프리팹 · 표 · 재질)
사용	Assets/BaseResource/Growth/Portraits/portrait_commando_mg.png	140720	GUID 참조(프리팹 · 표 · 재질)
사용	Assets/BaseResource/Growth/Portraits/portrait_commando_missile.png	163072	GUID 참조(프리팹 · 표 · 재질)
사용	Assets/BaseResource/Growth/Portraits/portrait_death.png	248763	GUID 참조(프리팹 · 표 · 재질)
사용	Assets/BaseResource/Growth/Portraits/portrait_dragon_blue.png	197036	GUID 참조(프리팹 · 표 · 재질)
사용	Assets/BaseResource/Growth/Portraits/portrait_dragoon.png	216362	GUID 참조(프리팹 · 표 · 재질)
사용	Assets/BaseResource/Growth/Portraits/portrait_gangster.png	192556	GUID 참조(프리팹 · 표 · 재질)
사용	Assets/BaseResource/Growth/Portraits/portrait_ghost.png	198492	GUID 참조(프리팹 · 표 · 재질)
사용	Assets/BaseResource/Growth/Portraits/portrait_guru.png	125691	GUID 참조(프리팹 · 표 · 재질)
사용	Assets/BaseResource/Growth/Portraits/portrait_hopper.png	93582	GUID 참조(프리팹 · 표 · 재질)
사용	Assets/BaseResource/Growth/Portraits/portrait_hopper_smg.png	126038	GUID 참조(프리팹 · 표 · 재질)
사용	Assets/BaseResource/Growth/Portraits/portrait_medium.png	187577	GUID 참조(프리팹 · 표 · 재질)
사용	Assets/BaseResource/Growth/Portraits/portrait_ninja.png	182428	GUID 참조(프리팹 · 표 · 재질)
사용	Assets/BaseResource/Growth/Portraits/portrait_ninja_chain.png	186700	GUID 참조(프리팹 · 표 · 재질)
사용	Assets/BaseResource/Growth/Portraits/portrait_robot.png	108797	GUID 참조(프리팹 · 표 · 재질)
사용	Assets/BaseResource/Growth/Portraits/portrait_salamander.png	170862	GUID 참조(프리팹 · 표 · 재질)
사용	Assets/BaseResource/Growth/Portraits/portrait_snowwoman.png	210364	GUID 참조(프리팹 · 표 · 재질)
사용	Assets/BaseResource/Growth/Portraits/portrait_thug.png	200994	GUID 참조(프리팹 · 표 · 재질)
사용	Assets/BaseResource/Growth/Portraits/portrait_vampire.png	173072	GUID 참조(프리팹 · 표 · 재질)
사용	Assets/BaseResource/Growth/Portraits/portrait_white_wizard.png	163228	GUID 참조(프리팹 · 표 · 재질)
사용	Assets/BaseResource/Growth/bar_box_fill.png	4613	GUID 참조(프리팹 · 표 · 재질)
사용	Assets/BaseResource/Growth/bar_box_frame.png	3879	GUID 참조(프리팹 · 표 · 재질)
사용	Assets/BaseResource/Growth/bar_g_fill.png	5670	GUID 참조(프리팹 · 표 · 재질)
사용	Assets/BaseResource/Growth/bar_g_frame.png	5141	GUID 참조(프리팹 · 표 · 재질)
사용	Assets/BaseResource/Growth/bar_h_fill.png	6491	GUID 참조(프리팹 · 표 · 재질)
사용	Assets/BaseResource/Growth/bar_h_frame.png	6686	GUID 참조(프리팹 · 표 · 재질)
사용	Assets/BaseResource/Growth/bg_ghost_full.png	1471156	GUID 참조(프리팹 · 표 · 재질)
사용	Assets/BaseResource/Growth/bg_host.png	879447	GUID 참조(프리팹 · 표 · 재질)
사용	Assets/BaseResource/Growth/bg_skill.png	885694	GUID 참조(프리팹 · 표 · 재질)
사용	Assets/BaseResource/Growth/gold_button.png	10813	GUID 참조(프리팹 · 표 · 재질)
사용	Assets/BaseResource/Growth/help.png	2300	GUID 참조(프리팹 · 표 · 재질)
사용	Assets/BaseResource/Growth/hostcard.png	29666	GUID 참조(프리팹 · 표 · 재질)
사용	Assets/BaseResource/Growth/hostcard_sel.png	31873	GUID 참조(프리팹 · 표 · 재질)
사용	Assets/BaseResource/Growth/icon_atk.png	2794	GUID 참조(프리팹 · 표 · 재질)
사용	Assets/BaseResource/Growth/icon_atkspeed.png	3899	GUID 참조(프리팹 · 표 · 재질)
사용	Assets/BaseResource/Growth/icon_crit.png	5337	GUID 참조(프리팹 · 표 · 재질)
사용	Assets/BaseResource/Growth/icon_critdmg.png	5522	GUID 참조(프리팹 · 표 · 재질)
사용	Assets/BaseResource/Growth/icon_def.png	3827	GUID 참조(프리팹 · 표 · 재질)
사용	Assets/BaseResource/Growth/icon_hp.png	4556	GUID 참조(프리팹 · 표 · 재질)
사용	Assets/BaseResource/Growth/icon_movespeed.png	3126	GUID 참조(프리팹 · 표 · 재질)
사용	Assets/BaseResource/Growth/icon_range.png	2194	GUID 참조(프리팹 · 표 · 재질)
사용	Assets/BaseResource/Growth/line_cyan.png	122	GUID 참조(프리팹 · 표 · 재질)
사용	Assets/BaseResource/Growth/line_gold.png	121	GUID 참조(프리팹 · 표 · 재질)
사용	Assets/BaseResource/Growth/line_grey.png	120	GUID 참조(프리팹 · 표 · 재질)
사용	Assets/BaseResource/Growth/marker.png	3871	GUID 참조(프리팹 · 표 · 재질)
사용	Assets/BaseResource/Growth/nav_bg.png	106487	GUID 참조(프리팹 · 표 · 재질)
사용	Assets/BaseResource/Growth/nav_host_off.png	74978	GUID 참조(프리팹 · 표 · 재질)
사용	Assets/BaseResource/Growth/nav_host_on.png	78379	GUID 참조(프리팹 · 표 · 재질)
사용	Assets/BaseResource/Growth/nav_play_off.png	69518	GUID 참조(프리팹 · 표 · 재질)
사용	Assets/BaseResource/Growth/nav_play_on.png	73855	GUID 참조(프리팹 · 표 · 재질)
사용	Assets/BaseResource/Growth/nav_shop_off.png	73642	GUID 참조(프리팹 · 표 · 재질)
사용	Assets/BaseResource/Growth/nav_shop_on.png	77996	GUID 참조(프리팹 · 표 · 재질)
사용	Assets/BaseResource/Growth/nav_side_l.png	598	GUID 참조(프리팹 · 표 · 재질)
사용	Assets/BaseResource/Growth/nav_side_r.png	582	GUID 참조(프리팹 · 표 · 재질)
사용	Assets/BaseResource/Growth/node_done.png	6246	GUID 참조(프리팹 · 표 · 재질)
사용	Assets/BaseResource/Growth/node_lock.png	6776	GUID 참조(프리팹 · 표 · 재질)
사용	Assets/BaseResource/Growth/node_next.png	7570	GUID 참조(프리팹 · 표 · 재질)
사용	Assets/BaseResource/Growth/page_filler.png	11910	GUID 참조(프리팹 · 표 · 재질)
사용	Assets/BaseResource/Growth/page_side_l.png	5815	GUID 참조(프리팹 · 표 · 재질)
사용	Assets/BaseResource/Growth/page_side_r.png	5954	GUID 참조(프리팹 · 표 · 재질)
사용	Assets/BaseResource/Growth/passive_icon.png	14141	GUID 참조(프리팹 · 표 · 재질)
사용	Assets/BaseResource/Growth/path_box.png	66336	GUID 참조(프리팹 · 표 · 재질)
사용	Assets/BaseResource/Growth/reward_coin.png	3421	GUID 참조(프리팹 · 표 · 재질)
사용	Assets/BaseResource/Growth/reward_flame.png	7482	GUID 참조(프리팹 · 표 · 재질)
사용	Assets/BaseResource/Growth/reward_gem.png	4573	GUID 참조(프리팹 · 표 · 재질)
사용	Assets/BaseResource/Growth/shard_icon.png	3898	GUID 참조(프리팹 · 표 · 재질)
사용	Assets/BaseResource/Growth/skilltab_off.png	20004	GUID 참조(프리팹 · 표 · 재질)
사용	Assets/BaseResource/Growth/skilltab_on.png	20261	GUID 참조(프리팹 · 표 · 재질)
사용	Assets/BaseResource/Growth/slot_star_off.png	1207	GUID 참조(프리팹 · 표 · 재질)
사용	Assets/BaseResource/Growth/slot_star_on.png	1259	GUID 참조(프리팹 · 표 · 재질)
사용	Assets/BaseResource/Growth/star_big_off.png	3871	GUID 참조(프리팹 · 표 · 재질)
사용	Assets/BaseResource/Growth/star_big_on.png	4227	GUID 참조(프리팹 · 표 · 재질)
사용	Assets/BaseResource/Growth/stat_row.png	25434	GUID 참조(프리팹 · 표 · 재질)
사용	Assets/BaseResource/Growth/stattab_off.png	21736	GUID 참조(프리팹 · 표 · 재질)
사용	Assets/BaseResource/Growth/stattab_on.png	20568	GUID 참조(프리팹 · 표 · 재질)
사용	Assets/BaseResource/Growth/tab_ghost_off.png	50264	GUID 참조(프리팹 · 표 · 재질)
사용	Assets/BaseResource/Growth/tab_ghost_on.png	55632	GUID 참조(프리팹 · 표 · 재질)
사용	Assets/BaseResource/Growth/tab_host_off.png	51990	GUID 참조(프리팹 · 표 · 재질)
사용	Assets/BaseResource/Growth/tab_host_on.png	58763	GUID 참조(프리팹 · 표 · 재질)
사용	Assets/BaseResource/Growth/v5/bg_host_v5_full.png	1327949	GUID 참조(프리팹 · 표 · 재질)
사용	Assets/BaseResource/Growth/v5/h5_badge.png	4898	GUID 참조(프리팹 · 표 · 재질)
사용	Assets/BaseResource/Growth/v5/h5_gold_button.png	9245	GUID 참조(프리팹 · 표 · 재질)
사용	Assets/BaseResource/Growth/v5/h5_lock.png	11109	GUID 참조(프리팹 · 표 · 재질)
사용	Assets/BaseResource/Growth/v5/h5_row.png	19891	GUID 참조(프리팹 · 표 · 재질)
사용	Assets/BaseResource/Growth/v5/h5_sort.png	7891	GUID 참조(프리팹 · 표 · 재질)
사용	Assets/BaseResource/Growth/v5/h5_starup_button.png	17763	GUID 참조(프리팹 · 표 · 재질)
사용	Assets/BaseResource/Growth/v5/h5_starup_window.png	690869	GUID 참조(프리팹 · 표 · 재질)
사용	Assets/BaseResource/Growth/v5/h5_tag_active.png	11019	GUID 참조(프리팹 · 표 · 재질)
사용	Assets/BaseResource/Growth/v5/h5_tag_passive.png	7998	GUID 참조(프리팹 · 표 · 재질)
사용	Assets/BaseResource/HostSelectPanel/arrowicon.png	1189	GUID 참조(프리팹 · 표 · 재질)
사용	Assets/BaseResource/HostSelectPanel/ghostarrowchevron.png	1189	GUID 참조(프리팹 · 표 · 재질)
사용	Assets/BaseResource/HostSelectPanel/ghostarrowsprite.png	1529	GUID 참조(프리팹 · 표 · 재질)
사용	Assets/BaseResource/HostSelectPanel/headerghostdeco.png	9161	GUID 참조(프리팹 · 표 · 재질)
사용	Assets/BaseResource/HostSelectPanel/headerportaldeco.png	8910	GUID 참조(프리팹 · 표 · 재질)
사용	Assets/BaseResource/HostSelectPanel/hostdetailframe.png	188960	GUID 참조(프리팹 · 표 · 재질)
사용	Assets/BaseResource/HostSelectPanel/hostdetaillockicon.png	5811	GUID 참조(프리팹 · 표 · 재질)
사용	Assets/BaseResource/HostSelectPanel/hostlisttitle.png	7881	GUID 참조(프리팹 · 표 · 재질)
사용	Assets/BaseResource/HostSelectPanel/hostportalpedestal.png	4567	GUID 참조(프리팹 · 표 · 재질)
사용	Assets/BaseResource/HostSelectPanel/hostportraitimage_ninja.png	1352	아틀라스 hostselectpanel.spriteatlasv2 · 이름 직접
사용	Assets/BaseResource/HostSelectPanel/hostportraitimage_robot.png	1482	아틀라스 hostselectpanel.spriteatlasv2 · 이름 직접
사용	Assets/BaseResource/HostSelectPanel/hostportraitimage_snowwoman.png	1476	아틀라스 hostselectpanel.spriteatlasv2 · 이름 직접
사용	Assets/BaseResource/HostSelectPanel/hostportraitimage_vampire.png	1526	아틀라스 hostselectpanel.spriteatlasv2 · 이름 직접
사용	Assets/BaseResource/HostSelectPanel/hostselectbackground.png	611550	GUID 참조(프리팹 · 표 · 재질)
사용	Assets/BaseResource/HostSelectPanel/hostslotframe.png	12560	GUID 참조(프리팹 · 표 · 재질)
사용	Assets/BaseResource/HostSelectPanel/hostslotframe_locked.png	14774	아틀라스 hostselectpanel.spriteatlasv2 · 이름 직접
사용	Assets/BaseResource/HostSelectPanel/hostslotframe_selected.png	9409	아틀라스 hostselectpanel.spriteatlasv2 · 이름 직접
사용	Assets/BaseResource/HostSelectPanel/hostslotlockicon.png	1183	GUID 참조(프리팹 · 표 · 재질)
사용	Assets/BaseResource/HostSelectPanel/hostslotportrait_ninja.png	1352	아틀라스 hostselectpanel.spriteatlasv2 · 이름 직접
사용	Assets/BaseResource/HostSelectPanel/hostslotportrait_robot.png	1482	아틀라스 hostselectpanel.spriteatlasv2 · 이름 직접
사용	Assets/BaseResource/HostSelectPanel/hostslotportrait_snowwoman.png	1476	아틀라스 hostselectpanel.spriteatlasv2 · 이름 직접
사용	Assets/BaseResource/HostSelectPanel/hostslotportrait_vampire.png	1526	아틀라스 hostselectpanel.spriteatlasv2 · 이름 직접
사용	Assets/BaseResource/HostSelectPanel/hostslotselectmarker.png	786	GUID 참조(프리팹 · 표 · 재질)
사용	Assets/BaseResource/HostSelectPanel/hostupgradebutton.png	7278	GUID 참조(프리팹 · 표 · 재질)
사용	Assets/BaseResource/HostSelectPanel/hostupgradeicon.png	969	GUID 참조(프리팹 · 표 · 재질)
사용	Assets/BaseResource/HostSelectPanel/icon_ghosthp.png	361	GUID 참조(프리팹 · 표 · 재질)
사용	Assets/BaseResource/HostSelectPanel/icon_lv.png	329	GUID 참조(프리팹 · 표 · 재질)
사용	Assets/BaseResource/HostSelectPanel/icon_seal.png	240	GUID 참조(프리팹 · 표 · 재질)
사용	Assets/BaseResource/HostSelectPanel/icon_shard.png	410	GUID 참조(프리팹 · 표 · 재질)
사용	Assets/BaseResource/HostSelectPanel/ownedhostchesticon.png	1722	GUID 참조(프리팹 · 표 · 재질)
사용	Assets/BaseResource/HostSelectPanel/passiveicon_amazon_elite.png	489	GUID 참조(프리팹 · 표 · 재질)
사용	Assets/BaseResource/HostSelectPanel/passiveicon_baseball.png	389	GUID 참조(프리팹 · 표 · 재질)
사용	Assets/BaseResource/HostSelectPanel/passiveicon_death.png	519	GUID 참조(프리팹 · 표 · 재질)
사용	Assets/BaseResource/HostSelectPanel/passiveicon_dragon_blue.png	460	GUID 참조(프리팹 · 표 · 재질)
사용	Assets/BaseResource/HostSelectPanel/passiveicon_hopper.png	403	GUID 참조(프리팹 · 표 · 재질)
사용	Assets/BaseResource/HostSelectPanel/passiveicon_hopper_smg.png	384	GUID 참조(프리팹 · 표 · 재질)
사용	Assets/BaseResource/HostSelectPanel/passiveicon_robot.png	410	GUID 참조(프리팹 · 표 · 재질)
사용	Assets/BaseResource/HostSelectPanel/passiveicon_salamander.png	442	GUID 참조(프리팹 · 표 · 재질)
사용	Assets/BaseResource/HostSelectPanel/passiveicon_snowwoman.png	492	GUID 참조(프리팹 · 표 · 재질)
사용	Assets/BaseResource/HostSelectPanel/passiveicon_vampire.png	418	GUID 참조(프리팹 · 표 · 재질)
사용	Assets/BaseResource/HostSelectPanel/passiveicon_white_wizard.png	555	GUID 참조(프리팹 · 표 · 재질)
사용	Assets/BaseResource/HostSelectPanel/passiveskillcard.png	741	아틀라스 hostselectpanel.spriteatlasv2 · 이름 직접
사용	Assets/BaseResource/HostSelectPanel/possessghosticon.png	3462	GUID 참조(프리팹 · 표 · 재질)
사용	Assets/BaseResource/HostSelectPanel/possessstartbutton.png	6075	GUID 참조(프리팹 · 표 · 재질)
사용	Assets/BaseResource/HostSelectPanel/shardbarbg.png	178	GUID 참조(프리팹 · 표 · 재질)
사용	Assets/BaseResource/HostSelectPanel/shardbarfill.png	176	GUID 참조(프리팹 · 표 · 재질)
사용	Assets/BaseResource/HostSelectPanel/statbarbg.png	203	GUID 참조(프리팹 · 표 · 재질)
사용	Assets/BaseResource/HostSelectPanel/statbarfill.png	1449	GUID 참조(프리팹 · 표 · 재질)
사용	Assets/BaseResource/HostSelectPanel/staticon_atk.png	689	GUID 참조(프리팹 · 표 · 재질)
사용	Assets/BaseResource/HostSelectPanel/staticon_crit.png	488	GUID 참조(프리팹 · 표 · 재질)
사용	Assets/BaseResource/HostSelectPanel/staticon_dash.png	945	아틀라스 hostselectpanel.spriteatlasv2 · 이름 직접
사용	Assets/BaseResource/HostSelectPanel/staticon_def.png	251	GUID 참조(프리팹 · 표 · 재질)
사용	Assets/BaseResource/HostSelectPanel/staticon_hp.png	614	GUID 참조(프리팹 · 표 · 재질)
사용	Assets/BaseResource/HostSelectPanel/staticon_rate.png	293	GUID 참조(프리팹 · 표 · 재질)
사용	Assets/BaseResource/HostSelectPanel/staticon_rng.png	320	GUID 참조(프리팹 · 표 · 재질)
사용	Assets/BaseResource/HostSelectPanel/staticon_spd.png	900	GUID 참조(프리팹 · 표 · 재질)
사용	Assets/BaseResource/HostSelectPanel/tipbar.png	45397	GUID 참조(프리팹 · 표 · 재질)
사용	Assets/BaseResource/HostSelectPanel/tipicon.png	580	GUID 참조(프리팹 · 표 · 재질)
사용	Assets/BaseResource/HostSelectPanel/ultimatecard.png	22091	아틀라스 hostselectpanel.spriteatlasv2 · 이름 직접
사용	Assets/BaseResource/HostSelectPanel/ultimateicon_amazon.png	7329	GUID 참조(프리팹 · 표 · 재질)
사용	Assets/BaseResource/HostSelectPanel/ultimateicon_amazon_elite.png	4790	GUID 참조(프리팹 · 표 · 재질)
사용	Assets/BaseResource/HostSelectPanel/ultimateicon_baseball.png	3189	GUID 참조(프리팹 · 표 · 재질)
사용	Assets/BaseResource/HostSelectPanel/ultimateicon_commando_grenade.png	2210	GUID 참조(프리팹 · 표 · 재질)
사용	Assets/BaseResource/HostSelectPanel/ultimateicon_commando_laser.png	1929	GUID 참조(프리팹 · 표 · 재질)
사용	Assets/BaseResource/HostSelectPanel/ultimateicon_commando_mg.png	2576	GUID 참조(프리팹 · 표 · 재질)
사용	Assets/BaseResource/HostSelectPanel/ultimateicon_commando_missile.png	1616	GUID 참조(프리팹 · 표 · 재질)
사용	Assets/BaseResource/HostSelectPanel/ultimateicon_death.png	1804	GUID 참조(프리팹 · 표 · 재질)
사용	Assets/BaseResource/HostSelectPanel/ultimateicon_dragon_blue.png	2212	GUID 참조(프리팹 · 표 · 재질)
사용	Assets/BaseResource/HostSelectPanel/ultimateicon_dragoon.png	2739	GUID 참조(프리팹 · 표 · 재질)
사용	Assets/BaseResource/HostSelectPanel/ultimateicon_gangster.png	1931	GUID 참조(프리팹 · 표 · 재질)
사용	Assets/BaseResource/HostSelectPanel/ultimateicon_guru.png	2955	GUID 참조(프리팹 · 표 · 재질)
사용	Assets/BaseResource/HostSelectPanel/ultimateicon_hopper.png	2485	GUID 참조(프리팹 · 표 · 재질)
사용	Assets/BaseResource/HostSelectPanel/ultimateicon_hopper_smg.png	2538	GUID 참조(프리팹 · 표 · 재질)
사용	Assets/BaseResource/HostSelectPanel/ultimateicon_medium.png	3412	GUID 참조(프리팹 · 표 · 재질)
사용	Assets/BaseResource/HostSelectPanel/ultimateicon_ninja.png	2598	GUID 참조(프리팹 · 표 · 재질)
사용	Assets/BaseResource/HostSelectPanel/ultimateicon_ninja_chain.png	7044	GUID 참조(프리팹 · 표 · 재질)
사용	Assets/BaseResource/HostSelectPanel/ultimateicon_robot.png	3591	GUID 참조(프리팹 · 표 · 재질)
사용	Assets/BaseResource/HostSelectPanel/ultimateicon_salamander.png	1505	GUID 참조(프리팹 · 표 · 재질)
사용	Assets/BaseResource/HostSelectPanel/ultimateicon_snowwoman.png	3895	GUID 참조(프리팹 · 표 · 재질)
사용	Assets/BaseResource/HostSelectPanel/ultimateicon_thug.png	2591	GUID 참조(프리팹 · 표 · 재질)
사용	Assets/BaseResource/HostSelectPanel/ultimateicon_vampire.png	4359	GUID 참조(프리팹 · 표 · 재질)
사용	Assets/BaseResource/HostSelectPanel/ultimateicon_white_wizard.png	2361	GUID 참조(프리팹 · 표 · 재질)
사용	Assets/BaseResource/InGameMainUI/bosshpbarbg.png	158	GUID 참조(프리팹 · 표 · 재질)
사용	Assets/BaseResource/InGameMainUI/bosshpbarfill.png	102	GUID 참조(프리팹 · 표 · 재질)
사용	Assets/BaseResource/InGameMainUI/dpadbase.png	31635	아틀라스 ingamemainui.spriteatlasv2 · 이름 직접
사용	Assets/BaseResource/InGameMainUI/dpadknob.png	12580	아틀라스 ingamemainui.spriteatlasv2 · 이름 직접
사용	Assets/BaseResource/InGameMainUI/eventacceptbutton.png	96833	GUID 참조(프리팹 · 표 · 재질)
사용	Assets/BaseResource/InGameMainUI/eventcostpill.png	10733	GUID 참조(프리팹 · 표 · 재질)
사용	Assets/BaseResource/InGameMainUI/eventdeclinebutton.png	48552	GUID 참조(프리팹 · 표 · 재질)
사용	Assets/BaseResource/InGameMainUI/eventframe.png	771984	GUID 참조(프리팹 · 표 · 재질)
사용	Assets/BaseResource/InGameMainUI/eventrewardpill.png	13859	GUID 참조(프리팹 · 표 · 재질)
사용	Assets/BaseResource/InGameMainUI/exitgate_closed.png	64022	아틀라스 ingamemainui.spriteatlasv2 · 이름 직접
사용	Assets/BaseResource/InGameMainUI/exitgate_open.png	61740	아틀라스 ingamemainui.spriteatlasv2 · 이름 직접
사용	Assets/BaseResource/InGameMainUI/exitgate_open1.png	66644	아틀라스 ingamemainui.spriteatlasv2 · 이름 직접
사용	Assets/BaseResource/InGameMainUI/exitgate_open2.png	67092	아틀라스 ingamemainui.spriteatlasv2 · 이름 직접
사용	Assets/BaseResource/InGameMainUI/exitportal.png	8910	아틀라스 ingamemainui.spriteatlasv2 · 이름 직접
사용	Assets/BaseResource/InGameMainUI/expbarbg.png	152	아틀라스 ingamemainui.spriteatlasv2 · 이름 직접
사용	Assets/BaseResource/InGameMainUI/expbarfill.png	99	아틀라스 ingamemainui.spriteatlasv2 · 이름 직접
사용	Assets/BaseResource/InGameMainUI/field.png	1320	아틀라스 ingamemainui.spriteatlasv2 · 이름 직접
사용	Assets/BaseResource/InGameMainUI/field_burn.png	19598	아틀라스 ingamemainui.spriteatlasv2 · 이름 직접
사용	Assets/BaseResource/InGameMainUI/field_curse.png	21423	아틀라스 ingamemainui.spriteatlasv2 · 이름 직접
사용	Assets/BaseResource/InGameMainUI/field_damage.png	18649	아틀라스 ingamemainui.spriteatlasv2 · 이름 직접
사용	Assets/BaseResource/InGameMainUI/field_freeze.png	19463	아틀라스 ingamemainui.spriteatlasv2 · 이름 직접
사용	Assets/BaseResource/InGameMainUI/field_slow.png	21100	아틀라스 ingamemainui.spriteatlasv2 · 이름 직접
사용	Assets/BaseResource/InGameMainUI/field_sludge.png	21275	아틀라스 ingamemainui.spriteatlasv2 · 이름 직접
사용	Assets/BaseResource/InGameMainUI/field_venom.png	2259	아틀라스 ingamemainui.spriteatlasv2 · 이름 직접
사용	Assets/BaseResource/InGameMainUI/fx_breath_fire_1.png	8834	아틀라스 ingamemainui.spriteatlasv2 · 이름 직접
사용	Assets/BaseResource/InGameMainUI/fx_breath_fire_2.png	15309	아틀라스 ingamemainui.spriteatlasv2 · 이름 직접
사용	Assets/BaseResource/InGameMainUI/fx_breath_fire_3.png	20938	아틀라스 ingamemainui.spriteatlasv2 · 이름 직접
사용	Assets/BaseResource/InGameMainUI/fx_breath_fire_4.png	15456	아틀라스 ingamemainui.spriteatlasv2 · 이름 직접
사용	Assets/BaseResource/InGameMainUI/fx_danger_hatch.png	336	아틀라스 ingamemainui.spriteatlasv2 · 이름 직접
사용	Assets/BaseResource/InGameMainUI/fx_firefield_1.png	13216	아틀라스 ingamemainui.spriteatlasv2 · 이름 직접
사용	Assets/BaseResource/InGameMainUI/fx_firefield_2.png	13380	아틀라스 ingamemainui.spriteatlasv2 · 이름 직접
사용	Assets/BaseResource/InGameMainUI/fx_firefield_3.png	13111	아틀라스 ingamemainui.spriteatlasv2 · 이름 직접
사용	Assets/BaseResource/InGameMainUI/fx_firefield_4.png	12609	아틀라스 ingamemainui.spriteatlasv2 · 이름 직접
사용	Assets/BaseResource/InGameMainUI/fx_golem_dust.png	30368	아틀라스 ingamemainui.spriteatlasv2 · 이름 직접
사용	Assets/BaseResource/InGameMainUI/fx_golem_ring.png	40952	아틀라스 ingamemainui.spriteatlasv2 · 이름 직접
사용	Assets/BaseResource/InGameMainUI/fx_rush_chevron.png	3799	아틀라스 ingamemainui.spriteatlasv2 · 이름 직접
사용	Assets/BaseResource/InGameMainUI/fx_rush_dust_1.png	1477	아틀라스 ingamemainui.spriteatlasv2 · 이름 직접
사용	Assets/BaseResource/InGameMainUI/fx_rush_dust_2.png	3505	아틀라스 ingamemainui.spriteatlasv2 · 이름 직접
사용	Assets/BaseResource/InGameMainUI/fx_rush_dust_3.png	5307	아틀라스 ingamemainui.spriteatlasv2 · 이름 직접
사용	Assets/BaseResource/InGameMainUI/fx_rush_dust_4.png	2456	아틀라스 ingamemainui.spriteatlasv2 · 이름 직접
사용	Assets/BaseResource/InGameMainUI/fx_safe_hatch.png	332	아틀라스 ingamemainui.spriteatlasv2 · 이름 직접
사용	Assets/BaseResource/InGameMainUI/fx_shield_bubble.png	9137	아틀라스 ingamemainui.spriteatlasv2 · 이름 직접
사용	Assets/BaseResource/InGameMainUI/fx_spotbeam.png	112332	아틀라스 ingamemainui.spriteatlasv2 · 이름 직접
사용	Assets/BaseResource/InGameMainUI/fx_ward_1.png	5910	아틀라스 ingamemainui.spriteatlasv2 · 이름 직접
사용	Assets/BaseResource/InGameMainUI/gemicon.png	2834	아틀라스 ingamemainui.spriteatlasv2 · 이름 직접
사용	Assets/BaseResource/InGameMainUI/ghosthpbarbg.png	165	GUID 참조(프리팹 · 표 · 재질)
사용	Assets/BaseResource/InGameMainUI/ghosthpbarfill.png	102	아틀라스 ingamemainui.spriteatlasv2 · 이름 직접
사용	Assets/BaseResource/InGameMainUI/ghosthudicon.png	3206	GUID 참조(프리팹 · 표 · 재질)
사용	Assets/BaseResource/InGameMainUI/goldicon.png	3994	아틀라스 ingamemainui.spriteatlasv2 · 이름 직접
사용	Assets/BaseResource/InGameMainUI/hosthpbarbg.png	152	GUID 참조(프리팹 · 표 · 재질)
사용	Assets/BaseResource/InGameMainUI/hosthpbarfill.png	99	아틀라스 ingamemainui.spriteatlasv2 · 이름 직접
사용	Assets/BaseResource/InGameMainUI/hostportraitframe.png	3845	아틀라스 ingamemainui.spriteatlasv2 · 이름 직접
사용	Assets/BaseResource/InGameMainUI/hostshieldfill.png	129	아틀라스 ingamemainui.spriteatlasv2 · 이름 직접
사용	Assets/BaseResource/InGameMainUI/hud3/hud3_aff_ring.png	32958	GUID 참조(프리팹 · 표 · 재질)
사용	Assets/BaseResource/InGameMainUI/hud3/hud3_fill_cyan.png	9115	GUID 참조(프리팹 · 표 · 재질)
사용	Assets/BaseResource/InGameMainUI/hud3/hud3_fill_purple.png	8002	GUID 참조(프리팹 · 표 · 재질)
사용	Assets/BaseResource/InGameMainUI/hud3/hud3_fill_red.png	8187	GUID 참조(프리팹 · 표 · 재질)
사용	Assets/BaseResource/InGameMainUI/hud3/hud3_ghost_pill.png	83465	GUID 참조(프리팹 · 표 · 재질)
사용	Assets/BaseResource/InGameMainUI/hud3/hud3_gold_chip.png	26897	GUID 참조(프리팹 · 표 · 재질)
사용	Assets/BaseResource/InGameMainUI/hud3/hud3_host_empty_bar.png	15129	GUID 참조(프리팹 · 표 · 재질)
사용	Assets/BaseResource/InGameMainUI/hud3/hud3_host_empty_face.png	19059	GUID 참조(프리팹 · 표 · 재질)
사용	Assets/BaseResource/InGameMainUI/hud3/hud3_host_pill.png	84317	GUID 참조(프리팹 · 표 · 재질)
사용	Assets/BaseResource/InGameMainUI/hud3/hud3_pad_base.png	94002	GUID 참조(프리팹 · 표 · 재질)
사용	Assets/BaseResource/InGameMainUI/hud3/hud3_pad_knob.png	13113	GUID 참조(프리팹 · 표 · 재질)
사용	Assets/BaseResource/InGameMainUI/hud3/hud3_pause.png	18944	GUID 참조(프리팹 · 표 · 재질)
사용	Assets/BaseResource/InGameMainUI/hud3/hud3_possess_frame.png	59500	GUID 참조(프리팹 · 표 · 재질)
사용	Assets/BaseResource/InGameMainUI/hud3/hud3_skill_empty.png	63690	GUID 참조(프리팹 · 표 · 재질)
사용	Assets/BaseResource/InGameMainUI/hud3/hud3_skill_frame.png	65617	GUID 참조(프리팹 · 표 · 재질)
사용	Assets/BaseResource/InGameMainUI/hud3/hud3_stage_track.png	7773	GUID 참조(프리팹 · 표 · 재질)
사용	Assets/BaseResource/InGameMainUI/hud_action_frame_v2.png	37058	GUID 참조(프리팹 · 표 · 재질)
사용	Assets/BaseResource/InGameMainUI/hud_boss_plate_v3.png	74044	GUID 참조(프리팹 · 표 · 재질)
사용	Assets/BaseResource/InGameMainUI/hud_cell_frame.png	2835	GUID 참조(프리팹 · 표 · 재질)
사용	Assets/BaseResource/InGameMainUI/hud_host_frame.png	10583	GUID 참조(프리팹 · 표 · 재질)
사용	Assets/BaseResource/InGameMainUI/hud_panel_frame.png	14150	GUID 참조(프리팹 · 표 · 재질)
사용	Assets/BaseResource/InGameMainUI/hudbackdrop.png	165291	아틀라스 ingamemainui.spriteatlasv2 · 이름 직접
사용	Assets/BaseResource/InGameMainUI/hudbackdrop_v2.png	149030	GUID 참조(프리팹 · 표 · 재질)
사용	Assets/BaseResource/InGameMainUI/levelupframe.png	1010905	GUID 참조(프리팹 · 표 · 재질)
사용	Assets/BaseResource/InGameMainUI/maintainbarbg.png	152	아틀라스 ingamemainui.spriteatlasv2 · 이름 직접
사용	Assets/BaseResource/InGameMainUI/maintainbarfill.png	98	아틀라스 ingamemainui.spriteatlasv2 · 이름 직접
사용	Assets/BaseResource/InGameMainUI/obj_arc_emitter_off.png	7483	아틀라스 ingamemainui.spriteatlasv2 · 이름 직접
사용	Assets/BaseResource/InGameMainUI/obj_arc_emitter_on.png	7660	아틀라스 ingamemainui.spriteatlasv2 · 이름 직접
사용	Assets/BaseResource/InGameMainUI/obj_arc_rail.png	7550	아틀라스 ingamemainui.spriteatlasv2 · 이름 직접
사용	Assets/BaseResource/InGameMainUI/obj_barrel.png	13350	아틀라스 ingamemainui.spriteatlasv2 · 이름 직접
사용	Assets/BaseResource/InGameMainUI/obj_block_1.png	15340	아틀라스 ingamemainui.spriteatlasv2 · 이름 직접
사용	Assets/BaseResource/InGameMainUI/obj_crusher_ball.png	3640	아틀라스 ingamemainui.spriteatlasv2 · 이름 직접
사용	Assets/BaseResource/InGameMainUI/obj_crusher_chain.png	594	아틀라스 ingamemainui.spriteatlasv2 · 이름 직접
사용	Assets/BaseResource/InGameMainUI/obj_devil_altar.png	178229	아틀라스 ingamemainui.spriteatlasv2 · 이름 직접
사용	Assets/BaseResource/InGameMainUI/obj_drop_debris.png	26023	아틀라스 ingamemainui.spriteatlasv2 · 이름 직접
사용	Assets/BaseResource/InGameMainUI/obj_drop_rubble.png	17514	아틀라스 ingamemainui.spriteatlasv2 · 이름 직접
사용	Assets/BaseResource/InGameMainUI/obj_drop_shadow.png	3685	아틀라스 ingamemainui.spriteatlasv2 · 이름 직접
사용	Assets/BaseResource/InGameMainUI/obj_flamejet_e.png	10060	아틀라스 ingamemainui.spriteatlasv2 · 이름 직접
사용	Assets/BaseResource/InGameMainUI/obj_flamejet_s.png	15624	아틀라스 ingamemainui.spriteatlasv2 · 이름 직접
사용	Assets/BaseResource/InGameMainUI/obj_flamejet_w.png	10044	아틀라스 ingamemainui.spriteatlasv2 · 이름 직접
사용	Assets/BaseResource/InGameMainUI/obj_gantry_bracket.png	8836	아틀라스 ingamemainui.spriteatlasv2 · 이름 직접
사용	Assets/BaseResource/InGameMainUI/obj_gantry_chain.png	958	아틀라스 ingamemainui.spriteatlasv2 · 이름 직접
사용	Assets/BaseResource/InGameMainUI/obj_gantry_rail.png	7827	아틀라스 ingamemainui.spriteatlasv2 · 이름 직접
사용	Assets/BaseResource/InGameMainUI/obj_gantry_shadow.png	4704	아틀라스 ingamemainui.spriteatlasv2 · 이름 직접
사용	Assets/BaseResource/InGameMainUI/obj_gantry_trolley.png	8067	아틀라스 ingamemainui.spriteatlasv2 · 이름 직접
사용	Assets/BaseResource/InGameMainUI/obj_gantry_weight.png	28360	아틀라스 ingamemainui.spriteatlasv2 · 이름 직접
사용	Assets/BaseResource/InGameMainUI/obj_hammer.png	6687	아틀라스 ingamemainui.spriteatlasv2 · 이름 직접
사용	Assets/BaseResource/InGameMainUI/obj_hammer_chain.png	378	아틀라스 ingamemainui.spriteatlasv2 · 이름 직접
사용	Assets/BaseResource/InGameMainUI/obj_heal_shrine.png	178030	아틀라스 ingamemainui.spriteatlasv2 · 이름 직접
사용	Assets/BaseResource/InGameMainUI/obj_laser_beam.png	46050	아틀라스 ingamemainui.spriteatlasv2 · 이름 직접
사용	Assets/BaseResource/InGameMainUI/obj_laser_crack.png	39356	아틀라스 ingamemainui.spriteatlasv2 · 이름 직접
사용	Assets/BaseResource/InGameMainUI/obj_mark_devil.png	8741	아틀라스 ingamemainui.spriteatlasv2 · 이름 직접
사용	Assets/BaseResource/InGameMainUI/obj_mine.png	5018	아틀라스 ingamemainui.spriteatlasv2 · 이름 직접
사용	Assets/BaseResource/InGameMainUI/obj_oneway_arrow.png	3330	아틀라스 ingamemainui.spriteatlasv2 · 이름 직접
사용	Assets/BaseResource/InGameMainUI/obj_oneway_bars.png	19131	아틀라스 ingamemainui.spriteatlasv2 · 이름 직접
사용	Assets/BaseResource/InGameMainUI/obj_oneway_frame.png	11415	아틀라스 ingamemainui.spriteatlasv2 · 이름 직접
사용	Assets/BaseResource/InGameMainUI/obj_oneway_lock.png	2413	아틀라스 ingamemainui.spriteatlasv2 · 이름 직접
사용	Assets/BaseResource/InGameMainUI/obj_piston_body_off.png	10578	아틀라스 ingamemainui.spriteatlasv2 · 이름 직접
사용	Assets/BaseResource/InGameMainUI/obj_piston_body_warn.png	10597	아틀라스 ingamemainui.spriteatlasv2 · 이름 직접
사용	Assets/BaseResource/InGameMainUI/obj_piston_head.png	6879	아틀라스 ingamemainui.spriteatlasv2 · 이름 직접
사용	Assets/BaseResource/InGameMainUI/obj_piston_shaft.png	9089	아틀라스 ingamemainui.spriteatlasv2 · 이름 직접
사용	Assets/BaseResource/InGameMainUI/obj_python_body_1.png	11031	아틀라스 ingamemainui.spriteatlasv2 · 이름 직접
사용	Assets/BaseResource/InGameMainUI/obj_python_body_2.png	11276	아틀라스 ingamemainui.spriteatlasv2 · 이름 직접
사용	Assets/BaseResource/InGameMainUI/obj_python_neck_1.png	373	아틀라스 ingamemainui.spriteatlasv2 · 이름 직접
사용	Assets/BaseResource/InGameMainUI/obj_python_neck_2.png	372	아틀라스 ingamemainui.spriteatlasv2 · 이름 직접
사용	Assets/BaseResource/InGameMainUI/obj_python_neck_3.png	373	아틀라스 ingamemainui.spriteatlasv2 · 이름 직접
사용	Assets/BaseResource/InGameMainUI/obj_rail_bed_h.png	50775	아틀라스 ingamemainui.spriteatlasv2 · 이름 직접
사용	Assets/BaseResource/InGameMainUI/obj_rail_bed_v.png	47915	아틀라스 ingamemainui.spriteatlasv2 · 이름 직접
사용	Assets/BaseResource/InGameMainUI/obj_rail_stop.png	7692	아틀라스 ingamemainui.spriteatlasv2 · 이름 직접
사용	Assets/BaseResource/InGameMainUI/obj_robot_snakes_beam.png	3264	아틀라스 ingamemainui.spriteatlasv2 · 이름 직접
사용	Assets/BaseResource/InGameMainUI/obj_rock.png	14624	아틀라스 ingamemainui.spriteatlasv2 · 이름 직접
사용	Assets/BaseResource/InGameMainUI/obj_shield_gen_1.png	11444	아틀라스 ingamemainui.spriteatlasv2 · 이름 직접
사용	Assets/BaseResource/InGameMainUI/obj_shield_gen_2.png	7810	아틀라스 ingamemainui.spriteatlasv2 · 이름 직접
사용	Assets/BaseResource/InGameMainUI/obj_shop_stall.png	205677	아틀라스 ingamemainui.spriteatlasv2 · 이름 직접
사용	Assets/BaseResource/InGameMainUI/obj_slow_pool.png	25637	아틀라스 ingamemainui.spriteatlasv2 · 이름 직접
사용	Assets/BaseResource/InGameMainUI/obj_switch_1.png	10808	아틀라스 ingamemainui.spriteatlasv2 · 이름 직접
사용	Assets/BaseResource/InGameMainUI/obj_switch_2.png	10389	아틀라스 ingamemainui.spriteatlasv2 · 이름 직접
사용	Assets/BaseResource/InGameMainUI/obj_turret.png	2253	아틀라스 ingamemainui.spriteatlasv2 · 이름 직접
사용	Assets/BaseResource/InGameMainUI/obj_wallturret_e.png	11684	아틀라스 ingamemainui.spriteatlasv2 · 이름 직접
사용	Assets/BaseResource/InGameMainUI/obj_wallturret_s.png	16247	아틀라스 ingamemainui.spriteatlasv2 · 이름 직접
사용	Assets/BaseResource/InGameMainUI/obj_wallturret_w.png	11576	아틀라스 ingamemainui.spriteatlasv2 · 이름 직접
사용	Assets/BaseResource/InGameMainUI/pausebutton.png	6858	아틀라스 ingamemainui.spriteatlasv2 · 이름 직접
사용	Assets/BaseResource/InGameMainUI/possessbutton.png	49451	아틀라스 ingamemainui.spriteatlasv2 · 이름 직접
사용	Assets/BaseResource/InGameMainUI/possessbutton_glow.png	35463	GUID 참조(프리팹 · 표 · 재질)
사용	Assets/BaseResource/InGameMainUI/possessicon_enter.png	6972	아틀라스 ingamemainui.spriteatlasv2 · 이름 직접
사용	Assets/BaseResource/InGameMainUI/possessicon_leave.png	7086	아틀라스 ingamemainui.spriteatlasv2 · 이름 직접
사용	Assets/BaseResource/InGameMainUI/possessmark_arrow.png	234	아틀라스 ingamemainui.spriteatlasv2 · 이름 직접
사용	Assets/BaseResource/InGameMainUI/range_ring.png	47677	아틀라스 ingamemainui.spriteatlasv2 · 이름 직접
사용	Assets/BaseResource/InGameMainUI/rps_down.png	4109	아틀라스 ingamemainui.spriteatlasv2 · 이름 직접
사용	Assets/BaseResource/InGameMainUI/rps_gem_blade.png	18614	아틀라스 ingamemainui.spriteatlasv2 · 이름 직접
사용	Assets/BaseResource/InGameMainUI/rps_gem_force.png	19270	아틀라스 ingamemainui.spriteatlasv2 · 이름 직접
사용	Assets/BaseResource/InGameMainUI/rps_gem_magic.png	19201	아틀라스 ingamemainui.spriteatlasv2 · 이름 직접
사용	Assets/BaseResource/InGameMainUI/rps_take.png	3471	아틀라스 ingamemainui.spriteatlasv2 · 이름 직접
사용	Assets/BaseResource/InGameMainUI/rps_tri_blade.png	133950	아틀라스 ingamemainui.spriteatlasv2 · 이름 직접
사용	Assets/BaseResource/InGameMainUI/rps_tri_force.png	148638	아틀라스 ingamemainui.spriteatlasv2 · 이름 직접
사용	Assets/BaseResource/InGameMainUI/rps_tri_magic.png	135655	아틀라스 ingamemainui.spriteatlasv2 · 이름 직접
사용	Assets/BaseResource/InGameMainUI/rps_up.png	3944	아틀라스 ingamemainui.spriteatlasv2 · 이름 직접
사용	Assets/BaseResource/InGameMainUI/shop_ally.png	12331	아틀라스 ingamemainui.spriteatlasv2 · 이름 직접
사용	Assets/BaseResource/InGameMainUI/shop_bomb.png	11925	아틀라스 ingamemainui.spriteatlasv2 · 이름 직접
사용	Assets/BaseResource/InGameMainUI/shop_freeze.png	13071	아틀라스 ingamemainui.spriteatlasv2 · 이름 직접
사용	Assets/BaseResource/InGameMainUI/shop_heal.png	10985	아틀라스 ingamemainui.spriteatlasv2 · 이름 직접
사용	Assets/BaseResource/InGameMainUI/shopframe.png	713482	GUID 참조(프리팹 · 표 · 재질)
사용	Assets/BaseResource/InGameMainUI/shopgoldpill.png	10215	GUID 참조(프리팹 · 표 · 재질)
사용	Assets/BaseResource/InGameMainUI/shopitemslot.png	29661	GUID 참조(프리팹 · 표 · 재질)
사용	Assets/BaseResource/InGameMainUI/shopitemslot_off.png	24236	아틀라스 ingamemainui.spriteatlasv2 · 이름 직접
사용	Assets/BaseResource/InGameMainUI/shopleavebutton.png	28439	GUID 참조(프리팹 · 표 · 재질)
사용	Assets/BaseResource/InGameMainUI/shot.png	117	아틀라스 ingamemainui.spriteatlasv2 · 이름 직접
사용	Assets/BaseResource/InGameMainUI/shot_1.png	117	아틀라스 ingamemainui.spriteatlasv2 · 이름 직접
사용	Assets/BaseResource/InGameMainUI/shrine_atk.png	12565	아틀라스 ingamemainui.spriteatlasv2 · 이름 직접
사용	Assets/BaseResource/InGameMainUI/shrine_full_heal.png	14710	아틀라스 ingamemainui.spriteatlasv2 · 이름 직접
사용	Assets/BaseResource/InGameMainUI/shrine_max_hp.png	13521	아틀라스 ingamemainui.spriteatlasv2 · 이름 직접
사용	Assets/BaseResource/InGameMainUI/shrine_range.png	6680	아틀라스 ingamemainui.spriteatlasv2 · 이름 직접
사용	Assets/BaseResource/InGameMainUI/shrine_soul_heal.png	12026	아틀라스 ingamemainui.spriteatlasv2 · 이름 직접
사용	Assets/BaseResource/InGameMainUI/shrine_speed.png	9935	아틀라스 ingamemainui.spriteatlasv2 · 이름 직접
사용	Assets/BaseResource/InGameMainUI/shrinechoiceslot.png	82098	GUID 참조(프리팹 · 표 · 재질)
사용	Assets/BaseResource/InGameMainUI/shrineframe.png	730512	GUID 참조(프리팹 · 표 · 재질)
사용	Assets/BaseResource/InGameMainUI/shrinehintpill.png	16924	GUID 참조(프리팹 · 표 · 재질)
사용	Assets/BaseResource/InGameMainUI/skillcast_dim.png	968592	아틀라스 ingamemainui.spriteatlasv2 · 이름 직접
사용	Assets/BaseResource/InGameMainUI/skillcast_edge_glow.png	475051	아틀라스 ingamemainui.spriteatlasv2 · 이름 직접
사용	Assets/BaseResource/InGameMainUI/skillcastband.png	210653	아틀라스 ingamemainui.spriteatlasv2 · 이름 직접
사용	Assets/BaseResource/InGameMainUI/skillcastready_1.png	19608	아틀라스 ingamemainui.spriteatlasv2 · 이름 직접
사용	Assets/BaseResource/InGameMainUI/skillcastready_2.png	20483	아틀라스 ingamemainui.spriteatlasv2 · 이름 직접
사용	Assets/BaseResource/InGameMainUI/skillcastready_3.png	20113	아틀라스 ingamemainui.spriteatlasv2 · 이름 직접
사용	Assets/BaseResource/InGameMainUI/skillcastspark.png	4114	아틀라스 ingamemainui.spriteatlasv2 · 이름 직접
사용	Assets/BaseResource/InGameMainUI/ui_dodge_arrow.png	322	아틀라스 ingamemainui.spriteatlasv2 · 이름 직접
사용	Assets/BaseResource/InGameMainUI/ultimatebutton.png	57113	아틀라스 ingamemainui.spriteatlasv2 · 이름 직접
사용	Assets/BaseResource/InGameMainUI/ultimatecooldown.png	94	GUID 참조(프리팹 · 표 · 재질)
사용	Assets/BaseResource/InGameMainUI/ultimateicon_amazoness.png	3574	아틀라스 ingamemainui.spriteatlasv2 · 이름 직접
사용	Assets/BaseResource/InGameMainUI/ultimateicon_dragon.png	2337	아틀라스 ingamemainui.spriteatlasv2 · 이름 직접
사용	Assets/BaseResource/InGameMainUI/ultimateicon_hitman.png	3543	아틀라스 ingamemainui.spriteatlasv2 · 이름 직접
사용	Assets/BaseResource/InGameMainUI/ultimateicon_mafia.png	1931	아틀라스 ingamemainui.spriteatlasv2 · 이름 직접
사용	Assets/BaseResource/InGameMainUI/ultimateicon_rambo.png	2591	아틀라스 ingamemainui.spriteatlasv2 · 이름 직접
사용	Assets/BaseResource/InGameMainUI/ultimateicon_slugger.png	3189	아틀라스 ingamemainui.spriteatlasv2 · 이름 직접
사용	Assets/BaseResource/InGameMainUI/ultimateicon_wizard.png	2361	아틀라스 ingamemainui.spriteatlasv2 · 이름 직접
사용	Assets/BaseResource/InGameMainUI/ultimateicon_yogamaster.png	2955	아틀라스 ingamemainui.spriteatlasv2 · 이름 직접
사용	Assets/BaseResource/LobbyMainUI/achievementtabicon.png	2152	아틀라스 lobbymainui.spriteatlasv2 · 이름 직접
사용	Assets/BaseResource/LobbyMainUI/actionframe_blue.png	37916	아틀라스 lobbymainui.spriteatlasv2 · 이름 직접
사용	Assets/BaseResource/LobbyMainUI/actionframe_gold.png	57403	아틀라스 lobbymainui.spriteatlasv2 · 이름 직접
사용	Assets/BaseResource/LobbyMainUI/battlepassart.png	15702	아틀라스 lobbymainui.spriteatlasv2 · 이름 직접
사용	Assets/BaseResource/LobbyMainUI/battlepassbadge.png	1170	아틀라스 lobbymainui.spriteatlasv2 · 이름 직접
사용	Assets/BaseResource/LobbyMainUI/battlepassbarbg.png	991	아틀라스 lobbymainui.spriteatlasv2 · 이름 직접
사용	Assets/BaseResource/LobbyMainUI/battlepassbarfill.png	1061	아틀라스 lobbymainui.spriteatlasv2 · 이름 직접
사용	Assets/BaseResource/LobbyMainUI/battlepasscard.png	20515	아틀라스 lobbymainui.spriteatlasv2 · 이름 직접
사용	Assets/BaseResource/LobbyMainUI/bossportrait.png	8579	아틀라스 lobbymainui.spriteatlasv2 · 이름 직접
사용	Assets/BaseResource/LobbyMainUI/buttonblue.png	22353	아틀라스 lobbymainui.spriteatlasv2 · 이름 직접
사용	Assets/BaseResource/LobbyMainUI/buttongold.png	23251	아틀라스 lobbymainui.spriteatlasv2 · 이름 직접
사용	Assets/BaseResource/LobbyMainUI/chapterbutton.png	47866	아틀라스 lobbymainui.spriteatlasv2 · 이름 직접
사용	Assets/BaseResource/LobbyMainUI/chapterbuttonart.png	10143	아틀라스 lobbymainui.spriteatlasv2 · 이름 직접
사용	Assets/BaseResource/LobbyMainUI/chaptercard.png	52171	아틀라스 lobbymainui.spriteatlasv2 · 이름 직접
사용	Assets/BaseResource/LobbyMainUI/chest_gold.png	81232	GUID 참조(프리팹 · 표 · 재질)
사용	Assets/BaseResource/LobbyMainUI/chest_magic.png	78434	GUID 참조(프리팹 · 표 · 재질)
사용	Assets/BaseResource/LobbyMainUI/chest_silver.png	75389	GUID 참조(프리팹 · 표 · 재질)
사용	Assets/BaseResource/LobbyMainUI/chestreadybanner.png	21068	아틀라스 lobbymainui.spriteatlasv2 · 이름 직접
사용	Assets/BaseResource/LobbyMainUI/chestslotframe.png	49378	아틀라스 lobbymainui.spriteatlasv2 · 이름 직접
사용	Assets/BaseResource/LobbyMainUI/chesttimeicon.png	1537	아틀라스 lobbymainui.spriteatlasv2 · 이름 직접
사용	Assets/BaseResource/LobbyMainUI/chesttimeplate.png	9551	아틀라스 lobbymainui.spriteatlasv2 · 이름 직접
사용	Assets/BaseResource/LobbyMainUI/continuebutton.png	673	아틀라스 lobbymainui.spriteatlasv2 · 이름 직접
사용	Assets/BaseResource/LobbyMainUI/dailyloginart.png	4212	아틀라스 lobbymainui.spriteatlasv2 · 이름 직접
사용	Assets/BaseResource/LobbyMainUI/dailylogincard.png	21198	아틀라스 lobbymainui.spriteatlasv2 · 이름 직접
사용	Assets/BaseResource/LobbyMainUI/dailylogincheck.png	930	아틀라스 lobbymainui.spriteatlasv2 · 이름 직접
사용	Assets/BaseResource/LobbyMainUI/eventart.png	3872	아틀라스 lobbymainui.spriteatlasv2 · 이름 직접
사용	Assets/BaseResource/LobbyMainUI/eventcard.png	19999	아틀라스 lobbymainui.spriteatlasv2 · 이름 직접
사용	Assets/BaseResource/LobbyMainUI/featuretabbarbackground.png	51700	아틀라스 lobbymainui.spriteatlasv2 · 이름 직접
사용	Assets/BaseResource/LobbyMainUI/friendstabicon.png	1663	아틀라스 lobbymainui.spriteatlasv2 · 이름 직접
사용	Assets/BaseResource/LobbyMainUI/friendstablock.png	822	아틀라스 lobbymainui.spriteatlasv2 · 이름 직접
사용	Assets/BaseResource/LobbyMainUI/gemcounter.png	5276	아틀라스 lobbymainui.spriteatlasv2 · 이름 직접
사용	Assets/BaseResource/LobbyMainUI/gemicon.png	2834	GUID 참조(프리팹 · 표 · 재질)
사용	Assets/BaseResource/LobbyMainUI/ghostavatar.png	36262	GUID 참조(프리팹 · 표 · 재질)
사용	Assets/BaseResource/LobbyMainUI/ghostexpbarbg.png	188	아틀라스 lobbymainui.spriteatlasv2 · 이름 직접
사용	Assets/BaseResource/LobbyMainUI/ghostexpbarfill.png	216	아틀라스 lobbymainui.spriteatlasv2 · 이름 직접
사용	Assets/BaseResource/LobbyMainUI/ghostportraiticon.png	3184	아틀라스 lobbymainui.spriteatlasv2 · 이름 직접
사용	Assets/BaseResource/LobbyMainUI/ghostsearchart.png	811690	아틀라스 lobbymainui.spriteatlasv2 · 이름 직접
사용	Assets/BaseResource/LobbyMainUI/ghostsearchicon.png	9015	아틀라스 lobbymainui.spriteatlasv2 · 이름 직접
사용	Assets/BaseResource/LobbyMainUI/ghostsearchscrim.png	102745	아틀라스 lobbymainui.spriteatlasv2 · 이름 직접
사용	Assets/BaseResource/LobbyMainUI/ghostwidget.png	12097	아틀라스 lobbymainui.spriteatlasv2 · 이름 직접
사용	Assets/BaseResource/LobbyMainUI/goldcounter.png	6056	아틀라스 lobbymainui.spriteatlasv2 · 이름 직접
사용	Assets/BaseResource/LobbyMainUI/goldicon.png	3994	GUID 참조(프리팹 · 표 · 재질)
사용	Assets/BaseResource/LobbyMainUI/hostbutton.png	46434	아틀라스 lobbymainui.spriteatlasv2 · 이름 직접
사용	Assets/BaseResource/LobbyMainUI/hostbuttonart.png	13451	아틀라스 lobbymainui.spriteatlasv2 · 이름 직접
사용	Assets/BaseResource/LobbyMainUI/hudpill.png	19824	GUID 참조(프리팹 · 표 · 재질)
사용	Assets/BaseResource/LobbyMainUI/inventorytabicon.png	2646	아틀라스 lobbymainui.spriteatlasv2 · 이름 직접
사용	Assets/BaseResource/LobbyMainUI/logolockup.png	8996	아틀라스 lobbymainui.spriteatlasv2 · 이름 직접
사용	Assets/BaseResource/LobbyMainUI/mailbutton.png	6130	아틀라스 lobbymainui.spriteatlasv2 · 이름 직접
사용	Assets/BaseResource/LobbyMainUI/missiontabicon.png	1704	아틀라스 lobbymainui.spriteatlasv2 · 이름 직접
사용	Assets/BaseResource/LobbyMainUI/modecardframe_center.png	31463	아틀라스 lobbymainui.spriteatlasv2 · 이름 직접
사용	Assets/BaseResource/LobbyMainUI/modecentericon.png	7715	아틀라스 lobbymainui.spriteatlasv2 · 이름 직접
사용	Assets/BaseResource/LobbyMainUI/modelockicon.png	11543	GUID 참조(프리팹 · 표 · 재질)
사용	Assets/BaseResource/LobbyMainUI/notifybadge.png	1868	아틀라스 lobbymainui.spriteatlasv2 · 이름 직접
사용	Assets/BaseResource/LobbyMainUI/panelframe.png	22306	아틀라스 lobbymainui.spriteatlasv2 · 이름 직접
사용	Assets/BaseResource/LobbyMainUI/plusbutton.png	2285	아틀라스 lobbymainui.spriteatlasv2 · 이름 직접
사용	Assets/BaseResource/LobbyMainUI/portalring.png	3683	아틀라스 lobbymainui.spriteatlasv2 · 이름 직접
사용	Assets/BaseResource/LobbyMainUI/progressbarbg.png	233	아틀라스 lobbymainui.spriteatlasv2 · 이름 직접
사용	Assets/BaseResource/LobbyMainUI/progressbarfill.png	259	아틀라스 lobbymainui.spriteatlasv2 · 이름 직접
사용	Assets/BaseResource/LobbyMainUI/progressrewardchest.png	1834	아틀라스 lobbymainui.spriteatlasv2 · 이름 직접
사용	Assets/BaseResource/LobbyMainUI/rankingtabicon.png	1848	아틀라스 lobbymainui.spriteatlasv2 · 이름 직접
사용	Assets/BaseResource/LobbyMainUI/settingsbutton.png	6020	아틀라스 lobbymainui.spriteatlasv2 · 이름 직접
사용	Assets/BaseResource/LobbyMainUI/shopbutton.png	44935	아틀라스 lobbymainui.spriteatlasv2 · 이름 직접
사용	Assets/BaseResource/LobbyMainUI/shopbuttonart.png	19922	아틀라스 lobbymainui.spriteatlasv2 · 이름 직접
사용	Assets/BaseResource/LobbyMainUI/staminacounter.png	4817	아틀라스 lobbymainui.spriteatlasv2 · 이름 직접
사용	Assets/BaseResource/LobbyMainUI/staminaicon.png	687	아틀라스 lobbymainui.spriteatlasv2 · 이름 직접
사용	Assets/BaseResource/LobbyMainUI/tophudbackground.png	65697	아틀라스 lobbymainui.spriteatlasv2 · 이름 직접
사용	Assets/BaseResource/LobbyV4/band_edge_l.png	932	GUID 참조(프리팹 · 표 · 재질)
사용	Assets/BaseResource/LobbyV4/band_edge_r.png	909	GUID 참조(프리팹 · 표 · 재질)
사용	Assets/BaseResource/LobbyV4/base_city.png	527579	GUID 참조(프리팹 · 표 · 재질)
사용	Assets/BaseResource/LobbyV4/base_extend.png	893305	GUID 참조(프리팹 · 표 · 재질)
사용	Assets/BaseResource/LobbyV4/base_mid.png	1312696	GUID 참조(프리팹 · 표 · 재질)
사용	Assets/BaseResource/LobbyV4/base_top.png	729407	GUID 참조(프리팹 · 표 · 재질)
사용	Assets/BaseResource/LobbyV4/chest_gold.png	44677	GUID 참조(프리팹 · 표 · 재질)
사용	Assets/BaseResource/LobbyV4/chest_platinum.png	48013	GUID 참조(프리팹 · 표 · 재질)
사용	Assets/BaseResource/LobbyV4/chest_silver.png	44238	GUID 참조(프리팹 · 표 · 재질)
사용	Assets/BaseResource/LobbyV4/city_side_l.png	2074	GUID 참조(프리팹 · 표 · 재질)
사용	Assets/BaseResource/LobbyV4/city_side_r.png	2069	GUID 참조(프리팹 · 표 · 재질)
사용	Assets/BaseResource/LobbyV4/clock.png	4326	GUID 참조(프리팹 · 표 · 재질)
사용	Assets/BaseResource/LobbyV4/fixed_top_band.png	256483	GUID 참조(프리팹 · 표 · 재질)
사용	Assets/BaseResource/LobbyV4/nav_dot_off.png	1368	GUID 참조(프리팹 · 표 · 재질)
사용	Assets/BaseResource/LobbyV4/nav_dot_on.png	1431	GUID 참조(프리팹 · 표 · 재질)
사용	Assets/BaseResource/LobbyV4/playarrow.png	1675	GUID 참조(프리팹 · 표 · 재질)
사용	Assets/BaseResource/LobbyV4/profile_fill.png	9702	GUID 참조(프리팹 · 표 · 재질)
사용	Assets/BaseResource/LobbyV4/profile_plate_fx.png	73204	GUID 참조(프리팹 · 표 · 재질)
사용	Assets/BaseResource/LobbyV4/side_left_mid.png	203546	GUID 참조(프리팹 · 표 · 재질)
사용	Assets/BaseResource/LobbyV4/side_left_top.png	231862	GUID 참조(프리팹 · 표 · 재질)
사용	Assets/BaseResource/LobbyV4/side_right_mid.png	204658	GUID 참조(프리팹 · 표 · 재질)
사용	Assets/BaseResource/LobbyV4/side_right_top.png	202119	GUID 참조(프리팹 · 표 · 재질)
사용	Assets/BaseResource/LobbyV4/timeplate.png	17442	GUID 참조(프리팹 · 표 · 재질)
사용	Assets/BaseResource/ParticleFx/ember.png	25659	GUID 참조(프리팹 · 표 · 재질)
사용	Assets/BaseResource/ParticleFx/ghostmote.png	5321	GUID 참조(프리팹 · 표 · 재질)
사용	Assets/BaseResource/ParticleFx/glow.png	54715	GUID 참조(프리팹 · 표 · 재질)
사용	Assets/BaseResource/ParticleFx/glow_curse.png	55165	GUID 참조(프리팹 · 표 · 재질)
사용	Assets/BaseResource/ParticleFx/glow_ice.png	55513	GUID 참조(프리팹 · 표 · 재질)
사용	Assets/BaseResource/ParticleFx/glow_venom.png	55227	GUID 참조(프리팹 · 표 · 재질)
사용	Assets/BaseResource/ParticleFx/ring.png	62479	GUID 참조(프리팹 · 표 · 재질)
사용	Assets/BaseResource/ParticleFx/ring_curse.png	62537	GUID 참조(프리팹 · 표 · 재질)
사용	Assets/BaseResource/ParticleFx/ring_ice.png	63125	GUID 참조(프리팹 · 표 · 재질)
사용	Assets/BaseResource/ParticleFx/ring_venom.png	63275	GUID 참조(프리팹 · 표 · 재질)
사용	Assets/BaseResource/ParticleFx/shard.png	31766	GUID 참조(프리팹 · 표 · 재질)
사용	Assets/BaseResource/ParticleFx/shard_dust.png	29648	GUID 참조(프리팹 · 표 · 재질)
사용	Assets/BaseResource/ParticleFx/smoke.png	73114	GUID 참조(프리팹 · 표 · 재질)
사용	Assets/BaseResource/ParticleFx/smoke_dust.png	72543	GUID 참조(프리팹 · 표 · 재질)
사용	Assets/BaseResource/ParticleFx/spark.png	33688	GUID 참조(프리팹 · 표 · 재질)
사용	Assets/BaseResource/ParticleFx/spark_curse.png	33975	GUID 참조(프리팹 · 표 · 재질)
사용	Assets/BaseResource/ParticleFx/spark_ice.png	34263	GUID 참조(프리팹 · 표 · 재질)
사용	Assets/BaseResource/ParticleFx/spark_venom.png	34343	GUID 참조(프리팹 · 표 · 재질)
사용	Assets/BaseResource/ParticleFx/star4.png	30911	GUID 참조(프리팹 · 표 · 재질)
사용	Assets/BaseResource/ParticleFx/streak.png	21791	GUID 참조(프리팹 · 표 · 재질)
사용	Assets/BaseResource/Shaders/UIAdditiveLight.shader	8102	GUID 참조(프리팹 · 표 · 재질)
사용	Assets/BaseResource/Shaders/UIAdditiveSprite.mat	1037	GUID 참조(프리팹 · 표 · 재질)
사용	Assets/BaseResource/Shaders/UIAdditiveSprite.shader	2055	GUID 참조(프리팹 · 표 · 재질)
사용	Assets/BaseResource/Shaders/UIGray.shader	3166	빌드 경로에서 도달
사용	Assets/BaseResource/Shaders/UIGrayscale.shader	4029	GUID 참조(프리팹 · 표 · 재질)
사용	Assets/BaseResource/Shaders/UISilhouette.shader	3581	빌드 경로에서 도달
사용	Assets/BaseResource/SystemPopup/popup_button_cancel.png	49857	아틀라스 systempopup.spriteatlasv2 · 이름 직접
사용	Assets/BaseResource/SystemPopup/popup_button_confirm.png	47159	아틀라스 systempopup.spriteatlasv2 · 이름 직접
사용	Assets/BaseResource/SystemPopup/popup_frame.png	227422	아틀라스 systempopup.spriteatlasv2 · 이름 직접
사용	Assets/BaseResource/SystemPopup/popup_groove.png	81607	아틀라스 systempopup.spriteatlasv2 · 이름 직접
사용	Assets/BaseResource/TitleMainUI/backgroundimage.png	280875	GUID 참조(프리팹 · 표 · 재질)
사용	Assets/BaseResource/TitleMainUI/titlelogo_0.png	10126	GUID 참조(프리팹 · 표 · 재질)
사용	Assets/BaseResource/Unit/actor_enforcer/unit_actor_enforcer_e.png	9757	GUID 참조(프리팹 · 표 · 재질)
사용	Assets/BaseResource/Unit/actor_enforcer/unit_actor_enforcer_se.png	10436	GUID 참조(프리팹 · 표 · 재질)
사용	Assets/BaseResource/Unit/bat/unit_bat_e.png	13106	GUID 참조(프리팹 · 표 · 재질)
사용	Assets/BaseResource/Unit/bat/unit_bat_se.png	12512	GUID 참조(프리팹 · 표 · 재질)
사용	Assets/BaseResource/Unit/boss/unit_boss.png	41576	아틀라스 unit_boss.spriteatlasv2 · 이름 직접
사용	Assets/BaseResource/Unit/coilwalker/unit_coilwalker_e.png	3670	GUID 참조(프리팹 · 표 · 재질)
사용	Assets/BaseResource/Unit/coilwalker/unit_coilwalker_se.png	3965	GUID 참조(프리팹 · 표 · 재질)
사용	Assets/BaseResource/Unit/crusher/unit_crusher_e.png	21646	GUID 참조(프리팹 · 표 · 재질)
사용	Assets/BaseResource/Unit/crusher/unit_crusher_se.png	22593	GUID 참조(프리팹 · 표 · 재질)
사용	Assets/BaseResource/Unit/ghost/unit_ghost_s.png	8923	주소 cutscene/unit_ghost_s
사용	Assets/BaseResource/Unit/ghost/unit_ghost_s_walk1.png	8418	주소 cutscene/unit_ghost_s_walk1
사용	Assets/BaseResource/Unit/ghost/unit_ghost_s_walk2.png	8478	주소 cutscene/unit_ghost_s_walk2
사용	Assets/BaseResource/Unit/ghost/unit_ghost_se.png	10874	GUID 참조(프리팹 · 표 · 재질)
사용	Assets/BaseResource/Unit/golem/unit_golem_e.png	8751	GUID 참조(프리팹 · 표 · 재질)
사용	Assets/BaseResource/Unit/golem/unit_golem_se.png	9501	GUID 참조(프리팹 · 표 · 재질)
사용	Assets/BaseResource/Unit/guardian/unit_guardian_e.png	12838	GUID 참조(프리팹 · 표 · 재질)
사용	Assets/BaseResource/Unit/guardian/unit_guardian_se.png	14053	GUID 참조(프리팹 · 표 · 재질)
사용	Assets/BaseResource/Unit/kingpin/unit_kingpin_e.png	12926	GUID 참조(프리팹 · 표 · 재질)
사용	Assets/BaseResource/Unit/kingpin/unit_kingpin_se.png	13624	GUID 참조(프리팹 · 표 · 재질)
사용	Assets/BaseResource/Unit/python/unit_python_s.png	10059	GUID 참조(프리팹 · 표 · 재질)
사용	Assets/BaseResource/Unit/roadwarden/unit_roadwarden_e.png	8057	GUID 참조(프리팹 · 표 · 재질)
사용	Assets/BaseResource/Unit/roadwarden/unit_roadwarden_se.png	8541	GUID 참조(프리팹 · 표 · 재질)
사용	Assets/BaseResource/Unit/robot_snakes/unit_robot_snakes_e.png	11769	GUID 참조(프리팹 · 표 · 재질)
사용	Assets/BaseResource/Unit/robot_snakes/unit_robot_snakes_se.png	11504	GUID 참조(프리팹 · 표 · 재질)
사용	Assets/BaseResource/Unit/scrapgunner/unit_scrapgunner_e.png	10768	GUID 참조(프리팹 · 표 · 재질)
사용	Assets/BaseResource/Unit/scrapgunner/unit_scrapgunner_se.png	11012	GUID 참조(프리팹 · 표 · 재질)
사용	Assets/BaseResource/Unit/skeleton/unit_skeleton_e.png	5617	GUID 참조(프리팹 · 표 · 재질)
사용	Assets/BaseResource/Unit/skeleton/unit_skeleton_se.png	6848	GUID 참조(프리팹 · 표 · 재질)
사용	Assets/BaseResource/Unit/sludge/unit_sludge_e.png	11248	GUID 참조(프리팹 · 표 · 재질)
사용	Assets/BaseResource/Unit/sludge/unit_sludge_se.png	18286	GUID 참조(프리팹 · 표 · 재질)
사용	Assets/BundleResource/Atlas/card.spriteatlasv2	428	주소 atlas/card
사용	Assets/BundleResource/Atlas/hostface.spriteatlasv2	428	주소 atlas/hostface
사용	Assets/BundleResource/Atlas/hostselectpanel.spriteatlasv2	428	주소 atlas/hostselectpanel
사용	Assets/BundleResource/Atlas/ingamemainui.spriteatlasv2	428	주소 atlas/ingamemainui
사용	Assets/BundleResource/Atlas/loading.spriteatlasv2	428	주소 atlas/loading
사용	Assets/BundleResource/Atlas/lobbymainui.spriteatlasv2	428	주소 atlas/lobbymainui
사용	Assets/BundleResource/Atlas/popupfx.spriteatlasv2	428	주소 atlas/popupfx
사용	Assets/BundleResource/Atlas/systempopup.spriteatlasv2	428	주소 atlas/systempopup
사용	Assets/BundleResource/Atlas/titlemainui.spriteatlasv2	428	주소 atlas/titlemainui
사용	Assets/BundleResource/Atlas/unit_actor_enforcer.spriteatlasv2	428	주소 atlas/unit_actor_enforcer
사용	Assets/BundleResource/Atlas/unit_amazon.spriteatlasv2	428	주소 atlas/unit_amazon
사용	Assets/BundleResource/Atlas/unit_amazon_elite.spriteatlasv2	428	주소 atlas/unit_amazon_elite
사용	Assets/BundleResource/Atlas/unit_armadillo.spriteatlasv2	428	주소 atlas/unit_armadillo
사용	Assets/BundleResource/Atlas/unit_assault_gangster.spriteatlasv2	428	주소 atlas/unit_assault_gangster
사용	Assets/BundleResource/Atlas/unit_baseball.spriteatlasv2	428	주소 atlas/unit_baseball
사용	Assets/BundleResource/Atlas/unit_bat.spriteatlasv2	428	주소 atlas/unit_bat
사용	Assets/BundleResource/Atlas/unit_boar.spriteatlasv2	428	주소 atlas/unit_boar
사용	Assets/BundleResource/Atlas/unit_boss.spriteatlasv2	428	주소 atlas/unit_boss
사용	Assets/BundleResource/Atlas/unit_coilwalker.spriteatlasv2	428	주소 atlas/unit_coilwalker
사용	Assets/BundleResource/Atlas/unit_commando_grenade.spriteatlasv2	428	주소 atlas/unit_commando_grenade
사용	Assets/BundleResource/Atlas/unit_commando_laser.spriteatlasv2	428	주소 atlas/unit_commando_laser
사용	Assets/BundleResource/Atlas/unit_commando_mg.spriteatlasv2	428	주소 atlas/unit_commando_mg
사용	Assets/BundleResource/Atlas/unit_commando_missile.spriteatlasv2	428	주소 atlas/unit_commando_missile
사용	Assets/BundleResource/Atlas/unit_crusher.spriteatlasv2	428	주소 atlas/unit_crusher
사용	Assets/BundleResource/Atlas/unit_death.spriteatlasv2	428	주소 atlas/unit_death
사용	Assets/BundleResource/Atlas/unit_dragon_blue.spriteatlasv2	428	주소 atlas/unit_dragon_blue
사용	Assets/BundleResource/Atlas/unit_dragoon.spriteatlasv2	428	주소 atlas/unit_dragoon
사용	Assets/BundleResource/Atlas/unit_fighter.spriteatlasv2	428	주소 atlas/unit_fighter
사용	Assets/BundleResource/Atlas/unit_gangster.spriteatlasv2	428	주소 atlas/unit_gangster
사용	Assets/BundleResource/Atlas/unit_ghost.spriteatlasv2	428	주소 atlas/unit_ghost
사용	Assets/BundleResource/Atlas/unit_golem.spriteatlasv2	428	주소 atlas/unit_golem
사용	Assets/BundleResource/Atlas/unit_guardian.spriteatlasv2	428	주소 atlas/unit_guardian
사용	Assets/BundleResource/Atlas/unit_guru.spriteatlasv2	428	주소 atlas/unit_guru
사용	Assets/BundleResource/Atlas/unit_hopper.spriteatlasv2	428	주소 atlas/unit_hopper
사용	Assets/BundleResource/Atlas/unit_hopper_smg.spriteatlasv2	428	주소 atlas/unit_hopper_smg
사용	Assets/BundleResource/Atlas/unit_kingpin.spriteatlasv2	428	주소 atlas/unit_kingpin
사용	Assets/BundleResource/Atlas/unit_mantis.spriteatlasv2	428	주소 atlas/unit_mantis
사용	Assets/BundleResource/Atlas/unit_medium.spriteatlasv2	428	주소 atlas/unit_medium
사용	Assets/BundleResource/Atlas/unit_mole.spriteatlasv2	428	주소 atlas/unit_mole
사용	Assets/BundleResource/Atlas/unit_mummy.spriteatlasv2	428	주소 atlas/unit_mummy
사용	Assets/BundleResource/Atlas/unit_mushroom.spriteatlasv2	428	주소 atlas/unit_mushroom
사용	Assets/BundleResource/Atlas/unit_ninja.spriteatlasv2	428	주소 atlas/unit_ninja
사용	Assets/BundleResource/Atlas/unit_ninja_chain.spriteatlasv2	428	주소 atlas/unit_ninja_chain
사용	Assets/BundleResource/Atlas/unit_python.spriteatlasv2	428	주소 atlas/unit_python
사용	Assets/BundleResource/Atlas/unit_roadwarden.spriteatlasv2	428	주소 atlas/unit_roadwarden
사용	Assets/BundleResource/Atlas/unit_robot.spriteatlasv2	428	주소 atlas/unit_robot
사용	Assets/BundleResource/Atlas/unit_robot_snakes.spriteatlasv2	428	주소 atlas/unit_robot_snakes
사용	Assets/BundleResource/Atlas/unit_salamander.spriteatlasv2	428	주소 atlas/unit_salamander
사용	Assets/BundleResource/Atlas/unit_scrapgunner.spriteatlasv2	428	주소 atlas/unit_scrapgunner
사용	Assets/BundleResource/Atlas/unit_skeleton.spriteatlasv2	428	주소 atlas/unit_skeleton
사용	Assets/BundleResource/Atlas/unit_sludge.spriteatlasv2	428	주소 atlas/unit_sludge
사용	Assets/BundleResource/Atlas/unit_snowwoman.spriteatlasv2	428	주소 atlas/unit_snowwoman
사용	Assets/BundleResource/Atlas/unit_spider.spriteatlasv2	428	주소 atlas/unit_spider
사용	Assets/BundleResource/Atlas/unit_spiderling.spriteatlasv2	428	주소 atlas/unit_spiderling
사용	Assets/BundleResource/Atlas/unit_thug.spriteatlasv2	428	주소 atlas/unit_thug
사용	Assets/BundleResource/Atlas/unit_vampire.spriteatlasv2	428	주소 atlas/unit_vampire
사용	Assets/BundleResource/Atlas/unit_white_wizard.spriteatlasv2	428	주소 atlas/unit_white_wizard
사용	Assets/BundleResource/Cutscene/cut_prologue_1.png	155902	주소 cutscene/cut_prologue_1
사용	Assets/BundleResource/Cutscene/cut_prologue_2.png	189071	주소 cutscene/cut_prologue_2
사용	Assets/BundleResource/Cutscene/cut_prologue_3.png	147829	주소 cutscene/cut_prologue_3
사용	Assets/BundleResource/Cutscene/cut_prologue_4.png	88808	주소 cutscene/cut_prologue_4
사용	Assets/BundleResource/Cutscene/cut_prologue_5.png	49235	주소 cutscene/cut_prologue_5
사용	Assets/BundleResource/Cutscene/cut_prologue_6.png	49432	주소 cutscene/cut_prologue_6
사용	Assets/BundleResource/Cutscene/cut_prologue_7.png	49255	주소 cutscene/cut_prologue_7
사용	Assets/BundleResource/Cutscene/cut_prologue_8.png	57678	주소 cutscene/cut_prologue_8
사용	Assets/BundleResource/Cutscene/cut_prologue_9.png	57737	주소 cutscene/cut_prologue_9
사용	Assets/BundleResource/Cutscene/cut_start_1.png	119973	주소 cutscene/cut_start_1
사용	Assets/BundleResource/Cutscene/cut_start_10.png	124542	주소 cutscene/cut_start_10
사용	Assets/BundleResource/Cutscene/cut_start_2.png	203322	주소 cutscene/cut_start_2
사용	Assets/BundleResource/Cutscene/cut_start_4.png	32576	주소 cutscene/cut_start_4
사용	Assets/BundleResource/Cutscene/cut_start_5.png	18785	주소 cutscene/cut_start_5
사용	Assets/BundleResource/Materials/UIGrayscale.mat	1047	주소 material/uigrayscale
사용	Assets/BundleResource/ParticleFx/Danger/fx_danger_core.png	62083	주소 Fx/danger_core
사용	Assets/BundleResource/ParticleFx/Danger/fx_danger_edge.png	14067	주소 Fx/danger_edge
사용	Assets/BundleResource/ParticleFx/Danger/fx_danger_fill.png	68390	주소 Fx/danger_fill
사용	Assets/BundleResource/ParticleFx/Danger/fx_safe_core.png	62618	주소 Fx/safe_core
사용	Assets/BundleResource/ParticleFx/Danger/fx_safe_edge.png	20020	주소 Fx/safe_edge
사용	Assets/BundleResource/ParticleFx/Danger/fx_safe_fill.png	85124	주소 Fx/safe_fill
사용	Assets/BundleResource/ParticleFx/glight.mat	1363	주소 ParticleFx/glight
사용	Assets/BundleResource/ParticleFx/pfx_ember.mat	2651	주소 ParticleFx/ember
사용	Assets/BundleResource/ParticleFx/pfx_ghostmote.mat	2656	주소 ParticleFx/ghostmote
사용	Assets/BundleResource/ParticleFx/pfx_glow.mat	2650	주소 ParticleFx/glow
사용	Assets/BundleResource/ParticleFx/pfx_glow_curse.mat	2657	주소 ParticleFx/glow_curse
사용	Assets/BundleResource/ParticleFx/pfx_glow_ice.mat	2655	주소 ParticleFx/glow_ice
사용	Assets/BundleResource/ParticleFx/pfx_glow_venom.mat	2656	주소 ParticleFx/glow_venom
사용	Assets/BundleResource/ParticleFx/pfx_ring.mat	2650	주소 ParticleFx/ring
사용	Assets/BundleResource/ParticleFx/pfx_ring_curse.mat	2657	주소 ParticleFx/ring_curse
사용	Assets/BundleResource/ParticleFx/pfx_ring_ice.mat	2654	주소 ParticleFx/ring_ice
사용	Assets/BundleResource/ParticleFx/pfx_ring_venom.mat	2657	주소 ParticleFx/ring_venom
사용	Assets/BundleResource/ParticleFx/pfx_shard.mat	2654	주소 ParticleFx/shard
사용	Assets/BundleResource/ParticleFx/pfx_shard_dust.mat	2659	주소 ParticleFx/shard_dust
사용	Assets/BundleResource/ParticleFx/pfx_smoke.mat	2653	주소 ParticleFx/smoke
사용	Assets/BundleResource/ParticleFx/pfx_smoke_dust.mat	2659	주소 ParticleFx/smoke_dust
사용	Assets/BundleResource/ParticleFx/pfx_spark.mat	2652	주소 ParticleFx/spark
사용	Assets/BundleResource/ParticleFx/pfx_spark_curse.mat	2657	주소 ParticleFx/spark_curse
사용	Assets/BundleResource/ParticleFx/pfx_spark_ice.mat	2656	주소 ParticleFx/spark_ice
사용	Assets/BundleResource/ParticleFx/pfx_spark_venom.mat	2658	주소 ParticleFx/spark_venom
사용	Assets/BundleResource/ParticleFx/pfx_star4.mat	2651	주소 ParticleFx/star4
사용	Assets/BundleResource/ParticleFx/pfx_streak.mat	2651	주소 ParticleFx/streak
사용	Assets/BundleResource/Prefabs/UI/HostSelect/HostSelectPanel.prefab	387668	주소 UI/Lobby/HostSelectPanel
사용	Assets/BundleResource/Prefabs/UI/InGame/InGameMainUI.prefab	687084	주소 UI/InGame/InGameMainUI
사용	Assets/BundleResource/Prefabs/UI/Lobby/LobbyMainUI.prefab	2754633	주소 UI/Lobby/LobbyMainUI
사용	Assets/BundleResource/Prefabs/UI/Opening/OpeningMainUI.prefab	29359	주소 UI/Opening/OpeningMainUI
사용	Assets/BundleResource/Prefabs/UI/Title/TitleMainUI.prefab	26598	주소 UI/Title/TitleMainUI
사용	Assets/BundleResource/RoomFloor/obj_python_wall.png	158338	주소 roomfloor/obj_python_wall
사용	Assets/BundleResource/RoomFloor/obj_python_wall_break1.png	157283	주소 roomfloor/obj_python_wall_break1
사용	Assets/BundleResource/RoomFloor/obj_python_wall_break2.png	157227	주소 roomfloor/obj_python_wall_break2
사용	Assets/BundleResource/RoomFloor/roomapron_boss_crusher.png	673116	주소 roomfloor/roomapron_boss_crusher
사용	Assets/BundleResource/RoomFloor/roomapron_boss_guardian.png	586334	주소 roomfloor/roomapron_boss_guardian
사용	Assets/BundleResource/RoomFloor/roomapron_boss_kingpin.png	657880	주소 roomfloor/roomapron_boss_kingpin
사용	Assets/BundleResource/RoomFloor/roomapron_boss_python.png	732993	주소 roomfloor/roomapron_boss_python
사용	Assets/BundleResource/RoomFloor/roomapron_boss_robot_snakes.png	641808	주소 roomfloor/roomapron_boss_robot_snakes
사용	Assets/BundleResource/RoomFloor/roomapron_boss_sludge.png	565552	주소 roomfloor/roomapron_boss_sludge
사용	Assets/BundleResource/RoomFloor/roomapron_common.png	841517	주소 roomfloor/roomapron_common
사용	Assets/BundleResource/RoomFloor/roomapron_holding.png	583768	주소 roomfloor/roomapron_holding
사용	Assets/BundleResource/RoomFloor/roomapron_junkyard.png	755426	주소 roomfloor/roomapron_junkyard
사용	Assets/BundleResource/RoomFloor/roomapron_lab.png	632219	주소 roomfloor/roomapron_lab
사용	Assets/BundleResource/RoomFloor/roomapron_missile.png	622783	주소 roomfloor/roomapron_missile
사용	Assets/BundleResource/RoomFloor/roomapron_refinery.png	631197	주소 roomfloor/roomapron_refinery
사용	Assets/BundleResource/RoomFloor/roomapron_rooftop.png	516020	주소 roomfloor/roomapron_rooftop
사용	Assets/BundleResource/RoomFloor/roomapron_street.png	599565	주소 roomfloor/roomapron_street
사용	Assets/BundleResource/RoomFloor/roomcloud.png	627923	주소 roomfloor/roomcloud
사용	Assets/BundleResource/RoomFloor/roomfloor_ch1_lane_wide.png	929959	주소 roomfloor/roomfloor_ch1_lane_wide
사용	Assets/BundleResource/RoomFloor/roomfloor_ch1_offset_cover.png	871738	주소 roomfloor/roomfloor_ch1_offset_cover
사용	Assets/BundleResource/RoomFloor/roomfloor_ch1_pillar_cross.png	812753	주소 roomfloor/roomfloor_ch1_pillar_cross
사용	Assets/BundleResource/RoomFloor/roomfloor_ch1_ring.png	1067240	주소 roomfloor/roomfloor_ch1_ring
사용	Assets/BundleResource/RoomFloor/roomfloor_ch1_split_level.png	791738	주소 roomfloor/roomfloor_ch1_split_level
사용	Assets/BundleResource/RoomFloor/roomfloor_ch1_twin_platform.png	892690	주소 roomfloor/roomfloor_ch1_twin_platform
사용	Assets/BundleResource/RoomFloor/roomfloor_ch2_lane_wide.png	135010	주소 roomfloor/roomfloor_ch2_lane_wide
사용	Assets/BundleResource/RoomFloor/roomfloor_ch2_offset_cover.png	98876	주소 roomfloor/roomfloor_ch2_offset_cover
사용	Assets/BundleResource/RoomFloor/roomfloor_ch2_pillar_cross.png	90892	주소 roomfloor/roomfloor_ch2_pillar_cross
사용	Assets/BundleResource/RoomFloor/roomfloor_ch2_ring.png	128372	주소 roomfloor/roomfloor_ch2_ring
사용	Assets/BundleResource/RoomFloor/roomfloor_ch2_split_level.png	145782	주소 roomfloor/roomfloor_ch2_split_level
사용	Assets/BundleResource/RoomFloor/roomfloor_ch2_twin_platform.png	135173	주소 roomfloor/roomfloor_ch2_twin_platform
사용	Assets/BundleResource/RoomFloor/roomfloor_ch3_lane_wide.png	166188	주소 roomfloor/roomfloor_ch3_lane_wide
사용	Assets/BundleResource/RoomFloor/roomfloor_ch3_offset_cover.png	83920	주소 roomfloor/roomfloor_ch3_offset_cover
사용	Assets/BundleResource/RoomFloor/roomfloor_ch3_pillar_cross.png	150220	주소 roomfloor/roomfloor_ch3_pillar_cross
사용	Assets/BundleResource/RoomFloor/roomfloor_ch3_ring.png	135477	주소 roomfloor/roomfloor_ch3_ring
사용	Assets/BundleResource/RoomFloor/roomfloor_ch3_split_level.png	196479	주소 roomfloor/roomfloor_ch3_split_level
사용	Assets/BundleResource/RoomFloor/roomfloor_ch3_twin_platform.png	149972	주소 roomfloor/roomfloor_ch3_twin_platform
사용	Assets/BundleResource/RoomFloor/roomfloor_crusher.png	1268964	주소 roomfloor/roomfloor_crusher
사용	Assets/BundleResource/RoomFloor/roomfloor_env_holding.png	1147201	주소 roomfloor/roomfloor_env_holding
사용	Assets/BundleResource/RoomFloor/roomfloor_env_junkyard.png	1620052	주소 roomfloor/roomfloor_env_junkyard
사용	Assets/BundleResource/RoomFloor/roomfloor_env_lab.png	1171850	주소 roomfloor/roomfloor_env_lab
사용	Assets/BundleResource/RoomFloor/roomfloor_env_missile.png	1123202	주소 roomfloor/roomfloor_env_missile
사용	Assets/BundleResource/RoomFloor/roomfloor_env_refinery.png	1372736	주소 roomfloor/roomfloor_env_refinery
사용	Assets/BundleResource/RoomFloor/roomfloor_env_rooftop.png	1076387	주소 roomfloor/roomfloor_env_rooftop
사용	Assets/BundleResource/RoomFloor/roomfloor_env_street.png	1245269	주소 roomfloor/roomfloor_env_street
사용	Assets/BundleResource/RoomFloor/roomfloor_guardian.png	1354068	주소 roomfloor/roomfloor_guardian
사용	Assets/BundleResource/RoomFloor/roomfloor_kingpin.png	1489642	주소 roomfloor/roomfloor_kingpin
사용	Assets/BundleResource/RoomFloor/roomfloor_python.png	1468329	주소 roomfloor/roomfloor_python
사용	Assets/BundleResource/RoomFloor/roomfloor_robot_snakes.png	1375909	주소 roomfloor/roomfloor_robot_snakes
사용	Assets/BundleResource/RoomFloor/roomfloor_sludge.png	1333170	주소 roomfloor/roomfloor_sludge
사용	Assets/BundleResource/RoomFloor/roomside_junkyard.png	101016	주소 roomfloor/roomside_junkyard
사용	Assets/BundleResource/RoomFloor/roomside_lab.png	29724	주소 roomfloor/roomside_lab
사용	Assets/BundleResource/RoomFloor/roomside_missile.png	30378	주소 roomfloor/roomside_missile
사용	Assets/BundleResource/RoomFloor/roomside_refinery.png	40572	주소 roomfloor/roomside_refinery
사용	Assets/BundleResource/RoomFloor/roomside_rooftop.png	50435	주소 roomfloor/roomside_rooftop
사용	Assets/BundleResource/RoomFloor/roomside_street.png	41389	주소 roomfloor/roomside_street
사용	Assets/BundleResource/Sounds/BGM/bgm_01.wav	20369774	주소 Sounds/bgm_01
사용	Assets/BundleResource/Sounds/BGM/bgm_02.wav	20225780	주소 Sounds/bgm_02
사용	Assets/BundleResource/Sounds/BGM/bgm_03.wav	13485970	주소 Sounds/bgm_03
사용	Assets/BundleResource/Sounds/BGM/bgm_04.wav	22341720	주소 Sounds/bgm_04
사용	Assets/BundleResource/Sounds/BGM/bgm_05.wav	8525720	주소 Sounds/bgm_05
사용	Assets/BundleResource/Sounds/BGM/bgm_06.wav	13098180	주소 Sounds/bgm_06
사용	Assets/BundleResource/Sounds/BGM/bgm_07.wav	333288	주소 Sounds/bgm_07
사용	Assets/BundleResource/Sounds/BGM/bgm_08.wav	6891490	주소 Sounds/bgm_08
사용	Assets/BundleResource/Sounds/BGM/bgm_09.wav	7702130	주소 Sounds/bgm_09
사용	Assets/BundleResource/Sounds/BGM/bgm_10.wav	1633232	주소 Sounds/bgm_10
사용	Assets/BundleResource/Sounds/BGM/bgm_11.wav	6792798	주소 Sounds/bgm_11
사용	Assets/BundleResource/Sounds/BGM/bgm_12.wav	8057364	주소 Sounds/bgm_12
사용	Assets/BundleResource/Sounds/SFX/sfx_16.wav	9166	주소 Sounds/sfx_16
사용	Assets/BundleResource/Sounds/SFX/sfx_17.wav	160624	주소 Sounds/sfx_17
사용	Assets/BundleResource/Sounds/SFX/sfx_18.wav	1659144	주소 Sounds/sfx_18
사용	Assets/BundleResource/Sounds/SFX/sfx_19.wav	69114	주소 Sounds/sfx_19
사용	Assets/BundleResource/Sounds/SFX/sfx_20.wav	567356	주소 Sounds/sfx_20
사용	Assets/BundleResource/Sounds/SFX/sfx_21.wav	62342	주소 Sounds/sfx_21
사용	Assets/BundleResource/Sounds/SFX/sfx_22.wav	19290	주소 Sounds/sfx_22
사용	Assets/BundleResource/Sounds/SFX/sfx_23.wav	93966	주소 Sounds/sfx_23
사용	Assets/BundleResource/Sounds/SFX/sfx_24.wav	85880	주소 Sounds/sfx_24
사용	Assets/BundleResource/Sounds/SFX/sfx_25.wav	202764	주소 Sounds/sfx_25
사용	Assets/BundleResource/Sounds/SFX/sfx_26.wav	76282	주소 Sounds/sfx_26
사용	Assets/BundleResource/Sounds/SFX/sfx_27.wav	53672	주소 Sounds/sfx_27
사용	Assets/BundleResource/Sounds/SFX/sfx_28.wav	94356	주소 Sounds/sfx_28
사용	Assets/BundleResource/Sounds/SFX/sfx_29.wav	81316	주소 Sounds/sfx_29
사용	Assets/BundleResource/Sounds/SFX/sfx_30.wav	102420	주소 Sounds/sfx_30
사용	Assets/BundleResource/Sounds/SFX/sfx_31.wav	93300	주소 Sounds/sfx_31
사용	Assets/BundleResource/Sounds/SFX/sfx_32.wav	17888	주소 Sounds/sfx_32
사용	Assets/BundleResource/Sounds/SFX/sfx_33.wav	25530	주소 Sounds/sfx_33
사용	Assets/BundleResource/Sounds/SFX/sfx_34.wav	29238	주소 Sounds/sfx_34
사용	Assets/BundleResource/Sounds/SFX/sfx_35.wav	32476	주소 Sounds/sfx_35
사용	Assets/BundleResource/Sounds/SFX/sfx_36.wav	30862	주소 Sounds/sfx_36
사용	Assets/BundleResource/Sounds/SFX/sfx_37.wav	42218	주소 Sounds/sfx_37
사용	Assets/BundleResource/Sounds/SFX/sfx_38.wav	48700	주소 Sounds/sfx_38
사용	Assets/BundleResource/TableData/ActiveSkillTable.asset	9116	주소 TableData/ActiveSkillTable
사용	Assets/BundleResource/TableData/BossTable.asset	15377	주소 TableData/BossTable
사용	Assets/BundleResource/TableData/BuffTable.asset	5279	주소 TableData/BuffTable
사용	Assets/BundleResource/TableData/ChestTable.asset	1327	주소 TableData/ChestTable
사용	Assets/BundleResource/TableData/EventTable.asset	17064	주소 TableData/EventTable
사용	Assets/BundleResource/TableData/GameConfig.asset	12877	주소 TableData/GameConfig
사용	Assets/BundleResource/TableData/HostTable.asset	29884	주소 TableData/HostTable
사용	Assets/BundleResource/TableData/PassiveSkillTable.asset	9341	주소 TableData/PassiveSkillTable
사용	Assets/BundleResource/TableData/RoomTable.asset	709188	주소 TableData/RoomTable
사용	Assets/BundleResource/TableData/ShopTable.asset	5490	주소 TableData/ShopTable
사용	Assets/BundleResource/TableData/SoundTable.asset	15232	주소 TableData/SoundTable
사용	Assets/BundleResource/TableData/StringTable.asset	133080	주소 TableData/StringTable
사용(동적)	Assets/BaseResource/Card/card_c002.png	48911	아틀라스 card.spriteatlasv2 · 코드가 이름을 조립해 꺼낸다(template)
사용(동적)	Assets/BaseResource/Card/card_c003.png	44224	아틀라스 card.spriteatlasv2 · 코드가 이름을 조립해 꺼낸다(template)
사용(동적)	Assets/BaseResource/Card/card_c004.png	50088	아틀라스 card.spriteatlasv2 · 코드가 이름을 조립해 꺼낸다(template)
사용(동적)	Assets/BaseResource/Card/card_c005.png	50287	아틀라스 card.spriteatlasv2 · 코드가 이름을 조립해 꺼낸다(template)
사용(동적)	Assets/BaseResource/Card/card_c006.png	55020	아틀라스 card.spriteatlasv2 · 코드가 이름을 조립해 꺼낸다(template)
사용(동적)	Assets/BaseResource/Card/card_c007.png	49423	아틀라스 card.spriteatlasv2 · 코드가 이름을 조립해 꺼낸다(template)
사용(동적)	Assets/BaseResource/Card/card_c008.png	32784	아틀라스 card.spriteatlasv2 · 코드가 이름을 조립해 꺼낸다(template)
사용(동적)	Assets/BaseResource/Card/card_c009.png	47530	아틀라스 card.spriteatlasv2 · 코드가 이름을 조립해 꺼낸다(template)
사용(동적)	Assets/BaseResource/Card/card_c010.png	49274	아틀라스 card.spriteatlasv2 · 코드가 이름을 조립해 꺼낸다(template)
사용(동적)	Assets/BaseResource/Card/card_c011.png	4404	아틀라스 card.spriteatlasv2 · 코드가 이름을 조립해 꺼낸다(template)
사용(동적)	Assets/BaseResource/Card/card_c012.png	3260	아틀라스 card.spriteatlasv2 · 코드가 이름을 조립해 꺼낸다(template)
사용(동적)	Assets/BaseResource/Card/card_c013.png	5033	아틀라스 card.spriteatlasv2 · 코드가 이름을 조립해 꺼낸다(template)
사용(동적)	Assets/BaseResource/Card/card_c014.png	3170	아틀라스 card.spriteatlasv2 · 코드가 이름을 조립해 꺼낸다(template)
사용(동적)	Assets/BaseResource/Card/card_c015.png	4628	아틀라스 card.spriteatlasv2 · 코드가 이름을 조립해 꺼낸다(template)
사용(동적)	Assets/BaseResource/Card/card_c016.png	4151	아틀라스 card.spriteatlasv2 · 코드가 이름을 조립해 꺼낸다(template)
사용(동적)	Assets/BaseResource/Card/card_c017.png	3458	아틀라스 card.spriteatlasv2 · 코드가 이름을 조립해 꺼낸다(template)
사용(동적)	Assets/BaseResource/Card/card_c018.png	5284	아틀라스 card.spriteatlasv2 · 코드가 이름을 조립해 꺼낸다(template)
사용(동적)	Assets/BaseResource/Card/card_c019.png	3007	아틀라스 card.spriteatlasv2 · 코드가 이름을 조립해 꺼낸다(template)
사용(동적)	Assets/BaseResource/Card/card_c020.png	4102	아틀라스 card.spriteatlasv2 · 코드가 이름을 조립해 꺼낸다(template)
사용(동적)	Assets/BaseResource/Card/card_c021.png	9639	아틀라스 card.spriteatlasv2 · 코드가 이름을 조립해 꺼낸다(template)
사용(동적)	Assets/BaseResource/Card/card_c022.png	3002	아틀라스 card.spriteatlasv2 · 코드가 이름을 조립해 꺼낸다(template)
사용(동적)	Assets/BaseResource/Card/card_c023.png	3201	아틀라스 card.spriteatlasv2 · 코드가 이름을 조립해 꺼낸다(template)
사용(동적)	Assets/BaseResource/Card/card_c024.png	2901	아틀라스 card.spriteatlasv2 · 코드가 이름을 조립해 꺼낸다(template)
사용(동적)	Assets/BaseResource/Card/card_c025.png	5381	아틀라스 card.spriteatlasv2 · 코드가 이름을 조립해 꺼낸다(template)
사용(동적)	Assets/BaseResource/Card/card_c026.png	4442	아틀라스 card.spriteatlasv2 · 코드가 이름을 조립해 꺼낸다(template)
사용(동적)	Assets/BaseResource/Card/card_c027.png	3714	아틀라스 card.spriteatlasv2 · 코드가 이름을 조립해 꺼낸다(template)
사용(동적)	Assets/BaseResource/Card/card_c028.png	4913	아틀라스 card.spriteatlasv2 · 코드가 이름을 조립해 꺼낸다(template)
사용(동적)	Assets/BaseResource/Card/card_c029.png	4891	아틀라스 card.spriteatlasv2 · 코드가 이름을 조립해 꺼낸다(template)
사용(동적)	Assets/BaseResource/Card/card_c030.png	3765	아틀라스 card.spriteatlasv2 · 코드가 이름을 조립해 꺼낸다(template)
사용(동적)	Assets/BaseResource/Card/card_c031.png	4873	아틀라스 card.spriteatlasv2 · 코드가 이름을 조립해 꺼낸다(template)
사용(동적)	Assets/BaseResource/Card/card_c032.png	4212	아틀라스 card.spriteatlasv2 · 코드가 이름을 조립해 꺼낸다(template)
사용(동적)	Assets/BaseResource/Card/card_frame_common.png	3731	아틀라스 card.spriteatlasv2 · 코드가 이름을 조립해 꺼낸다(template)
사용(동적)	Assets/BaseResource/Card/card_frame_epic.png	3724	아틀라스 card.spriteatlasv2 · 코드가 이름을 조립해 꺼낸다(template)
사용(동적)	Assets/BaseResource/Card/card_frame_legendary.png	3675	아틀라스 card.spriteatlasv2 · 코드가 이름을 조립해 꺼낸다(template)
사용(동적)	Assets/BaseResource/Card/card_frame_rare.png	3699	아틀라스 card.spriteatlasv2 · 코드가 이름을 조립해 꺼낸다(template)
사용(동적)	Assets/BaseResource/Card/cardpanel_common.png	92456	아틀라스 card.spriteatlasv2 · 코드가 이름을 조립해 꺼낸다(template)
사용(동적)	Assets/BaseResource/Card/cardpanel_epic.png	96931	아틀라스 card.spriteatlasv2 · 코드가 이름을 조립해 꺼낸다(template)
사용(동적)	Assets/BaseResource/Card/cardpanel_legendary.png	103313	아틀라스 card.spriteatlasv2 · 코드가 이름을 조립해 꺼낸다(template)
사용(동적)	Assets/BaseResource/Card/cardpanel_rare.png	94951	아틀라스 card.spriteatlasv2 · 코드가 이름을 조립해 꺼낸다(template)
사용(동적)	Assets/BaseResource/HostSelectPanel/hostportraitimage_amazon.png	1527	아틀라스 hostselectpanel.spriteatlasv2 · 코드가 이름을 조립해 꺼낸다(template)
사용(동적)	Assets/BaseResource/HostSelectPanel/hostportraitimage_amazon_elite.png	2808	아틀라스 hostselectpanel.spriteatlasv2 · 코드가 이름을 조립해 꺼낸다(template)
사용(동적)	Assets/BaseResource/HostSelectPanel/hostportraitimage_baseball.png	1503	아틀라스 hostselectpanel.spriteatlasv2 · 코드가 이름을 조립해 꺼낸다(template)
사용(동적)	Assets/BaseResource/HostSelectPanel/hostportraitimage_commando_grenade.png	1244	아틀라스 hostselectpanel.spriteatlasv2 · 코드가 이름을 조립해 꺼낸다(template)
사용(동적)	Assets/BaseResource/HostSelectPanel/hostportraitimage_commando_laser.png	1195	아틀라스 hostselectpanel.spriteatlasv2 · 코드가 이름을 조립해 꺼낸다(template)
사용(동적)	Assets/BaseResource/HostSelectPanel/hostportraitimage_commando_mg.png	1552	아틀라스 hostselectpanel.spriteatlasv2 · 코드가 이름을 조립해 꺼낸다(template)
사용(동적)	Assets/BaseResource/HostSelectPanel/hostportraitimage_commando_missile.png	1180	아틀라스 hostselectpanel.spriteatlasv2 · 코드가 이름을 조립해 꺼낸다(template)
사용(동적)	Assets/BaseResource/HostSelectPanel/hostportraitimage_death.png	1171	아틀라스 hostselectpanel.spriteatlasv2 · 코드가 이름을 조립해 꺼낸다(template)
사용(동적)	Assets/BaseResource/HostSelectPanel/hostportraitimage_dragon_blue.png	1040	아틀라스 hostselectpanel.spriteatlasv2 · 코드가 이름을 조립해 꺼낸다(template)
사용(동적)	Assets/BaseResource/HostSelectPanel/hostportraitimage_dragoon.png	1704	아틀라스 hostselectpanel.spriteatlasv2 · 코드가 이름을 조립해 꺼낸다(template)
사용(동적)	Assets/BaseResource/HostSelectPanel/hostportraitimage_gangster.png	1242	아틀라스 hostselectpanel.spriteatlasv2 · 코드가 이름을 조립해 꺼낸다(template)
사용(동적)	Assets/BaseResource/HostSelectPanel/hostportraitimage_ghost.png	1046	아틀라스 hostselectpanel.spriteatlasv2 · 코드가 이름을 조립해 꺼낸다(template)
사용(동적)	Assets/BaseResource/HostSelectPanel/hostportraitimage_guru.png	1291	아틀라스 hostselectpanel.spriteatlasv2 · 코드가 이름을 조립해 꺼낸다(template)
사용(동적)	Assets/BaseResource/HostSelectPanel/hostportraitimage_hopper.png	962	아틀라스 hostselectpanel.spriteatlasv2 · 코드가 이름을 조립해 꺼낸다(template)
사용(동적)	Assets/BaseResource/HostSelectPanel/hostportraitimage_hopper_smg.png	1022	아틀라스 hostselectpanel.spriteatlasv2 · 코드가 이름을 조립해 꺼낸다(template)
사용(동적)	Assets/BaseResource/HostSelectPanel/hostportraitimage_medium.png	1073	아틀라스 hostselectpanel.spriteatlasv2 · 코드가 이름을 조립해 꺼낸다(template)
사용(동적)	Assets/BaseResource/HostSelectPanel/hostportraitimage_ninja_chain.png	1368	아틀라스 hostselectpanel.spriteatlasv2 · 코드가 이름을 조립해 꺼낸다(template)
사용(동적)	Assets/BaseResource/HostSelectPanel/hostportraitimage_salamander.png	1194	아틀라스 hostselectpanel.spriteatlasv2 · 코드가 이름을 조립해 꺼낸다(template)
사용(동적)	Assets/BaseResource/HostSelectPanel/hostportraitimage_thug.png	1469	아틀라스 hostselectpanel.spriteatlasv2 · 코드가 이름을 조립해 꺼낸다(template)
사용(동적)	Assets/BaseResource/HostSelectPanel/hostportraitimage_white_wizard.png	1481	아틀라스 hostselectpanel.spriteatlasv2 · 코드가 이름을 조립해 꺼낸다(template)
사용(동적)	Assets/BaseResource/HostSelectPanel/hostslotportrait_amazon.png	1527	아틀라스 hostselectpanel.spriteatlasv2 · 코드가 이름을 조립해 꺼낸다(template)
사용(동적)	Assets/BaseResource/HostSelectPanel/hostslotportrait_amazon_elite.png	2808	아틀라스 hostselectpanel.spriteatlasv2 · 코드가 이름을 조립해 꺼낸다(template)
사용(동적)	Assets/BaseResource/HostSelectPanel/hostslotportrait_baseball.png	1503	아틀라스 hostselectpanel.spriteatlasv2 · 코드가 이름을 조립해 꺼낸다(template)
사용(동적)	Assets/BaseResource/HostSelectPanel/hostslotportrait_commando_grenade.png	1244	아틀라스 hostselectpanel.spriteatlasv2 · 코드가 이름을 조립해 꺼낸다(template)
사용(동적)	Assets/BaseResource/HostSelectPanel/hostslotportrait_commando_laser.png	1195	아틀라스 hostselectpanel.spriteatlasv2 · 코드가 이름을 조립해 꺼낸다(template)
사용(동적)	Assets/BaseResource/HostSelectPanel/hostslotportrait_commando_mg.png	1552	아틀라스 hostselectpanel.spriteatlasv2 · 코드가 이름을 조립해 꺼낸다(template)
사용(동적)	Assets/BaseResource/HostSelectPanel/hostslotportrait_commando_missile.png	1180	아틀라스 hostselectpanel.spriteatlasv2 · 코드가 이름을 조립해 꺼낸다(template)
사용(동적)	Assets/BaseResource/HostSelectPanel/hostslotportrait_death.png	1171	아틀라스 hostselectpanel.spriteatlasv2 · 코드가 이름을 조립해 꺼낸다(template)
사용(동적)	Assets/BaseResource/HostSelectPanel/hostslotportrait_dragon_blue.png	1040	아틀라스 hostselectpanel.spriteatlasv2 · 코드가 이름을 조립해 꺼낸다(template)
사용(동적)	Assets/BaseResource/HostSelectPanel/hostslotportrait_dragoon.png	1704	아틀라스 hostselectpanel.spriteatlasv2 · 코드가 이름을 조립해 꺼낸다(template)
사용(동적)	Assets/BaseResource/HostSelectPanel/hostslotportrait_gangster.png	1242	아틀라스 hostselectpanel.spriteatlasv2 · 코드가 이름을 조립해 꺼낸다(template)
사용(동적)	Assets/BaseResource/HostSelectPanel/hostslotportrait_ghost.png	1046	아틀라스 hostselectpanel.spriteatlasv2 · 코드가 이름을 조립해 꺼낸다(template)
사용(동적)	Assets/BaseResource/HostSelectPanel/hostslotportrait_guru.png	1291	아틀라스 hostselectpanel.spriteatlasv2 · 코드가 이름을 조립해 꺼낸다(template)
사용(동적)	Assets/BaseResource/HostSelectPanel/hostslotportrait_hopper.png	962	아틀라스 hostselectpanel.spriteatlasv2 · 코드가 이름을 조립해 꺼낸다(template)
사용(동적)	Assets/BaseResource/HostSelectPanel/hostslotportrait_hopper_smg.png	1022	아틀라스 hostselectpanel.spriteatlasv2 · 코드가 이름을 조립해 꺼낸다(template)
사용(동적)	Assets/BaseResource/HostSelectPanel/hostslotportrait_medium.png	1073	아틀라스 hostselectpanel.spriteatlasv2 · 코드가 이름을 조립해 꺼낸다(template)
사용(동적)	Assets/BaseResource/HostSelectPanel/hostslotportrait_ninja_chain.png	1368	아틀라스 hostselectpanel.spriteatlasv2 · 코드가 이름을 조립해 꺼낸다(template)
사용(동적)	Assets/BaseResource/HostSelectPanel/hostslotportrait_salamander.png	1194	아틀라스 hostselectpanel.spriteatlasv2 · 코드가 이름을 조립해 꺼낸다(template)
사용(동적)	Assets/BaseResource/HostSelectPanel/hostslotportrait_thug.png	1469	아틀라스 hostselectpanel.spriteatlasv2 · 코드가 이름을 조립해 꺼낸다(template)
사용(동적)	Assets/BaseResource/HostSelectPanel/hostslotportrait_white_wizard.png	1481	아틀라스 hostselectpanel.spriteatlasv2 · 코드가 이름을 조립해 꺼낸다(template)
사용(동적)	Assets/BaseResource/HostSelectPanel/icon_grade_a.png	351	아틀라스 hostselectpanel.spriteatlasv2 · 코드가 이름을 조립해 꺼낸다(template)
사용(동적)	Assets/BaseResource/HostSelectPanel/icon_grade_b.png	325	아틀라스 hostselectpanel.spriteatlasv2 · 코드가 이름을 조립해 꺼낸다(template)
사용(동적)	Assets/BaseResource/HostSelectPanel/icon_grade_s.png	293	아틀라스 hostselectpanel.spriteatlasv2 · 코드가 이름을 조립해 꺼낸다(template)
사용(동적)	Assets/BaseResource/HostSelectPanel/jobbadge_melee.png	288	아틀라스 hostselectpanel.spriteatlasv2 · 코드가 이름을 조립해 꺼낸다(template)
사용(동적)	Assets/BaseResource/HostSelectPanel/jobbadge_midrange.png	286	아틀라스 hostselectpanel.spriteatlasv2 · 코드가 이름을 조립해 꺼낸다(template)
사용(동적)	Assets/BaseResource/HostSelectPanel/jobbadge_piercing.png	289	아틀라스 hostselectpanel.spriteatlasv2 · 코드가 이름을 조립해 꺼낸다(template)
사용(동적)	Assets/BaseResource/HostSelectPanel/jobbadge_ranged.png	293	아틀라스 hostselectpanel.spriteatlasv2 · 코드가 이름을 조립해 꺼낸다(template)
사용(동적)	Assets/BaseResource/InGameMainUI/buffcard_c001.png	17529	아틀라스 ingamemainui.spriteatlasv2 · 코드가 이름을 조립해 꺼낸다(template)
사용(동적)	Assets/BaseResource/InGameMainUI/buffcard_c002.png	20444	아틀라스 ingamemainui.spriteatlasv2 · 코드가 이름을 조립해 꺼낸다(template)
사용(동적)	Assets/BaseResource/InGameMainUI/buffcard_c003.png	19281	아틀라스 ingamemainui.spriteatlasv2 · 코드가 이름을 조립해 꺼낸다(template)
사용(동적)	Assets/BaseResource/InGameMainUI/buffcard_c004.png	21633	아틀라스 ingamemainui.spriteatlasv2 · 코드가 이름을 조립해 꺼낸다(template)
사용(동적)	Assets/BaseResource/InGameMainUI/buffcard_c005.png	20566	아틀라스 ingamemainui.spriteatlasv2 · 코드가 이름을 조립해 꺼낸다(template)
사용(동적)	Assets/BaseResource/InGameMainUI/buffcard_c006.png	22351	아틀라스 ingamemainui.spriteatlasv2 · 코드가 이름을 조립해 꺼낸다(template)
사용(동적)	Assets/BaseResource/InGameMainUI/buffcard_c007.png	20250	아틀라스 ingamemainui.spriteatlasv2 · 코드가 이름을 조립해 꺼낸다(template)
사용(동적)	Assets/BaseResource/InGameMainUI/buffcard_c008.png	13662	아틀라스 ingamemainui.spriteatlasv2 · 코드가 이름을 조립해 꺼낸다(template)
사용(동적)	Assets/BaseResource/InGameMainUI/buffcard_c009.png	19837	아틀라스 ingamemainui.spriteatlasv2 · 코드가 이름을 조립해 꺼낸다(template)
사용(동적)	Assets/BaseResource/InGameMainUI/buffcard_c010.png	20517	아틀라스 ingamemainui.spriteatlasv2 · 코드가 이름을 조립해 꺼낸다(template)
사용(동적)	Assets/BaseResource/InGameMainUI/buffcard_c011.png	1231	아틀라스 ingamemainui.spriteatlasv2 · 코드가 이름을 조립해 꺼낸다(template)
사용(동적)	Assets/BaseResource/InGameMainUI/buffcard_c012.png	1078	아틀라스 ingamemainui.spriteatlasv2 · 코드가 이름을 조립해 꺼낸다(template)
사용(동적)	Assets/BaseResource/InGameMainUI/buffcard_c013.png	1641	아틀라스 ingamemainui.spriteatlasv2 · 코드가 이름을 조립해 꺼낸다(template)
사용(동적)	Assets/BaseResource/InGameMainUI/buffcard_c014.png	1162	아틀라스 ingamemainui.spriteatlasv2 · 코드가 이름을 조립해 꺼낸다(template)
사용(동적)	Assets/BaseResource/InGameMainUI/buffcard_c015.png	1296	아틀라스 ingamemainui.spriteatlasv2 · 코드가 이름을 조립해 꺼낸다(template)
사용(동적)	Assets/BaseResource/InGameMainUI/buffcard_c016.png	1305	아틀라스 ingamemainui.spriteatlasv2 · 코드가 이름을 조립해 꺼낸다(template)
사용(동적)	Assets/BaseResource/InGameMainUI/buffcard_c017.png	662	아틀라스 ingamemainui.spriteatlasv2 · 코드가 이름을 조립해 꺼낸다(template)
사용(동적)	Assets/BaseResource/InGameMainUI/buffcard_c018.png	1153	아틀라스 ingamemainui.spriteatlasv2 · 코드가 이름을 조립해 꺼낸다(template)
사용(동적)	Assets/BaseResource/InGameMainUI/buffcard_c019.png	1084	아틀라스 ingamemainui.spriteatlasv2 · 코드가 이름을 조립해 꺼낸다(template)
사용(동적)	Assets/BaseResource/InGameMainUI/buffcard_c020.png	1331	아틀라스 ingamemainui.spriteatlasv2 · 코드가 이름을 조립해 꺼낸다(template)
사용(동적)	Assets/BaseResource/InGameMainUI/buffcard_c021.png	1082	아틀라스 ingamemainui.spriteatlasv2 · 코드가 이름을 조립해 꺼낸다(template)
사용(동적)	Assets/BaseResource/InGameMainUI/buffcard_c022.png	1022	아틀라스 ingamemainui.spriteatlasv2 · 코드가 이름을 조립해 꺼낸다(template)
사용(동적)	Assets/BaseResource/InGameMainUI/buffcard_c023.png	1116	아틀라스 ingamemainui.spriteatlasv2 · 코드가 이름을 조립해 꺼낸다(template)
사용(동적)	Assets/BaseResource/InGameMainUI/buffcard_c024.png	1076	아틀라스 ingamemainui.spriteatlasv2 · 코드가 이름을 조립해 꺼낸다(template)
사용(동적)	Assets/BaseResource/InGameMainUI/buffcard_c025.png	1296	아틀라스 ingamemainui.spriteatlasv2 · 코드가 이름을 조립해 꺼낸다(template)
사용(동적)	Assets/BaseResource/InGameMainUI/buffcard_c026.png	1266	아틀라스 ingamemainui.spriteatlasv2 · 코드가 이름을 조립해 꺼낸다(template)
사용(동적)	Assets/BaseResource/InGameMainUI/buffcard_c027.png	1398	아틀라스 ingamemainui.spriteatlasv2 · 코드가 이름을 조립해 꺼낸다(template)
사용(동적)	Assets/BaseResource/InGameMainUI/buffcard_c028.png	1154	아틀라스 ingamemainui.spriteatlasv2 · 코드가 이름을 조립해 꺼낸다(template)
사용(동적)	Assets/BaseResource/InGameMainUI/buffcard_c029.png	1136	아틀라스 ingamemainui.spriteatlasv2 · 코드가 이름을 조립해 꺼낸다(template)
사용(동적)	Assets/BaseResource/InGameMainUI/buffcard_c030.png	1071	아틀라스 ingamemainui.spriteatlasv2 · 코드가 이름을 조립해 꺼낸다(template)
사용(동적)	Assets/BaseResource/InGameMainUI/buffcard_c031.png	1202	아틀라스 ingamemainui.spriteatlasv2 · 코드가 이름을 조립해 꺼낸다(template)
사용(동적)	Assets/BaseResource/InGameMainUI/buffcard_c032.png	1232	아틀라스 ingamemainui.spriteatlasv2 · 코드가 이름을 조립해 꺼낸다(template)
사용(동적)	Assets/BaseResource/InGameMainUI/buffcard_heal.png	1270	아틀라스 ingamemainui.spriteatlasv2 · 코드가 이름을 조립해 꺼낸다(template)
사용(동적)	Assets/BaseResource/InGameMainUI/floor_tile_ch1.png	1541	아틀라스 ingamemainui.spriteatlasv2 · 코드가 이름을 조립해 꺼낸다(template)
사용(동적)	Assets/BaseResource/InGameMainUI/floor_tile_ch2.png	1543	아틀라스 ingamemainui.spriteatlasv2 · 코드가 이름을 조립해 꺼낸다(template)
사용(동적)	Assets/BaseResource/InGameMainUI/floor_tile_ch3.png	1544	아틀라스 ingamemainui.spriteatlasv2 · 코드가 이름을 조립해 꺼낸다(template)
사용(동적)	Assets/BaseResource/InGameMainUI/fx_amland_1.png	2311	아틀라스 ingamemainui.spriteatlasv2 · 코드가 이름을 조립해 꺼낸다(template)
사용(동적)	Assets/BaseResource/InGameMainUI/fx_amland_2.png	6123	아틀라스 ingamemainui.spriteatlasv2 · 코드가 이름을 조립해 꺼낸다(template)
사용(동적)	Assets/BaseResource/InGameMainUI/fx_amland_3.png	5767	아틀라스 ingamemainui.spriteatlasv2 · 코드가 이름을 조립해 꺼낸다(template)
사용(동적)	Assets/BaseResource/InGameMainUI/fx_amland_4.png	3261	아틀라스 ingamemainui.spriteatlasv2 · 코드가 이름을 조립해 꺼낸다(template)
사용(동적)	Assets/BaseResource/InGameMainUI/fx_bat_1.png	777	아틀라스 ingamemainui.spriteatlasv2 · 코드가 이름을 조립해 꺼낸다(template)
사용(동적)	Assets/BaseResource/InGameMainUI/fx_bat_2.png	485	아틀라스 ingamemainui.spriteatlasv2 · 코드가 이름을 조립해 꺼낸다(template)
사용(동적)	Assets/BaseResource/InGameMainUI/fx_bat_3.png	748	아틀라스 ingamemainui.spriteatlasv2 · 코드가 이름을 조립해 꺼낸다(template)
사용(동적)	Assets/BaseResource/InGameMainUI/fx_bat_4.png	469	아틀라스 ingamemainui.spriteatlasv2 · 코드가 이름을 조립해 꺼낸다(template)
사용(동적)	Assets/BaseResource/InGameMainUI/fx_bat_sheet.png	1407	아틀라스 ingamemainui.spriteatlasv2 · 코드가 이름을 조립해 꺼낸다(template)
사용(동적)	Assets/BaseResource/InGameMainUI/fx_bite_1.png	2319	아틀라스 ingamemainui.spriteatlasv2 · 코드가 이름을 조립해 꺼낸다(template)
사용(동적)	Assets/BaseResource/InGameMainUI/fx_bite_2.png	4425	아틀라스 ingamemainui.spriteatlasv2 · 코드가 이름을 조립해 꺼낸다(template)
사용(동적)	Assets/BaseResource/InGameMainUI/fx_bite_3.png	3426	아틀라스 ingamemainui.spriteatlasv2 · 코드가 이름을 조립해 꺼낸다(template)
사용(동적)	Assets/BaseResource/InGameMainUI/fx_bite_4.png	1316	아틀라스 ingamemainui.spriteatlasv2 · 코드가 이름을 조립해 꺼낸다(template)
사용(동적)	Assets/BaseResource/InGameMainUI/fx_bolt_1.png	8685	아틀라스 ingamemainui.spriteatlasv2 · 코드가 이름을 조립해 꺼낸다(template)
사용(동적)	Assets/BaseResource/InGameMainUI/fx_bolt_2.png	5855	아틀라스 ingamemainui.spriteatlasv2 · 코드가 이름을 조립해 꺼낸다(template)
사용(동적)	Assets/BaseResource/InGameMainUI/fx_bolt_3.png	9633	아틀라스 ingamemainui.spriteatlasv2 · 코드가 이름을 조립해 꺼낸다(template)
사용(동적)	Assets/BaseResource/InGameMainUI/fx_bolt_4.png	5816	아틀라스 ingamemainui.spriteatlasv2 · 코드가 이름을 조립해 꺼낸다(template)
사용(동적)	Assets/BaseResource/InGameMainUI/fx_boltbeam_1.png	16967	아틀라스 ingamemainui.spriteatlasv2 · 코드가 이름을 조립해 꺼낸다(template)
사용(동적)	Assets/BaseResource/InGameMainUI/fx_boltbeam_2.png	22777	아틀라스 ingamemainui.spriteatlasv2 · 코드가 이름을 조립해 꺼낸다(template)
사용(동적)	Assets/BaseResource/InGameMainUI/fx_boltbeam_3.png	18564	아틀라스 ingamemainui.spriteatlasv2 · 코드가 이름을 조립해 꺼낸다(template)
사용(동적)	Assets/BaseResource/InGameMainUI/fx_boltbeam_4.png	13807	아틀라스 ingamemainui.spriteatlasv2 · 코드가 이름을 조립해 꺼낸다(template)
사용(동적)	Assets/BaseResource/InGameMainUI/fx_boltbeam_sheet.png	5639	아틀라스 ingamemainui.spriteatlasv2 · 코드가 이름을 조립해 꺼낸다(template)
사용(동적)	Assets/BaseResource/InGameMainUI/fx_bossdeath_1.png	52661	아틀라스 ingamemainui.spriteatlasv2 · 코드가 이름을 조립해 꺼낸다(template)
사용(동적)	Assets/BaseResource/InGameMainUI/fx_bossdeath_2.png	44115	아틀라스 ingamemainui.spriteatlasv2 · 코드가 이름을 조립해 꺼낸다(template)
사용(동적)	Assets/BaseResource/InGameMainUI/fx_bossdeath_3.png	64031	아틀라스 ingamemainui.spriteatlasv2 · 코드가 이름을 조립해 꺼낸다(template)
사용(동적)	Assets/BaseResource/InGameMainUI/fx_bossdeath_4.png	73296	아틀라스 ingamemainui.spriteatlasv2 · 코드가 이름을 조립해 꺼낸다(template)
사용(동적)	Assets/BaseResource/InGameMainUI/fx_bossdeath_5.png	58038	아틀라스 ingamemainui.spriteatlasv2 · 코드가 이름을 조립해 꺼낸다(template)
사용(동적)	Assets/BaseResource/InGameMainUI/fx_bossdeath_6.png	42822	아틀라스 ingamemainui.spriteatlasv2 · 코드가 이름을 조립해 꺼낸다(template)
사용(동적)	Assets/BaseResource/InGameMainUI/fx_bossdeath_7.png	30429	아틀라스 ingamemainui.spriteatlasv2 · 코드가 이름을 조립해 꺼낸다(template)
사용(동적)	Assets/BaseResource/InGameMainUI/fx_bossdeath_8.png	21100	아틀라스 ingamemainui.spriteatlasv2 · 코드가 이름을 조립해 꺼낸다(template)
사용(동적)	Assets/BaseResource/InGameMainUI/fx_breath_fire_5.png	7796	아틀라스 ingamemainui.spriteatlasv2 · 코드가 이름을 조립해 꺼낸다(template)
사용(동적)	Assets/BaseResource/InGameMainUI/fx_breath_fire_sheet.png	68375	아틀라스 ingamemainui.spriteatlasv2 · 코드가 이름을 조립해 꺼낸다(template)
사용(동적)	Assets/BaseResource/InGameMainUI/fx_breath_ice_1.png	11022	아틀라스 ingamemainui.spriteatlasv2 · 코드가 이름을 조립해 꺼낸다(template)
사용(동적)	Assets/BaseResource/InGameMainUI/fx_breath_ice_2.png	16329	아틀라스 ingamemainui.spriteatlasv2 · 코드가 이름을 조립해 꺼낸다(template)
사용(동적)	Assets/BaseResource/InGameMainUI/fx_breath_ice_3.png	17886	아틀라스 ingamemainui.spriteatlasv2 · 코드가 이름을 조립해 꺼낸다(template)
사용(동적)	Assets/BaseResource/InGameMainUI/fx_breath_ice_4.png	17700	아틀라스 ingamemainui.spriteatlasv2 · 코드가 이름을 조립해 꺼낸다(template)
사용(동적)	Assets/BaseResource/InGameMainUI/fx_breath_ice_5.png	11807	아틀라스 ingamemainui.spriteatlasv2 · 코드가 이름을 조립해 꺼낸다(template)
사용(동적)	Assets/BaseResource/InGameMainUI/fx_breath_ice_sheet.png	75448	아틀라스 ingamemainui.spriteatlasv2 · 코드가 이름을 조립해 꺼낸다(template)
사용(동적)	Assets/BaseResource/InGameMainUI/fx_bulge_1.png	784	아틀라스 ingamemainui.spriteatlasv2 · 코드가 이름을 조립해 꺼낸다(template)
사용(동적)	Assets/BaseResource/InGameMainUI/fx_bulge_2.png	2112	아틀라스 ingamemainui.spriteatlasv2 · 코드가 이름을 조립해 꺼낸다(template)
사용(동적)	Assets/BaseResource/InGameMainUI/fx_bulge_3.png	3021	아틀라스 ingamemainui.spriteatlasv2 · 코드가 이름을 조립해 꺼낸다(template)
사용(동적)	Assets/BaseResource/InGameMainUI/fx_bulge_4.png	4297	아틀라스 ingamemainui.spriteatlasv2 · 코드가 이름을 조립해 꺼낸다(template)
사용(동적)	Assets/BaseResource/InGameMainUI/fx_burn_1.png	1149	아틀라스 ingamemainui.spriteatlasv2 · 코드가 이름을 조립해 꺼낸다(template)
사용(동적)	Assets/BaseResource/InGameMainUI/fx_burn_2.png	1139	아틀라스 ingamemainui.spriteatlasv2 · 코드가 이름을 조립해 꺼낸다(template)
사용(동적)	Assets/BaseResource/InGameMainUI/fx_burn_3.png	972	아틀라스 ingamemainui.spriteatlasv2 · 코드가 이름을 조립해 꺼낸다(template)
사용(동적)	Assets/BaseResource/InGameMainUI/fx_burn_4.png	1112	아틀라스 ingamemainui.spriteatlasv2 · 코드가 이름을 조립해 꺼낸다(template)
사용(동적)	Assets/BaseResource/InGameMainUI/fx_burn_5.png	1159	아틀라스 ingamemainui.spriteatlasv2 · 코드가 이름을 조립해 꺼낸다(template)
사용(동적)	Assets/BaseResource/InGameMainUI/fx_burn_6.png	1062	아틀라스 ingamemainui.spriteatlasv2 · 코드가 이름을 조립해 꺼낸다(template)
사용(동적)	Assets/BaseResource/InGameMainUI/fx_burn_sheet.png	3685	아틀라스 ingamemainui.spriteatlasv2 · 코드가 이름을 조립해 꺼낸다(template)
사용(동적)	Assets/BaseResource/InGameMainUI/fx_burrow_1.png	17802	아틀라스 ingamemainui.spriteatlasv2 · 코드가 이름을 조립해 꺼낸다(template)
사용(동적)	Assets/BaseResource/InGameMainUI/fx_burrow_2.png	19674	아틀라스 ingamemainui.spriteatlasv2 · 코드가 이름을 조립해 꺼낸다(template)
사용(동적)	Assets/BaseResource/InGameMainUI/fx_burrow_3.png	22787	아틀라스 ingamemainui.spriteatlasv2 · 코드가 이름을 조립해 꺼낸다(template)
사용(동적)	Assets/BaseResource/InGameMainUI/fx_burrow_4.png	19903	아틀라스 ingamemainui.spriteatlasv2 · 코드가 이름을 조립해 꺼낸다(template)
사용(동적)	Assets/BaseResource/InGameMainUI/fx_burst_1.png	28353	아틀라스 ingamemainui.spriteatlasv2 · 코드가 이름을 조립해 꺼낸다(template)
사용(동적)	Assets/BaseResource/InGameMainUI/fx_burst_2.png	70150	아틀라스 ingamemainui.spriteatlasv2 · 코드가 이름을 조립해 꺼낸다(template)
사용(동적)	Assets/BaseResource/InGameMainUI/fx_burst_3.png	61104	아틀라스 ingamemainui.spriteatlasv2 · 코드가 이름을 조립해 꺼낸다(template)
사용(동적)	Assets/BaseResource/InGameMainUI/fx_burst_4.png	41013	아틀라스 ingamemainui.spriteatlasv2 · 코드가 이름을 조립해 꺼낸다(template)
사용(동적)	Assets/BaseResource/InGameMainUI/fx_burst_sheet.png	6981	아틀라스 ingamemainui.spriteatlasv2 · 코드가 이름을 조립해 꺼낸다(template)
사용(동적)	Assets/BaseResource/InGameMainUI/fx_castburst_1.png	19654	아틀라스 ingamemainui.spriteatlasv2 · 코드가 이름을 조립해 꺼낸다(template)
사용(동적)	Assets/BaseResource/InGameMainUI/fx_castburst_2.png	49816	아틀라스 ingamemainui.spriteatlasv2 · 코드가 이름을 조립해 꺼낸다(template)
사용(동적)	Assets/BaseResource/InGameMainUI/fx_castburst_3.png	57182	아틀라스 ingamemainui.spriteatlasv2 · 코드가 이름을 조립해 꺼낸다(template)
사용(동적)	Assets/BaseResource/InGameMainUI/fx_castflash_1.png	19085	아틀라스 ingamemainui.spriteatlasv2 · 코드가 이름을 조립해 꺼낸다(template)
사용(동적)	Assets/BaseResource/InGameMainUI/fx_castflash_2.png	44728	아틀라스 ingamemainui.spriteatlasv2 · 코드가 이름을 조립해 꺼낸다(template)
사용(동적)	Assets/BaseResource/InGameMainUI/fx_castflash_3.png	47410	아틀라스 ingamemainui.spriteatlasv2 · 코드가 이름을 조립해 꺼낸다(template)
사용(동적)	Assets/BaseResource/InGameMainUI/fx_castflash_4.png	13955	아틀라스 ingamemainui.spriteatlasv2 · 코드가 이름을 조립해 꺼낸다(template)
사용(동적)	Assets/BaseResource/InGameMainUI/fx_castlines_1.png	11288	아틀라스 ingamemainui.spriteatlasv2 · 코드가 이름을 조립해 꺼낸다(template)
사용(동적)	Assets/BaseResource/InGameMainUI/fx_castlines_2.png	18355	아틀라스 ingamemainui.spriteatlasv2 · 코드가 이름을 조립해 꺼낸다(template)
사용(동적)	Assets/BaseResource/InGameMainUI/fx_castlines_3.png	10121	아틀라스 ingamemainui.spriteatlasv2 · 코드가 이름을 조립해 꺼낸다(template)
사용(동적)	Assets/BaseResource/InGameMainUI/fx_castring_1.png	33273	아틀라스 ingamemainui.spriteatlasv2 · 코드가 이름을 조립해 꺼낸다(template)
사용(동적)	Assets/BaseResource/InGameMainUI/fx_castring_2.png	49636	아틀라스 ingamemainui.spriteatlasv2 · 코드가 이름을 조립해 꺼낸다(template)
사용(동적)	Assets/BaseResource/InGameMainUI/fx_castring_3.png	57957	아틀라스 ingamemainui.spriteatlasv2 · 코드가 이름을 조립해 꺼낸다(template)
사용(동적)	Assets/BaseResource/InGameMainUI/fx_castring_4.png	53574	아틀라스 ingamemainui.spriteatlasv2 · 코드가 이름을 조립해 꺼낸다(template)
사용(동적)	Assets/BaseResource/InGameMainUI/fx_cbchain_1.png	17590	아틀라스 ingamemainui.spriteatlasv2 · 코드가 이름을 조립해 꺼낸다(template)
사용(동적)	Assets/BaseResource/InGameMainUI/fx_cbhold_1.png	13730	아틀라스 ingamemainui.spriteatlasv2 · 코드가 이름을 조립해 꺼낸다(template)
사용(동적)	Assets/BaseResource/InGameMainUI/fx_cbsnap_1.png	5476	아틀라스 ingamemainui.spriteatlasv2 · 코드가 이름을 조립해 꺼낸다(template)
사용(동적)	Assets/BaseResource/InGameMainUI/fx_cbsnap_2.png	11073	아틀라스 ingamemainui.spriteatlasv2 · 코드가 이름을 조립해 꺼낸다(template)
사용(동적)	Assets/BaseResource/InGameMainUI/fx_cbsnap_3.png	3890	아틀라스 ingamemainui.spriteatlasv2 · 코드가 이름을 조립해 꺼낸다(template)
사용(동적)	Assets/BaseResource/InGameMainUI/fx_cbwrap_1.png	29564	아틀라스 ingamemainui.spriteatlasv2 · 코드가 이름을 조립해 꺼낸다(template)
사용(동적)	Assets/BaseResource/InGameMainUI/fx_cbwrap_2.png	34719	아틀라스 ingamemainui.spriteatlasv2 · 코드가 이름을 조립해 꺼낸다(template)
사용(동적)	Assets/BaseResource/InGameMainUI/fx_cbwrap_3.png	31319	아틀라스 ingamemainui.spriteatlasv2 · 코드가 이름을 조립해 꺼낸다(template)
사용(동적)	Assets/BaseResource/InGameMainUI/fx_chain_1.png	800	아틀라스 ingamemainui.spriteatlasv2 · 코드가 이름을 조립해 꺼낸다(template)
사용(동적)	Assets/BaseResource/InGameMainUI/fx_chain_2.png	748	아틀라스 ingamemainui.spriteatlasv2 · 코드가 이름을 조립해 꺼낸다(template)
사용(동적)	Assets/BaseResource/InGameMainUI/fx_chain_3.png	776	아틀라스 ingamemainui.spriteatlasv2 · 코드가 이름을 조립해 꺼낸다(template)
사용(동적)	Assets/BaseResource/InGameMainUI/fx_chain_sheet.png	1805	아틀라스 ingamemainui.spriteatlasv2 · 코드가 이름을 조립해 꺼낸다(template)
사용(동적)	Assets/BaseResource/InGameMainUI/fx_cmwall_1.png	15546	아틀라스 ingamemainui.spriteatlasv2 · 코드가 이름을 조립해 꺼낸다(template)
사용(동적)	Assets/BaseResource/InGameMainUI/fx_cmwall_2.png	17159	아틀라스 ingamemainui.spriteatlasv2 · 코드가 이름을 조립해 꺼낸다(template)
사용(동적)	Assets/BaseResource/InGameMainUI/fx_cmwall_3.png	28714	아틀라스 ingamemainui.spriteatlasv2 · 코드가 이름을 조립해 꺼낸다(template)
사용(동적)	Assets/BaseResource/InGameMainUI/fx_cmwall_4.png	30007	아틀라스 ingamemainui.spriteatlasv2 · 코드가 이름을 조립해 꺼낸다(template)
사용(동적)	Assets/BaseResource/InGameMainUI/fx_cmwall_5.png	33408	아틀라스 ingamemainui.spriteatlasv2 · 코드가 이름을 조립해 꺼낸다(template)
사용(동적)	Assets/BaseResource/InGameMainUI/fx_cmwall_6.png	34553	아틀라스 ingamemainui.spriteatlasv2 · 코드가 이름을 조립해 꺼낸다(template)
사용(동적)	Assets/BaseResource/InGameMainUI/fx_cmwall_7.png	29944	아틀라스 ingamemainui.spriteatlasv2 · 코드가 이름을 조립해 꺼낸다(template)
사용(동적)	Assets/BaseResource/InGameMainUI/fx_cmwall_8.png	29968	아틀라스 ingamemainui.spriteatlasv2 · 코드가 이름을 조립해 꺼낸다(template)
사용(동적)	Assets/BaseResource/InGameMainUI/fx_crit_1.png	15991	아틀라스 ingamemainui.spriteatlasv2 · 코드가 이름을 조립해 꺼낸다(template)
사용(동적)	Assets/BaseResource/InGameMainUI/fx_crit_2.png	19655	아틀라스 ingamemainui.spriteatlasv2 · 코드가 이름을 조립해 꺼낸다(template)
사용(동적)	Assets/BaseResource/InGameMainUI/fx_crit_3.png	11655	아틀라스 ingamemainui.spriteatlasv2 · 코드가 이름을 조립해 꺼낸다(template)
사용(동적)	Assets/BaseResource/InGameMainUI/fx_crit_4.png	4672	아틀라스 ingamemainui.spriteatlasv2 · 코드가 이름을 조립해 꺼낸다(template)
사용(동적)	Assets/BaseResource/InGameMainUI/fx_crit_5.png	4672	아틀라스 ingamemainui.spriteatlasv2 · 코드가 이름을 조립해 꺼낸다(template)
사용(동적)	Assets/BaseResource/InGameMainUI/fx_critlock_1.png	6830	아틀라스 ingamemainui.spriteatlasv2 · 코드가 이름을 조립해 꺼낸다(template)
사용(동적)	Assets/BaseResource/InGameMainUI/fx_critlock_2.png	6413	아틀라스 ingamemainui.spriteatlasv2 · 코드가 이름을 조립해 꺼낸다(template)
사용(동적)	Assets/BaseResource/InGameMainUI/fx_critlock_3.png	6472	아틀라스 ingamemainui.spriteatlasv2 · 코드가 이름을 조립해 꺼낸다(template)
사용(동적)	Assets/BaseResource/InGameMainUI/fx_critlock_4.png	6638	아틀라스 ingamemainui.spriteatlasv2 · 코드가 이름을 조립해 꺼낸다(template)
사용(동적)	Assets/BaseResource/InGameMainUI/fx_critlock_sheet.png	20482	아틀라스 ingamemainui.spriteatlasv2 · 코드가 이름을 조립해 꺼낸다(template)
사용(동적)	Assets/BaseResource/InGameMainUI/fx_crusher_lamp_1.png	676	아틀라스 ingamemainui.spriteatlasv2 · 코드가 이름을 조립해 꺼낸다(template)
사용(동적)	Assets/BaseResource/InGameMainUI/fx_crusher_lamp_2.png	676	아틀라스 ingamemainui.spriteatlasv2 · 코드가 이름을 조립해 꺼낸다(template)
사용(동적)	Assets/BaseResource/InGameMainUI/fx_crusher_lamp_3.png	680	아틀라스 ingamemainui.spriteatlasv2 · 코드가 이름을 조립해 꺼낸다(template)
사용(동적)	Assets/BaseResource/InGameMainUI/fx_crusher_lamp_4.png	678	아틀라스 ingamemainui.spriteatlasv2 · 코드가 이름을 조립해 꺼낸다(template)
사용(동적)	Assets/BaseResource/InGameMainUI/fx_crusher_lamp_5.png	676	아틀라스 ingamemainui.spriteatlasv2 · 코드가 이름을 조립해 꺼낸다(template)
사용(동적)	Assets/BaseResource/InGameMainUI/fx_curse_beam_1.png	479	아틀라스 ingamemainui.spriteatlasv2 · 코드가 이름을 조립해 꺼낸다(template)
사용(동적)	Assets/BaseResource/InGameMainUI/fx_curse_beam_2.png	438	아틀라스 ingamemainui.spriteatlasv2 · 코드가 이름을 조립해 꺼낸다(template)
사용(동적)	Assets/BaseResource/InGameMainUI/fx_curse_beam_3.png	488	아틀라스 ingamemainui.spriteatlasv2 · 코드가 이름을 조립해 꺼낸다(template)
사용(동적)	Assets/BaseResource/InGameMainUI/fx_curse_beam_sheet.png	1302	아틀라스 ingamemainui.spriteatlasv2 · 코드가 이름을 조립해 꺼낸다(template)
사용(동적)	Assets/BaseResource/InGameMainUI/fx_dash_1.png	219	아틀라스 ingamemainui.spriteatlasv2 · 코드가 이름을 조립해 꺼낸다(template)
사용(동적)	Assets/BaseResource/InGameMainUI/fx_dash_2.png	231	아틀라스 ingamemainui.spriteatlasv2 · 코드가 이름을 조립해 꺼낸다(template)
사용(동적)	Assets/BaseResource/InGameMainUI/fx_dash_3.png	229	아틀라스 ingamemainui.spriteatlasv2 · 코드가 이름을 조립해 꺼낸다(template)
사용(동적)	Assets/BaseResource/InGameMainUI/fx_dotcrit_1.png	920	아틀라스 ingamemainui.spriteatlasv2 · 코드가 이름을 조립해 꺼낸다(template)
사용(동적)	Assets/BaseResource/InGameMainUI/fx_dotcrit_2.png	5753	아틀라스 ingamemainui.spriteatlasv2 · 코드가 이름을 조립해 꺼낸다(template)
사용(동적)	Assets/BaseResource/InGameMainUI/fx_dotcrit_3.png	17087	아틀라스 ingamemainui.spriteatlasv2 · 코드가 이름을 조립해 꺼낸다(template)
사용(동적)	Assets/BaseResource/InGameMainUI/fx_dotcrit_4.png	13476	아틀라스 ingamemainui.spriteatlasv2 · 코드가 이름을 조립해 꺼낸다(template)
사용(동적)	Assets/BaseResource/InGameMainUI/fx_dotcrit_5.png	4315	아틀라스 ingamemainui.spriteatlasv2 · 코드가 이름을 조립해 꺼낸다(template)
사용(동적)	Assets/BaseResource/InGameMainUI/fx_dotcrit_6.png	1121	아틀라스 ingamemainui.spriteatlasv2 · 코드가 이름을 조립해 꺼낸다(template)
사용(동적)	Assets/BaseResource/InGameMainUI/fx_dothit_1.png	876	아틀라스 ingamemainui.spriteatlasv2 · 코드가 이름을 조립해 꺼낸다(template)
사용(동적)	Assets/BaseResource/InGameMainUI/fx_dothit_2.png	2332	아틀라스 ingamemainui.spriteatlasv2 · 코드가 이름을 조립해 꺼낸다(template)
사용(동적)	Assets/BaseResource/InGameMainUI/fx_dothit_3.png	6335	아틀라스 ingamemainui.spriteatlasv2 · 코드가 이름을 조립해 꺼낸다(template)
사용(동적)	Assets/BaseResource/InGameMainUI/fx_dothit_4.png	4791	아틀라스 ingamemainui.spriteatlasv2 · 코드가 이름을 조립해 꺼낸다(template)
사용(동적)	Assets/BaseResource/InGameMainUI/fx_dothit_5.png	1837	아틀라스 ingamemainui.spriteatlasv2 · 코드가 이름을 조립해 꺼낸다(template)
사용(동적)	Assets/BaseResource/InGameMainUI/fx_drain_1.png	925	아틀라스 ingamemainui.spriteatlasv2 · 코드가 이름을 조립해 꺼낸다(template)
사용(동적)	Assets/BaseResource/InGameMainUI/fx_drain_2.png	1019	아틀라스 ingamemainui.spriteatlasv2 · 코드가 이름을 조립해 꺼낸다(template)
사용(동적)	Assets/BaseResource/InGameMainUI/fx_drain_3.png	1287	아틀라스 ingamemainui.spriteatlasv2 · 코드가 이름을 조립해 꺼낸다(template)
사용(동적)	Assets/BaseResource/InGameMainUI/fx_drain_sheet.png	2860	아틀라스 ingamemainui.spriteatlasv2 · 코드가 이름을 조립해 꺼낸다(template)
사용(동적)	Assets/BaseResource/InGameMainUI/fx_dsbolt_1.png	24106	아틀라스 ingamemainui.spriteatlasv2 · 코드가 이름을 조립해 꺼낸다(template)
사용(동적)	Assets/BaseResource/InGameMainUI/fx_dsbolt_2.png	25942	아틀라스 ingamemainui.spriteatlasv2 · 코드가 이름을 조립해 꺼낸다(template)
사용(동적)	Assets/BaseResource/InGameMainUI/fx_dsbolt_3.png	25304	아틀라스 ingamemainui.spriteatlasv2 · 코드가 이름을 조립해 꺼낸다(template)
사용(동적)	Assets/BaseResource/InGameMainUI/fx_dscoil_1.png	47678	아틀라스 ingamemainui.spriteatlasv2 · 코드가 이름을 조립해 꺼낸다(template)
사용(동적)	Assets/BaseResource/InGameMainUI/fx_dscoil_2.png	48035	아틀라스 ingamemainui.spriteatlasv2 · 코드가 이름을 조립해 꺼낸다(template)
사용(동적)	Assets/BaseResource/InGameMainUI/fx_dsspark_1.png	12728	아틀라스 ingamemainui.spriteatlasv2 · 코드가 이름을 조립해 꺼낸다(template)
사용(동적)	Assets/BaseResource/InGameMainUI/fx_dsspark_2.png	4244	아틀라스 ingamemainui.spriteatlasv2 · 코드가 이름을 조립해 꺼낸다(template)
사용(동적)	Assets/BaseResource/InGameMainUI/fx_exitarrow_1.png	6983	아틀라스 ingamemainui.spriteatlasv2 · 코드가 이름을 조립해 꺼낸다(template)
사용(동적)	Assets/BaseResource/InGameMainUI/fx_exitarrow_2.png	6138	아틀라스 ingamemainui.spriteatlasv2 · 코드가 이름을 조립해 꺼낸다(template)
사용(동적)	Assets/BaseResource/InGameMainUI/fx_exitarrow_3.png	5416	아틀라스 ingamemainui.spriteatlasv2 · 코드가 이름을 조립해 꺼낸다(template)
사용(동적)	Assets/BaseResource/InGameMainUI/fx_exitarrow_4.png	4782	아틀라스 ingamemainui.spriteatlasv2 · 코드가 이름을 조립해 꺼낸다(template)
사용(동적)	Assets/BaseResource/InGameMainUI/fx_ffbloom_1.png	22540	아틀라스 ingamemainui.spriteatlasv2 · 코드가 이름을 조립해 꺼낸다(template)
사용(동적)	Assets/BaseResource/InGameMainUI/fx_ffbloom_2.png	38983	아틀라스 ingamemainui.spriteatlasv2 · 코드가 이름을 조립해 꺼낸다(template)
사용(동적)	Assets/BaseResource/InGameMainUI/fx_ffbloom_3.png	50631	아틀라스 ingamemainui.spriteatlasv2 · 코드가 이름을 조립해 꺼낸다(template)
사용(동적)	Assets/BaseResource/InGameMainUI/fx_ffbloom_4.png	59064	아틀라스 ingamemainui.spriteatlasv2 · 코드가 이름을 조립해 꺼낸다(template)
사용(동적)	Assets/BaseResource/InGameMainUI/fx_ffburn_1.png	33651	아틀라스 ingamemainui.spriteatlasv2 · 코드가 이름을 조립해 꺼낸다(template)
사용(동적)	Assets/BaseResource/InGameMainUI/fx_ffburn_2.png	34113	아틀라스 ingamemainui.spriteatlasv2 · 코드가 이름을 조립해 꺼낸다(template)
사용(동적)	Assets/BaseResource/InGameMainUI/fx_ffburn_3.png	34983	아틀라스 ingamemainui.spriteatlasv2 · 코드가 이름을 조립해 꺼낸다(template)
사용(동적)	Assets/BaseResource/InGameMainUI/fx_ffburn_4.png	35116	아틀라스 ingamemainui.spriteatlasv2 · 코드가 이름을 조립해 꺼낸다(template)
사용(동적)	Assets/BaseResource/InGameMainUI/fx_firefield_sheet.png	50053	아틀라스 ingamemainui.spriteatlasv2 · 코드가 이름을 조립해 꺼낸다(template)
사용(동적)	Assets/BaseResource/InGameMainUI/fx_flamejet_01.png	5644	아틀라스 ingamemainui.spriteatlasv2 · 코드가 이름을 조립해 꺼낸다(template)
사용(동적)	Assets/BaseResource/InGameMainUI/fx_flamejet_02.png	14508	아틀라스 ingamemainui.spriteatlasv2 · 코드가 이름을 조립해 꺼낸다(template)
사용(동적)	Assets/BaseResource/InGameMainUI/fx_flamejet_03.png	24764	아틀라스 ingamemainui.spriteatlasv2 · 코드가 이름을 조립해 꺼낸다(template)
사용(동적)	Assets/BaseResource/InGameMainUI/fx_flamejet_04.png	34942	아틀라스 ingamemainui.spriteatlasv2 · 코드가 이름을 조립해 꺼낸다(template)
사용(동적)	Assets/BaseResource/InGameMainUI/fx_flamejet_05.png	35606	아틀라스 ingamemainui.spriteatlasv2 · 코드가 이름을 조립해 꺼낸다(template)
사용(동적)	Assets/BaseResource/InGameMainUI/fx_flamejet_06.png	36632	아틀라스 ingamemainui.spriteatlasv2 · 코드가 이름을 조립해 꺼낸다(template)
사용(동적)	Assets/BaseResource/InGameMainUI/fx_flamejet_07.png	35698	아틀라스 ingamemainui.spriteatlasv2 · 코드가 이름을 조립해 꺼낸다(template)
사용(동적)	Assets/BaseResource/InGameMainUI/fx_flamejet_08.png	36053	아틀라스 ingamemainui.spriteatlasv2 · 코드가 이름을 조립해 꺼낸다(template)
사용(동적)	Assets/BaseResource/InGameMainUI/fx_flamejet_09.png	35940	아틀라스 ingamemainui.spriteatlasv2 · 코드가 이름을 조립해 꺼낸다(template)
사용(동적)	Assets/BaseResource/InGameMainUI/fx_flamejet_10.png	37574	아틀라스 ingamemainui.spriteatlasv2 · 코드가 이름을 조립해 꺼낸다(template)
사용(동적)	Assets/BaseResource/InGameMainUI/fx_flamejet_11.png	33002	아틀라스 ingamemainui.spriteatlasv2 · 코드가 이름을 조립해 꺼낸다(template)
사용(동적)	Assets/BaseResource/InGameMainUI/fx_flamejet_12.png	23400	아틀라스 ingamemainui.spriteatlasv2 · 코드가 이름을 조립해 꺼낸다(template)
사용(동적)	Assets/BaseResource/InGameMainUI/fx_flamejet_13.png	18884	아틀라스 ingamemainui.spriteatlasv2 · 코드가 이름을 조립해 꺼낸다(template)
사용(동적)	Assets/BaseResource/InGameMainUI/fx_flamejet_14.png	16619	아틀라스 ingamemainui.spriteatlasv2 · 코드가 이름을 조립해 꺼낸다(template)
사용(동적)	Assets/BaseResource/InGameMainUI/fx_freeze_1.png	3043	아틀라스 ingamemainui.spriteatlasv2 · 코드가 이름을 조립해 꺼낸다(template)
사용(동적)	Assets/BaseResource/InGameMainUI/fx_freeze_2.png	4377	아틀라스 ingamemainui.spriteatlasv2 · 코드가 이름을 조립해 꺼낸다(template)
사용(동적)	Assets/BaseResource/InGameMainUI/fx_freeze_3.png	3623	아틀라스 ingamemainui.spriteatlasv2 · 코드가 이름을 조립해 꺼낸다(template)
사용(동적)	Assets/BaseResource/InGameMainUI/fx_freeze_sheet.png	10497	아틀라스 ingamemainui.spriteatlasv2 · 코드가 이름을 조립해 꺼낸다(template)
사용(동적)	Assets/BaseResource/InGameMainUI/fx_gaexec_1.png	11807	아틀라스 ingamemainui.spriteatlasv2 · 코드가 이름을 조립해 꺼낸다(template)
사용(동적)	Assets/BaseResource/InGameMainUI/fx_gaexec_2.png	12896	아틀라스 ingamemainui.spriteatlasv2 · 코드가 이름을 조립해 꺼낸다(template)
사용(동적)	Assets/BaseResource/InGameMainUI/fx_gaexec_3.png	15213	아틀라스 ingamemainui.spriteatlasv2 · 코드가 이름을 조립해 꺼낸다(template)
사용(동적)	Assets/BaseResource/InGameMainUI/fx_gamark_1.png	11418	아틀라스 ingamemainui.spriteatlasv2 · 코드가 이름을 조립해 꺼낸다(template)
사용(동적)	Assets/BaseResource/InGameMainUI/fx_gamark_2.png	15880	아틀라스 ingamemainui.spriteatlasv2 · 코드가 이름을 조립해 꺼낸다(template)
사용(동적)	Assets/BaseResource/InGameMainUI/fx_gamark_3.png	16349	아틀라스 ingamemainui.spriteatlasv2 · 코드가 이름을 조립해 꺼낸다(template)
사용(동적)	Assets/BaseResource/InGameMainUI/fx_gamark_4.png	23196	아틀라스 ingamemainui.spriteatlasv2 · 코드가 이름을 조립해 꺼낸다(template)
사용(동적)	Assets/BaseResource/InGameMainUI/fx_gamark_5.png	23250	아틀라스 ingamemainui.spriteatlasv2 · 코드가 이름을 조립해 꺼낸다(template)
사용(동적)	Assets/BaseResource/InGameMainUI/fx_gamark_6.png	23441	아틀라스 ingamemainui.spriteatlasv2 · 코드가 이름을 조립해 꺼낸다(template)
사용(동적)	Assets/BaseResource/InGameMainUI/fx_gddome_1.png	34329	아틀라스 ingamemainui.spriteatlasv2 · 코드가 이름을 조립해 꺼낸다(template)
사용(동적)	Assets/BaseResource/InGameMainUI/fx_gddome_2.png	35702	아틀라스 ingamemainui.spriteatlasv2 · 코드가 이름을 조립해 꺼낸다(template)
사용(동적)	Assets/BaseResource/InGameMainUI/fx_gdrim_1.png	16821	아틀라스 ingamemainui.spriteatlasv2 · 코드가 이름을 조립해 꺼낸다(template)
사용(동적)	Assets/BaseResource/InGameMainUI/fx_gdrim_2.png	16837	아틀라스 ingamemainui.spriteatlasv2 · 코드가 이름을 조립해 꺼낸다(template)
사용(동적)	Assets/BaseResource/InGameMainUI/fx_gdring_1.png	20128	아틀라스 ingamemainui.spriteatlasv2 · 코드가 이름을 조립해 꺼낸다(template)
사용(동적)	Assets/BaseResource/InGameMainUI/fx_gdring_2.png	27350	아틀라스 ingamemainui.spriteatlasv2 · 코드가 이름을 조립해 꺼낸다(template)
사용(동적)	Assets/BaseResource/InGameMainUI/fx_gdring_3.png	33483	아틀라스 ingamemainui.spriteatlasv2 · 코드가 이름을 조립해 꺼낸다(template)
사용(동적)	Assets/BaseResource/InGameMainUI/fx_gdring_4.png	38980	아틀라스 ingamemainui.spriteatlasv2 · 코드가 이름을 조립해 꺼낸다(template)
사용(동적)	Assets/BaseResource/InGameMainUI/fx_goo_burst_1.png	1648	아틀라스 ingamemainui.spriteatlasv2 · 코드가 이름을 조립해 꺼낸다(template)
사용(동적)	Assets/BaseResource/InGameMainUI/fx_goo_burst_2.png	3258	아틀라스 ingamemainui.spriteatlasv2 · 코드가 이름을 조립해 꺼낸다(template)
사용(동적)	Assets/BaseResource/InGameMainUI/fx_goo_burst_3.png	2278	아틀라스 ingamemainui.spriteatlasv2 · 코드가 이름을 조립해 꺼낸다(template)
사용(동적)	Assets/BaseResource/InGameMainUI/fx_goo_burst_4.png	825	아틀라스 ingamemainui.spriteatlasv2 · 코드가 이름을 조립해 꺼낸다(template)
사용(동적)	Assets/BaseResource/InGameMainUI/fx_goo_splat_1.png	818	아틀라스 ingamemainui.spriteatlasv2 · 코드가 이름을 조립해 꺼낸다(template)
사용(동적)	Assets/BaseResource/InGameMainUI/fx_goo_splat_2.png	2287	아틀라스 ingamemainui.spriteatlasv2 · 코드가 이름을 조립해 꺼낸다(template)
사용(동적)	Assets/BaseResource/InGameMainUI/fx_goo_splat_3.png	1530	아틀라스 ingamemainui.spriteatlasv2 · 코드가 이름을 조립해 꺼낸다(template)
사용(동적)	Assets/BaseResource/InGameMainUI/fx_goo_splat_4.png	1475	아틀라스 ingamemainui.spriteatlasv2 · 코드가 이름을 조립해 꺼낸다(template)
사용(동적)	Assets/BaseResource/InGameMainUI/fx_grenade_burst_1.png	2774	아틀라스 ingamemainui.spriteatlasv2 · 코드가 이름을 조립해 꺼낸다(template)
사용(동적)	Assets/BaseResource/InGameMainUI/fx_grenade_burst_2.png	5621	아틀라스 ingamemainui.spriteatlasv2 · 코드가 이름을 조립해 꺼낸다(template)
사용(동적)	Assets/BaseResource/InGameMainUI/fx_grenade_burst_3.png	4640	아틀라스 ingamemainui.spriteatlasv2 · 코드가 이름을 조립해 꺼낸다(template)
사용(동적)	Assets/BaseResource/InGameMainUI/fx_grenade_burst_4.png	2291	아틀라스 ingamemainui.spriteatlasv2 · 코드가 이름을 조립해 꺼낸다(template)
사용(동적)	Assets/BaseResource/InGameMainUI/fx_grenade_burst_sheet.png	15139	아틀라스 ingamemainui.spriteatlasv2 · 코드가 이름을 조립해 꺼낸다(template)
사용(동적)	Assets/BaseResource/InGameMainUI/fx_guard_1.png	10115	아틀라스 ingamemainui.spriteatlasv2 · 코드가 이름을 조립해 꺼낸다(template)
사용(동적)	Assets/BaseResource/InGameMainUI/fx_guard_2.png	10087	아틀라스 ingamemainui.spriteatlasv2 · 코드가 이름을 조립해 꺼낸다(template)
사용(동적)	Assets/BaseResource/InGameMainUI/fx_guard_3.png	10042	아틀라스 ingamemainui.spriteatlasv2 · 코드가 이름을 조립해 꺼낸다(template)
사용(동적)	Assets/BaseResource/InGameMainUI/fx_guard_4.png	9981	아틀라스 ingamemainui.spriteatlasv2 · 코드가 이름을 조립해 꺼낸다(template)
사용(동적)	Assets/BaseResource/InGameMainUI/fx_guard_sheet.png	31315	아틀라스 ingamemainui.spriteatlasv2 · 코드가 이름을 조립해 꺼낸다(template)
사용(동적)	Assets/BaseResource/InGameMainUI/fx_guardian_lamp_1.png	1544	아틀라스 ingamemainui.spriteatlasv2 · 코드가 이름을 조립해 꺼낸다(template)
사용(동적)	Assets/BaseResource/InGameMainUI/fx_guardian_lamp_2.png	1543	아틀라스 ingamemainui.spriteatlasv2 · 코드가 이름을 조립해 꺼낸다(template)
사용(동적)	Assets/BaseResource/InGameMainUI/fx_guardian_lamp_3.png	1542	아틀라스 ingamemainui.spriteatlasv2 · 코드가 이름을 조립해 꺼낸다(template)
사용(동적)	Assets/BaseResource/InGameMainUI/fx_guardian_lamp_4.png	1538	아틀라스 ingamemainui.spriteatlasv2 · 코드가 이름을 조립해 꺼낸다(template)
사용(동적)	Assets/BaseResource/InGameMainUI/fx_guardian_lamp_5.png	1565	아틀라스 ingamemainui.spriteatlasv2 · 코드가 이름을 조립해 꺼낸다(template)
사용(동적)	Assets/BaseResource/InGameMainUI/fx_heal_plus_1.png	1842	아틀라스 ingamemainui.spriteatlasv2 · 코드가 이름을 조립해 꺼낸다(template)
사용(동적)	Assets/BaseResource/InGameMainUI/fx_heal_plus_2.png	7159	아틀라스 ingamemainui.spriteatlasv2 · 코드가 이름을 조립해 꺼낸다(template)
사용(동적)	Assets/BaseResource/InGameMainUI/fx_heal_plus_3.png	7549	아틀라스 ingamemainui.spriteatlasv2 · 코드가 이름을 조립해 꺼낸다(template)
사용(동적)	Assets/BaseResource/InGameMainUI/fx_heal_plus_4.png	2162	아틀라스 ingamemainui.spriteatlasv2 · 코드가 이름을 조립해 꺼낸다(template)
사용(동적)	Assets/BaseResource/InGameMainUI/fx_hit_1.png	9964	아틀라스 ingamemainui.spriteatlasv2 · 코드가 이름을 조립해 꺼낸다(template)
사용(동적)	Assets/BaseResource/InGameMainUI/fx_hit_2.png	21663	아틀라스 ingamemainui.spriteatlasv2 · 코드가 이름을 조립해 꺼낸다(template)
사용(동적)	Assets/BaseResource/InGameMainUI/fx_hit_3.png	14248	아틀라스 ingamemainui.spriteatlasv2 · 코드가 이름을 조립해 꺼낸다(template)
사용(동적)	Assets/BaseResource/InGameMainUI/fx_hit_4.png	7838	아틀라스 ingamemainui.spriteatlasv2 · 코드가 이름을 조립해 꺼낸다(template)
사용(동적)	Assets/BaseResource/InGameMainUI/fx_holy_beam_1.png	6904	아틀라스 ingamemainui.spriteatlasv2 · 코드가 이름을 조립해 꺼낸다(template)
사용(동적)	Assets/BaseResource/InGameMainUI/fx_holy_beam_2.png	11537	아틀라스 ingamemainui.spriteatlasv2 · 코드가 이름을 조립해 꺼낸다(template)
사용(동적)	Assets/BaseResource/InGameMainUI/fx_holy_beam_3.png	9406	아틀라스 ingamemainui.spriteatlasv2 · 코드가 이름을 조립해 꺼낸다(template)
사용(동적)	Assets/BaseResource/InGameMainUI/fx_holy_beam_4.png	7293	아틀라스 ingamemainui.spriteatlasv2 · 코드가 이름을 조립해 꺼낸다(template)
사용(동적)	Assets/BaseResource/InGameMainUI/fx_holy_beam_sheet.png	33060	아틀라스 ingamemainui.spriteatlasv2 · 코드가 이름을 조립해 꺼낸다(template)
사용(동적)	Assets/BaseResource/InGameMainUI/fx_hopaim_1.png	12919	아틀라스 ingamemainui.spriteatlasv2 · 코드가 이름을 조립해 꺼낸다(template)
사용(동적)	Assets/BaseResource/InGameMainUI/fx_hopaim_2.png	14699	아틀라스 ingamemainui.spriteatlasv2 · 코드가 이름을 조립해 꺼낸다(template)
사용(동적)	Assets/BaseResource/InGameMainUI/fx_hopaim_3.png	14457	아틀라스 ingamemainui.spriteatlasv2 · 코드가 이름을 조립해 꺼낸다(template)
사용(동적)	Assets/BaseResource/InGameMainUI/fx_hopaim_4.png	13788	아틀라스 ingamemainui.spriteatlasv2 · 코드가 이름을 조립해 꺼낸다(template)
사용(동적)	Assets/BaseResource/InGameMainUI/fx_hopaim_5.png	17192	아틀라스 ingamemainui.spriteatlasv2 · 코드가 이름을 조립해 꺼낸다(template)
사용(동적)	Assets/BaseResource/InGameMainUI/fx_hopaim_6.png	15970	아틀라스 ingamemainui.spriteatlasv2 · 코드가 이름을 조립해 꺼낸다(template)
사용(동적)	Assets/BaseResource/InGameMainUI/fx_hopaim_7.png	14228	아틀라스 ingamemainui.spriteatlasv2 · 코드가 이름을 조립해 꺼낸다(template)
사용(동적)	Assets/BaseResource/InGameMainUI/fx_hopaim_8.png	16255	아틀라스 ingamemainui.spriteatlasv2 · 코드가 이름을 조립해 꺼낸다(template)
사용(동적)	Assets/BaseResource/InGameMainUI/fx_hsinv_1.png	21598	아틀라스 ingamemainui.spriteatlasv2 · 코드가 이름을 조립해 꺼낸다(template)
사용(동적)	Assets/BaseResource/InGameMainUI/fx_hsinv_2.png	20916	아틀라스 ingamemainui.spriteatlasv2 · 코드가 이름을 조립해 꺼낸다(template)
사용(동적)	Assets/BaseResource/InGameMainUI/fx_hsinv_3.png	20584	아틀라스 ingamemainui.spriteatlasv2 · 코드가 이름을 조립해 꺼낸다(template)
사용(동적)	Assets/BaseResource/InGameMainUI/fx_hsinv_4.png	19896	아틀라스 ingamemainui.spriteatlasv2 · 코드가 이름을 조립해 꺼낸다(template)
사용(동적)	Assets/BaseResource/InGameMainUI/fx_hsinv_5.png	21155	아틀라스 ingamemainui.spriteatlasv2 · 코드가 이름을 조립해 꺼낸다(template)
사용(동적)	Assets/BaseResource/InGameMainUI/fx_hsinv_6.png	20229	아틀라스 ingamemainui.spriteatlasv2 · 코드가 이름을 조립해 꺼낸다(template)
사용(동적)	Assets/BaseResource/InGameMainUI/fx_hurt_1.png	5669	아틀라스 ingamemainui.spriteatlasv2 · 코드가 이름을 조립해 꺼낸다(template)
사용(동적)	Assets/BaseResource/InGameMainUI/fx_hurt_2.png	9373	아틀라스 ingamemainui.spriteatlasv2 · 코드가 이름을 조립해 꺼낸다(template)
사용(동적)	Assets/BaseResource/InGameMainUI/fx_hurt_3.png	13021	아틀라스 ingamemainui.spriteatlasv2 · 코드가 이름을 조립해 꺼낸다(template)
사용(동적)	Assets/BaseResource/InGameMainUI/fx_hurt_4.png	5660	아틀라스 ingamemainui.spriteatlasv2 · 코드가 이름을 조립해 꺼낸다(template)
사용(동적)	Assets/BaseResource/InGameMainUI/fx_hxcrit_1.png	995	아틀라스 ingamemainui.spriteatlasv2 · 코드가 이름을 조립해 꺼낸다(template)
사용(동적)	Assets/BaseResource/InGameMainUI/fx_hxcrit_2.png	7858	아틀라스 ingamemainui.spriteatlasv2 · 코드가 이름을 조립해 꺼낸다(template)
사용(동적)	Assets/BaseResource/InGameMainUI/fx_hxcrit_3.png	18987	아틀라스 ingamemainui.spriteatlasv2 · 코드가 이름을 조립해 꺼낸다(template)
사용(동적)	Assets/BaseResource/InGameMainUI/fx_hxcrit_4.png	29806	아틀라스 ingamemainui.spriteatlasv2 · 코드가 이름을 조립해 꺼낸다(template)
사용(동적)	Assets/BaseResource/InGameMainUI/fx_iceblock_1.png	790	아틀라스 ingamemainui.spriteatlasv2 · 코드가 이름을 조립해 꺼낸다(template)
사용(동적)	Assets/BaseResource/InGameMainUI/fx_iceblock_2.png	837	아틀라스 ingamemainui.spriteatlasv2 · 코드가 이름을 조립해 꺼낸다(template)
사용(동적)	Assets/BaseResource/InGameMainUI/fx_iceblock_3.png	923	아틀라스 ingamemainui.spriteatlasv2 · 코드가 이름을 조립해 꺼낸다(template)
사용(동적)	Assets/BaseResource/InGameMainUI/fx_iceblock_4.png	1267	아틀라스 ingamemainui.spriteatlasv2 · 코드가 이름을 조립해 꺼낸다(template)
사용(동적)	Assets/BaseResource/InGameMainUI/fx_isbreak_1.png	52440	아틀라스 ingamemainui.spriteatlasv2 · 코드가 이름을 조립해 꺼낸다(template)
사용(동적)	Assets/BaseResource/InGameMainUI/fx_isbreak_2.png	29577	아틀라스 ingamemainui.spriteatlasv2 · 코드가 이름을 조립해 꺼낸다(template)
사용(동적)	Assets/BaseResource/InGameMainUI/fx_isbreak_3.png	17108	아틀라스 ingamemainui.spriteatlasv2 · 코드가 이름을 조립해 꺼낸다(template)
사용(동적)	Assets/BaseResource/InGameMainUI/fx_isbreak_4.png	4769	아틀라스 ingamemainui.spriteatlasv2 · 코드가 이름을 조립해 꺼낸다(template)
사용(동적)	Assets/BaseResource/InGameMainUI/fx_isgather_1.png	57332	아틀라스 ingamemainui.spriteatlasv2 · 코드가 이름을 조립해 꺼낸다(template)
사용(동적)	Assets/BaseResource/InGameMainUI/fx_isgather_2.png	62500	아틀라스 ingamemainui.spriteatlasv2 · 코드가 이름을 조립해 꺼낸다(template)
사용(동적)	Assets/BaseResource/InGameMainUI/fx_isprison_1.png	81221	아틀라스 ingamemainui.spriteatlasv2 · 코드가 이름을 조립해 꺼낸다(template)
사용(동적)	Assets/BaseResource/InGameMainUI/fx_isprison_2.png	78004	아틀라스 ingamemainui.spriteatlasv2 · 코드가 이름을 조립해 꺼낸다(template)
사용(동적)	Assets/BaseResource/InGameMainUI/fx_kingpin_lamp_1.png	1755	아틀라스 ingamemainui.spriteatlasv2 · 코드가 이름을 조립해 꺼낸다(template)
사용(동적)	Assets/BaseResource/InGameMainUI/fx_kingpin_lamp_2.png	1757	아틀라스 ingamemainui.spriteatlasv2 · 코드가 이름을 조립해 꺼낸다(template)
사용(동적)	Assets/BaseResource/InGameMainUI/fx_kingpin_lamp_3.png	1773	아틀라스 ingamemainui.spriteatlasv2 · 코드가 이름을 조립해 꺼낸다(template)
사용(동적)	Assets/BaseResource/InGameMainUI/fx_kingpin_lamp_4.png	1778	아틀라스 ingamemainui.spriteatlasv2 · 코드가 이름을 조립해 꺼낸다(template)
사용(동적)	Assets/BaseResource/InGameMainUI/fx_kingpin_lamp_5.png	1800	아틀라스 ingamemainui.spriteatlasv2 · 코드가 이름을 조립해 꺼낸다(template)
사용(동적)	Assets/BaseResource/InGameMainUI/fx_laser_wide_1.png	14789	아틀라스 ingamemainui.spriteatlasv2 · 코드가 이름을 조립해 꺼낸다(template)
사용(동적)	Assets/BaseResource/InGameMainUI/fx_laser_wide_2.png	20295	아틀라스 ingamemainui.spriteatlasv2 · 코드가 이름을 조립해 꺼낸다(template)
사용(동적)	Assets/BaseResource/InGameMainUI/fx_laser_wide_3.png	17196	아틀라스 ingamemainui.spriteatlasv2 · 코드가 이름을 조립해 꺼낸다(template)
사용(동적)	Assets/BaseResource/InGameMainUI/fx_laser_wide_sheet.png	46993	아틀라스 ingamemainui.spriteatlasv2 · 코드가 이름을 조립해 꺼낸다(template)
사용(동적)	Assets/BaseResource/InGameMainUI/fx_lava_1.png	5109	아틀라스 ingamemainui.spriteatlasv2 · 코드가 이름을 조립해 꺼낸다(template)
사용(동적)	Assets/BaseResource/InGameMainUI/fx_lava_2.png	5161	아틀라스 ingamemainui.spriteatlasv2 · 코드가 이름을 조립해 꺼낸다(template)
사용(동적)	Assets/BaseResource/InGameMainUI/fx_lava_3.png	5047	아틀라스 ingamemainui.spriteatlasv2 · 코드가 이름을 조립해 꺼낸다(template)
사용(동적)	Assets/BaseResource/InGameMainUI/fx_lava_4.png	4913	아틀라스 ingamemainui.spriteatlasv2 · 코드가 이름을 조립해 꺼낸다(template)
사용(동적)	Assets/BaseResource/InGameMainUI/fx_leech_1.png	1944	아틀라스 ingamemainui.spriteatlasv2 · 코드가 이름을 조립해 꺼낸다(template)
사용(동적)	Assets/BaseResource/InGameMainUI/fx_leech_2.png	1169	아틀라스 ingamemainui.spriteatlasv2 · 코드가 이름을 조립해 꺼낸다(template)
사용(동적)	Assets/BaseResource/InGameMainUI/fx_leech_3.png	664	아틀라스 ingamemainui.spriteatlasv2 · 코드가 이름을 조립해 꺼낸다(template)
사용(동적)	Assets/BaseResource/InGameMainUI/fx_lzaim_1.png	6587	아틀라스 ingamemainui.spriteatlasv2 · 코드가 이름을 조립해 꺼낸다(template)
사용(동적)	Assets/BaseResource/InGameMainUI/fx_lzarc_1.png	24048	아틀라스 ingamemainui.spriteatlasv2 · 코드가 이름을 조립해 꺼낸다(template)
사용(동적)	Assets/BaseResource/InGameMainUI/fx_lzarc_2.png	14387	아틀라스 ingamemainui.spriteatlasv2 · 코드가 이름을 조립해 꺼낸다(template)
사용(동적)	Assets/BaseResource/InGameMainUI/fx_lzarc_3.png	9331	아틀라스 ingamemainui.spriteatlasv2 · 코드가 이름을 조립해 꺼낸다(template)
사용(동적)	Assets/BaseResource/InGameMainUI/fx_lzarc_4.png	6147	아틀라스 ingamemainui.spriteatlasv2 · 코드가 이름을 조립해 꺼낸다(template)
사용(동적)	Assets/BaseResource/InGameMainUI/fx_lzbolt_1.png	11003	아틀라스 ingamemainui.spriteatlasv2 · 코드가 이름을 조립해 꺼낸다(template)
사용(동적)	Assets/BaseResource/InGameMainUI/fx_lzbolt_2.png	10642	아틀라스 ingamemainui.spriteatlasv2 · 코드가 이름을 조립해 꺼낸다(template)
사용(동적)	Assets/BaseResource/InGameMainUI/fx_lzbolt_3.png	10656	아틀라스 ingamemainui.spriteatlasv2 · 코드가 이름을 조립해 꺼낸다(template)
사용(동적)	Assets/BaseResource/InGameMainUI/fx_lzbolt_4.png	10458	아틀라스 ingamemainui.spriteatlasv2 · 코드가 이름을 조립해 꺼낸다(template)
사용(동적)	Assets/BaseResource/InGameMainUI/fx_lzdebris_1.png	33104	아틀라스 ingamemainui.spriteatlasv2 · 코드가 이름을 조립해 꺼낸다(template)
사용(동적)	Assets/BaseResource/InGameMainUI/fx_lzdebris_2.png	24257	아틀라스 ingamemainui.spriteatlasv2 · 코드가 이름을 조립해 꺼낸다(template)
사용(동적)	Assets/BaseResource/InGameMainUI/fx_lzdebris_3.png	15486	아틀라스 ingamemainui.spriteatlasv2 · 코드가 이름을 조립해 꺼낸다(template)
사용(동적)	Assets/BaseResource/InGameMainUI/fx_lzdebris_4.png	11224	아틀라스 ingamemainui.spriteatlasv2 · 코드가 이름을 조립해 꺼낸다(template)
사용(동적)	Assets/BaseResource/InGameMainUI/fx_lzhit_1.png	6400	아틀라스 ingamemainui.spriteatlasv2 · 코드가 이름을 조립해 꺼낸다(template)
사용(동적)	Assets/BaseResource/InGameMainUI/fx_lzhit_2.png	16744	아틀라스 ingamemainui.spriteatlasv2 · 코드가 이름을 조립해 꺼낸다(template)
사용(동적)	Assets/BaseResource/InGameMainUI/fx_lzhit_3.png	15225	아틀라스 ingamemainui.spriteatlasv2 · 코드가 이름을 조립해 꺼낸다(template)
사용(동적)	Assets/BaseResource/InGameMainUI/fx_lzhit_4.png	3586	아틀라스 ingamemainui.spriteatlasv2 · 코드가 이름을 조립해 꺼낸다(template)
사용(동적)	Assets/BaseResource/InGameMainUI/fx_lzmuzzle_1.png	1271	아틀라스 ingamemainui.spriteatlasv2 · 코드가 이름을 조립해 꺼낸다(template)
사용(동적)	Assets/BaseResource/InGameMainUI/fx_lzmuzzle_2.png	2280	아틀라스 ingamemainui.spriteatlasv2 · 코드가 이름을 조립해 꺼낸다(template)
사용(동적)	Assets/BaseResource/InGameMainUI/fx_lzmuzzle_3.png	1414	아틀라스 ingamemainui.spriteatlasv2 · 코드가 이름을 조립해 꺼낸다(template)
사용(동적)	Assets/BaseResource/InGameMainUI/fx_lzmuzzle_4.png	1410	아틀라스 ingamemainui.spriteatlasv2 · 코드가 이름을 조립해 꺼낸다(template)
사용(동적)	Assets/BaseResource/InGameMainUI/fx_lzring_1.png	31266	아틀라스 ingamemainui.spriteatlasv2 · 코드가 이름을 조립해 꺼낸다(template)
사용(동적)	Assets/BaseResource/InGameMainUI/fx_lzring_2.png	22307	아틀라스 ingamemainui.spriteatlasv2 · 코드가 이름을 조립해 꺼낸다(template)
사용(동적)	Assets/BaseResource/InGameMainUI/fx_lzring_3.png	19852	아틀라스 ingamemainui.spriteatlasv2 · 코드가 이름을 조립해 꺼낸다(template)
사용(동적)	Assets/BaseResource/InGameMainUI/fx_lzring_4.png	21774	아틀라스 ingamemainui.spriteatlasv2 · 코드가 이름을 조립해 꺼낸다(template)
사용(동적)	Assets/BaseResource/InGameMainUI/fx_mark_1.png	14483	아틀라스 ingamemainui.spriteatlasv2 · 코드가 이름을 조립해 꺼낸다(template)
사용(동적)	Assets/BaseResource/InGameMainUI/fx_mark_2.png	13634	아틀라스 ingamemainui.spriteatlasv2 · 코드가 이름을 조립해 꺼낸다(template)
사용(동적)	Assets/BaseResource/InGameMainUI/fx_mark_3.png	13713	아틀라스 ingamemainui.spriteatlasv2 · 코드가 이름을 조립해 꺼낸다(template)
사용(동적)	Assets/BaseResource/InGameMainUI/fx_mark_4.png	14065	아틀라스 ingamemainui.spriteatlasv2 · 코드가 이름을 조립해 꺼낸다(template)
사용(동적)	Assets/BaseResource/InGameMainUI/fx_mark_sheet.png	1730	아틀라스 ingamemainui.spriteatlasv2 · 코드가 이름을 조립해 꺼낸다(template)
사용(동적)	Assets/BaseResource/InGameMainUI/fx_markboss_1.png	15135	아틀라스 ingamemainui.spriteatlasv2 · 코드가 이름을 조립해 꺼낸다(template)
사용(동적)	Assets/BaseResource/InGameMainUI/fx_markboss_2.png	14206	아틀라스 ingamemainui.spriteatlasv2 · 코드가 이름을 조립해 꺼낸다(template)
사용(동적)	Assets/BaseResource/InGameMainUI/fx_markboss_3.png	14324	아틀라스 ingamemainui.spriteatlasv2 · 코드가 이름을 조립해 꺼낸다(template)
사용(동적)	Assets/BaseResource/InGameMainUI/fx_markboss_4.png	14628	아틀라스 ingamemainui.spriteatlasv2 · 코드가 이름을 조립해 꺼낸다(template)
사용(동적)	Assets/BaseResource/InGameMainUI/fx_markcurse_1.png	14777	아틀라스 ingamemainui.spriteatlasv2 · 코드가 이름을 조립해 꺼낸다(template)
사용(동적)	Assets/BaseResource/InGameMainUI/fx_markcurse_2.png	13962	아틀라스 ingamemainui.spriteatlasv2 · 코드가 이름을 조립해 꺼낸다(template)
사용(동적)	Assets/BaseResource/InGameMainUI/fx_markcurse_3.png	13934	아틀라스 ingamemainui.spriteatlasv2 · 코드가 이름을 조립해 꺼낸다(template)
사용(동적)	Assets/BaseResource/InGameMainUI/fx_markcurse_4.png	14291	아틀라스 ingamemainui.spriteatlasv2 · 코드가 이름을 조립해 꺼낸다(template)
사용(동적)	Assets/BaseResource/InGameMainUI/fx_mgrise_1.png	40649	아틀라스 ingamemainui.spriteatlasv2 · 코드가 이름을 조립해 꺼낸다(template)
사용(동적)	Assets/BaseResource/InGameMainUI/fx_mgrise_2.png	68207	아틀라스 ingamemainui.spriteatlasv2 · 코드가 이름을 조립해 꺼낸다(template)
사용(동적)	Assets/BaseResource/InGameMainUI/fx_mgrise_3.png	55168	아틀라스 ingamemainui.spriteatlasv2 · 코드가 이름을 조립해 꺼낸다(template)
사용(동적)	Assets/BaseResource/InGameMainUI/fx_mgrise_4.png	32613	아틀라스 ingamemainui.spriteatlasv2 · 코드가 이름을 조립해 꺼낸다(template)
사용(동적)	Assets/BaseResource/InGameMainUI/fx_mgrune_1.png	20010	아틀라스 ingamemainui.spriteatlasv2 · 코드가 이름을 조립해 꺼낸다(template)
사용(동적)	Assets/BaseResource/InGameMainUI/fx_mgrune_2.png	34187	아틀라스 ingamemainui.spriteatlasv2 · 코드가 이름을 조립해 꺼낸다(template)
사용(동적)	Assets/BaseResource/InGameMainUI/fx_mgrune_3.png	40369	아틀라스 ingamemainui.spriteatlasv2 · 코드가 이름을 조립해 꺼낸다(template)
사용(동적)	Assets/BaseResource/InGameMainUI/fx_mgrune_4.png	45115	아틀라스 ingamemainui.spriteatlasv2 · 코드가 이름을 조립해 꺼낸다(template)
사용(동적)	Assets/BaseResource/InGameMainUI/fx_missile_trail_1.png	389	아틀라스 ingamemainui.spriteatlasv2 · 코드가 이름을 조립해 꺼낸다(template)
사용(동적)	Assets/BaseResource/InGameMainUI/fx_missile_trail_2.png	384	아틀라스 ingamemainui.spriteatlasv2 · 코드가 이름을 조립해 꺼낸다(template)
사용(동적)	Assets/BaseResource/InGameMainUI/fx_missile_trail_sheet.png	652	아틀라스 ingamemainui.spriteatlasv2 · 코드가 이름을 조립해 꺼낸다(template)
사용(동적)	Assets/BaseResource/InGameMainUI/fx_muzzle_1.png	925	아틀라스 ingamemainui.spriteatlasv2 · 코드가 이름을 조립해 꺼낸다(template)
사용(동적)	Assets/BaseResource/InGameMainUI/fx_muzzle_2.png	2077	아틀라스 ingamemainui.spriteatlasv2 · 코드가 이름을 조립해 꺼낸다(template)
사용(동적)	Assets/BaseResource/InGameMainUI/fx_muzzle_3.png	709	아틀라스 ingamemainui.spriteatlasv2 · 코드가 이름을 조립해 꺼낸다(template)
사용(동적)	Assets/BaseResource/InGameMainUI/fx_python_lamp_1.png	1819	아틀라스 ingamemainui.spriteatlasv2 · 코드가 이름을 조립해 꺼낸다(template)
사용(동적)	Assets/BaseResource/InGameMainUI/fx_python_lamp_2.png	1832	아틀라스 ingamemainui.spriteatlasv2 · 코드가 이름을 조립해 꺼낸다(template)
사용(동적)	Assets/BaseResource/InGameMainUI/fx_python_lamp_3.png	1840	아틀라스 ingamemainui.spriteatlasv2 · 코드가 이름을 조립해 꺼낸다(template)
사용(동적)	Assets/BaseResource/InGameMainUI/fx_python_lamp_4.png	1844	아틀라스 ingamemainui.spriteatlasv2 · 코드가 이름을 조립해 꺼낸다(template)
사용(동적)	Assets/BaseResource/InGameMainUI/fx_python_lamp_5.png	1876	아틀라스 ingamemainui.spriteatlasv2 · 코드가 이름을 조립해 꺼낸다(template)
사용(동적)	Assets/BaseResource/InGameMainUI/fx_reflect_1.png	1316	아틀라스 ingamemainui.spriteatlasv2 · 코드가 이름을 조립해 꺼낸다(template)
사용(동적)	Assets/BaseResource/InGameMainUI/fx_reflect_2.png	1554	아틀라스 ingamemainui.spriteatlasv2 · 코드가 이름을 조립해 꺼낸다(template)
사용(동적)	Assets/BaseResource/InGameMainUI/fx_reflect_3.png	1403	아틀라스 ingamemainui.spriteatlasv2 · 코드가 이름을 조립해 꺼낸다(template)
사용(동적)	Assets/BaseResource/InGameMainUI/fx_reflect_sheet.png	3743	아틀라스 ingamemainui.spriteatlasv2 · 코드가 이름을 조립해 꺼낸다(template)
사용(동적)	Assets/BaseResource/InGameMainUI/fx_reflectaura_1.png	6677	아틀라스 ingamemainui.spriteatlasv2 · 코드가 이름을 조립해 꺼낸다(template)
사용(동적)	Assets/BaseResource/InGameMainUI/fx_reflectaura_2.png	6389	아틀라스 ingamemainui.spriteatlasv2 · 코드가 이름을 조립해 꺼낸다(template)
사용(동적)	Assets/BaseResource/InGameMainUI/fx_reflectaura_3.png	6171	아틀라스 ingamemainui.spriteatlasv2 · 코드가 이름을 조립해 꺼낸다(template)
사용(동적)	Assets/BaseResource/InGameMainUI/fx_reflectaura_4.png	6364	아틀라스 ingamemainui.spriteatlasv2 · 코드가 이름을 조립해 꺼낸다(template)
사용(동적)	Assets/BaseResource/InGameMainUI/fx_reflectaura_sheet.png	20144	아틀라스 ingamemainui.spriteatlasv2 · 코드가 이름을 조립해 꺼낸다(template)
사용(동적)	Assets/BaseResource/InGameMainUI/fx_rfring_1.png	21033	아틀라스 ingamemainui.spriteatlasv2 · 코드가 이름을 조립해 꺼낸다(template)
사용(동적)	Assets/BaseResource/InGameMainUI/fx_rfring_2.png	25598	아틀라스 ingamemainui.spriteatlasv2 · 코드가 이름을 조립해 꺼낸다(template)
사용(동적)	Assets/BaseResource/InGameMainUI/fx_rfring_3.png	24539	아틀라스 ingamemainui.spriteatlasv2 · 코드가 이름을 조립해 꺼낸다(template)
사용(동적)	Assets/BaseResource/InGameMainUI/fx_rfring_4.png	17540	아틀라스 ingamemainui.spriteatlasv2 · 코드가 이름을 조립해 꺼낸다(template)
사용(동적)	Assets/BaseResource/InGameMainUI/fx_rfswing_1.png	12510	아틀라스 ingamemainui.spriteatlasv2 · 코드가 이름을 조립해 꺼낸다(template)
사용(동적)	Assets/BaseResource/InGameMainUI/fx_rfswing_2.png	9803	아틀라스 ingamemainui.spriteatlasv2 · 코드가 이름을 조립해 꺼낸다(template)
사용(동적)	Assets/BaseResource/InGameMainUI/fx_rfswing_3.png	7481	아틀라스 ingamemainui.spriteatlasv2 · 코드가 이름을 조립해 꺼낸다(template)
사용(동적)	Assets/BaseResource/InGameMainUI/fx_rfswing_4.png	2247	아틀라스 ingamemainui.spriteatlasv2 · 코드가 이름을 조립해 꺼낸다(template)
사용(동적)	Assets/BaseResource/InGameMainUI/fx_robot_snakes_lamp_1.png	1835	아틀라스 ingamemainui.spriteatlasv2 · 코드가 이름을 조립해 꺼낸다(template)
사용(동적)	Assets/BaseResource/InGameMainUI/fx_robot_snakes_lamp_2.png	1827	아틀라스 ingamemainui.spriteatlasv2 · 코드가 이름을 조립해 꺼낸다(template)
사용(동적)	Assets/BaseResource/InGameMainUI/fx_robot_snakes_lamp_3.png	1835	아틀라스 ingamemainui.spriteatlasv2 · 코드가 이름을 조립해 꺼낸다(template)
사용(동적)	Assets/BaseResource/InGameMainUI/fx_robot_snakes_lamp_4.png	1851	아틀라스 ingamemainui.spriteatlasv2 · 코드가 이름을 조립해 꺼낸다(template)
사용(동적)	Assets/BaseResource/InGameMainUI/fx_robot_snakes_lamp_5.png	1877	아틀라스 ingamemainui.spriteatlasv2 · 코드가 이름을 조립해 꺼낸다(template)
사용(동적)	Assets/BaseResource/InGameMainUI/fx_rpaura_1.png	13584	아틀라스 ingamemainui.spriteatlasv2 · 코드가 이름을 조립해 꺼낸다(template)
사용(동적)	Assets/BaseResource/InGameMainUI/fx_rpaura_2.png	26129	아틀라스 ingamemainui.spriteatlasv2 · 코드가 이름을 조립해 꺼낸다(template)
사용(동적)	Assets/BaseResource/InGameMainUI/fx_rpaura_3.png	15685	아틀라스 ingamemainui.spriteatlasv2 · 코드가 이름을 조립해 꺼낸다(template)
사용(동적)	Assets/BaseResource/InGameMainUI/fx_rpaura_4.png	9142	아틀라스 ingamemainui.spriteatlasv2 · 코드가 이름을 조립해 꺼낸다(template)
사용(동적)	Assets/BaseResource/InGameMainUI/fx_rpskull_1.png	6622	아틀라스 ingamemainui.spriteatlasv2 · 코드가 이름을 조립해 꺼낸다(template)
사용(동적)	Assets/BaseResource/InGameMainUI/fx_rpskull_2.png	7536	아틀라스 ingamemainui.spriteatlasv2 · 코드가 이름을 조립해 꺼낸다(template)
사용(동적)	Assets/BaseResource/InGameMainUI/fx_rpslash_1.png	28475	아틀라스 ingamemainui.spriteatlasv2 · 코드가 이름을 조립해 꺼낸다(template)
사용(동적)	Assets/BaseResource/InGameMainUI/fx_rpslash_2.png	11850	아틀라스 ingamemainui.spriteatlasv2 · 코드가 이름을 조립해 꺼낸다(template)
사용(동적)	Assets/BaseResource/InGameMainUI/fx_scythe_1.png	3153	아틀라스 ingamemainui.spriteatlasv2 · 코드가 이름을 조립해 꺼낸다(template)
사용(동적)	Assets/BaseResource/InGameMainUI/fx_scythe_2.png	4593	아틀라스 ingamemainui.spriteatlasv2 · 코드가 이름을 조립해 꺼낸다(template)
사용(동적)	Assets/BaseResource/InGameMainUI/fx_scythe_3.png	4599	아틀라스 ingamemainui.spriteatlasv2 · 코드가 이름을 조립해 꺼낸다(template)
사용(동적)	Assets/BaseResource/InGameMainUI/fx_scythe_4.png	4144	아틀라스 ingamemainui.spriteatlasv2 · 코드가 이름을 조립해 꺼낸다(template)
사용(동적)	Assets/BaseResource/InGameMainUI/fx_scythe_5.png	3106	아틀라스 ingamemainui.spriteatlasv2 · 코드가 이름을 조립해 꺼낸다(template)
사용(동적)	Assets/BaseResource/InGameMainUI/fx_scythe_sheet.png	19605	아틀라스 ingamemainui.spriteatlasv2 · 코드가 이름을 조립해 꺼낸다(template)
사용(동적)	Assets/BaseResource/InGameMainUI/fx_shatter_1.png	5391	아틀라스 ingamemainui.spriteatlasv2 · 코드가 이름을 조립해 꺼낸다(template)
사용(동적)	Assets/BaseResource/InGameMainUI/fx_shatter_2.png	8543	아틀라스 ingamemainui.spriteatlasv2 · 코드가 이름을 조립해 꺼낸다(template)
사용(동적)	Assets/BaseResource/InGameMainUI/fx_shatter_3.png	6312	아틀라스 ingamemainui.spriteatlasv2 · 코드가 이름을 조립해 꺼낸다(template)
사용(동적)	Assets/BaseResource/InGameMainUI/fx_shatter_4.png	2796	아틀라스 ingamemainui.spriteatlasv2 · 코드가 이름을 조립해 꺼낸다(template)
사용(동적)	Assets/BaseResource/InGameMainUI/fx_shatter_sheet.png	23961	아틀라스 ingamemainui.spriteatlasv2 · 코드가 이름을 조립해 꺼낸다(template)
사용(동적)	Assets/BaseResource/InGameMainUI/fx_shield_1.png	4881	아틀라스 ingamemainui.spriteatlasv2 · 코드가 이름을 조립해 꺼낸다(template)
사용(동적)	Assets/BaseResource/InGameMainUI/fx_shield_2.png	4495	아틀라스 ingamemainui.spriteatlasv2 · 코드가 이름을 조립해 꺼낸다(template)
사용(동적)	Assets/BaseResource/InGameMainUI/fx_slam_1.png	5151	아틀라스 ingamemainui.spriteatlasv2 · 코드가 이름을 조립해 꺼낸다(template)
사용(동적)	Assets/BaseResource/InGameMainUI/fx_slam_2.png	11242	아틀라스 ingamemainui.spriteatlasv2 · 코드가 이름을 조립해 꺼낸다(template)
사용(동적)	Assets/BaseResource/InGameMainUI/fx_slam_3.png	8754	아틀라스 ingamemainui.spriteatlasv2 · 코드가 이름을 조립해 꺼낸다(template)
사용(동적)	Assets/BaseResource/InGameMainUI/fx_slam_4.png	4099	아틀라스 ingamemainui.spriteatlasv2 · 코드가 이름을 조립해 꺼낸다(template)
사용(동적)	Assets/BaseResource/InGameMainUI/fx_slam_sheet.png	24743	아틀라스 ingamemainui.spriteatlasv2 · 코드가 이름을 조립해 꺼낸다(template)
사용(동적)	Assets/BaseResource/InGameMainUI/fx_slow_1.png	293	아틀라스 ingamemainui.spriteatlasv2 · 코드가 이름을 조립해 꺼낸다(template)
사용(동적)	Assets/BaseResource/InGameMainUI/fx_slow_2.png	292	아틀라스 ingamemainui.spriteatlasv2 · 코드가 이름을 조립해 꺼낸다(template)
사용(동적)	Assets/BaseResource/InGameMainUI/fx_slow_3.png	300	아틀라스 ingamemainui.spriteatlasv2 · 코드가 이름을 조립해 꺼낸다(template)
사용(동적)	Assets/BaseResource/InGameMainUI/fx_sludge_drop_1.png	652	아틀라스 ingamemainui.spriteatlasv2 · 코드가 이름을 조립해 꺼낸다(template)
사용(동적)	Assets/BaseResource/InGameMainUI/fx_sludge_drop_2.png	1086	아틀라스 ingamemainui.spriteatlasv2 · 코드가 이름을 조립해 꺼낸다(template)
사용(동적)	Assets/BaseResource/InGameMainUI/fx_sludge_drop_3.png	1569	아틀라스 ingamemainui.spriteatlasv2 · 코드가 이름을 조립해 꺼낸다(template)
사용(동적)	Assets/BaseResource/InGameMainUI/fx_sludge_drop_4.png	667	아틀라스 ingamemainui.spriteatlasv2 · 코드가 이름을 조립해 꺼낸다(template)
사용(동적)	Assets/BaseResource/InGameMainUI/fx_sludge_lamp_1.png	1876	아틀라스 ingamemainui.spriteatlasv2 · 코드가 이름을 조립해 꺼낸다(template)
사용(동적)	Assets/BaseResource/InGameMainUI/fx_sludge_lamp_2.png	1883	아틀라스 ingamemainui.spriteatlasv2 · 코드가 이름을 조립해 꺼낸다(template)
사용(동적)	Assets/BaseResource/InGameMainUI/fx_sludge_lamp_3.png	1903	아틀라스 ingamemainui.spriteatlasv2 · 코드가 이름을 조립해 꺼낸다(template)
사용(동적)	Assets/BaseResource/InGameMainUI/fx_sludge_lamp_4.png	1912	아틀라스 ingamemainui.spriteatlasv2 · 코드가 이름을 조립해 꺼낸다(template)
사용(동적)	Assets/BaseResource/InGameMainUI/fx_sludge_lamp_5.png	1933	아틀라스 ingamemainui.spriteatlasv2 · 코드가 이름을 조립해 꺼낸다(template)
사용(동적)	Assets/BaseResource/InGameMainUI/fx_smoke_1.png	884	아틀라스 ingamemainui.spriteatlasv2 · 코드가 이름을 조립해 꺼낸다(template)
사용(동적)	Assets/BaseResource/InGameMainUI/fx_smoke_2.png	1616	아틀라스 ingamemainui.spriteatlasv2 · 코드가 이름을 조립해 꺼낸다(template)
사용(동적)	Assets/BaseResource/InGameMainUI/fx_smoke_3.png	1646	아틀라스 ingamemainui.spriteatlasv2 · 코드가 이름을 조립해 꺼낸다(template)
사용(동적)	Assets/BaseResource/InGameMainUI/fx_smoke_sheet.png	3657	아틀라스 ingamemainui.spriteatlasv2 · 코드가 이름을 조립해 꺼낸다(template)
사용(동적)	Assets/BaseResource/InGameMainUI/fx_soulaura_1.png	8232	아틀라스 ingamemainui.spriteatlasv2 · 코드가 이름을 조립해 꺼낸다(template)
사용(동적)	Assets/BaseResource/InGameMainUI/fx_soulaura_2.png	15199	아틀라스 ingamemainui.spriteatlasv2 · 코드가 이름을 조립해 꺼낸다(template)
사용(동적)	Assets/BaseResource/InGameMainUI/fx_soulaura_3.png	23660	아틀라스 ingamemainui.spriteatlasv2 · 코드가 이름을 조립해 꺼낸다(template)
사용(동적)	Assets/BaseResource/InGameMainUI/fx_soulaura_4.png	33253	아틀라스 ingamemainui.spriteatlasv2 · 코드가 이름을 조립해 꺼낸다(template)
사용(동적)	Assets/BaseResource/InGameMainUI/fx_soulaura_5.png	42066	아틀라스 ingamemainui.spriteatlasv2 · 코드가 이름을 조립해 꺼낸다(template)
사용(동적)	Assets/BaseResource/InGameMainUI/fx_soulaura_6.png	26344	아틀라스 ingamemainui.spriteatlasv2 · 코드가 이름을 조립해 꺼낸다(template)
사용(동적)	Assets/BaseResource/InGameMainUI/fx_soulaura_7.png	16606	아틀라스 ingamemainui.spriteatlasv2 · 코드가 이름을 조립해 꺼낸다(template)
사용(동적)	Assets/BaseResource/InGameMainUI/fx_soulaura_8.png	8309	아틀라스 ingamemainui.spriteatlasv2 · 코드가 이름을 조립해 꺼낸다(template)
사용(동적)	Assets/BaseResource/InGameMainUI/fx_soulcord_1.png	51322	아틀라스 ingamemainui.spriteatlasv2 · 코드가 이름을 조립해 꺼낸다(template)
사용(동적)	Assets/BaseResource/InGameMainUI/fx_soulcord_2.png	50772	아틀라스 ingamemainui.spriteatlasv2 · 코드가 이름을 조립해 꺼낸다(template)
사용(동적)	Assets/BaseResource/InGameMainUI/fx_soulcord_3.png	54037	아틀라스 ingamemainui.spriteatlasv2 · 코드가 이름을 조립해 꺼낸다(template)
사용(동적)	Assets/BaseResource/InGameMainUI/fx_soulcord_4.png	55740	아틀라스 ingamemainui.spriteatlasv2 · 코드가 이름을 조립해 꺼낸다(template)
사용(동적)	Assets/BaseResource/InGameMainUI/fx_souldeath_1.png	19693	아틀라스 ingamemainui.spriteatlasv2 · 코드가 이름을 조립해 꺼낸다(template)
사용(동적)	Assets/BaseResource/InGameMainUI/fx_souldeath_2.png	26082	아틀라스 ingamemainui.spriteatlasv2 · 코드가 이름을 조립해 꺼낸다(template)
사용(동적)	Assets/BaseResource/InGameMainUI/fx_souldeath_3.png	27750	아틀라스 ingamemainui.spriteatlasv2 · 코드가 이름을 조립해 꺼낸다(template)
사용(동적)	Assets/BaseResource/InGameMainUI/fx_souldeath_4.png	24595	아틀라스 ingamemainui.spriteatlasv2 · 코드가 이름을 조립해 꺼낸다(template)
사용(동적)	Assets/BaseResource/InGameMainUI/fx_souldeath_5.png	15829	아틀라스 ingamemainui.spriteatlasv2 · 코드가 이름을 조립해 꺼낸다(template)
사용(동적)	Assets/BaseResource/InGameMainUI/fx_souldeath_6.png	6702	아틀라스 ingamemainui.spriteatlasv2 · 코드가 이름을 조립해 꺼낸다(template)
사용(동적)	Assets/BaseResource/InGameMainUI/fx_soulflame_1.png	15306	아틀라스 ingamemainui.spriteatlasv2 · 코드가 이름을 조립해 꺼낸다(template)
사용(동적)	Assets/BaseResource/InGameMainUI/fx_soulflame_2.png	15052	아틀라스 ingamemainui.spriteatlasv2 · 코드가 이름을 조립해 꺼낸다(template)
사용(동적)	Assets/BaseResource/InGameMainUI/fx_soulflame_3.png	14720	아틀라스 ingamemainui.spriteatlasv2 · 코드가 이름을 조립해 꺼낸다(template)
사용(동적)	Assets/BaseResource/InGameMainUI/fx_soulflame_4.png	14453	아틀라스 ingamemainui.spriteatlasv2 · 코드가 이름을 조립해 꺼낸다(template)
사용(동적)	Assets/BaseResource/InGameMainUI/fx_soulflame_5.png	16363	아틀라스 ingamemainui.spriteatlasv2 · 코드가 이름을 조립해 꺼낸다(template)
사용(동적)	Assets/BaseResource/InGameMainUI/fx_soulflame_6.png	16542	아틀라스 ingamemainui.spriteatlasv2 · 코드가 이름을 조립해 꺼낸다(template)
사용(동적)	Assets/BaseResource/InGameMainUI/fx_soulflame_7.png	16471	아틀라스 ingamemainui.spriteatlasv2 · 코드가 이름을 조립해 꺼낸다(template)
사용(동적)	Assets/BaseResource/InGameMainUI/fx_soulflame_8.png	15410	아틀라스 ingamemainui.spriteatlasv2 · 코드가 이름을 조립해 꺼낸다(template)
사용(동적)	Assets/BaseResource/InGameMainUI/fx_soulpillar_1.png	6807	아틀라스 ingamemainui.spriteatlasv2 · 코드가 이름을 조립해 꺼낸다(template)
사용(동적)	Assets/BaseResource/InGameMainUI/fx_soulpillar_2.png	14388	아틀라스 ingamemainui.spriteatlasv2 · 코드가 이름을 조립해 꺼낸다(template)
사용(동적)	Assets/BaseResource/InGameMainUI/fx_soulpillar_3.png	24656	아틀라스 ingamemainui.spriteatlasv2 · 코드가 이름을 조립해 꺼낸다(template)
사용(동적)	Assets/BaseResource/InGameMainUI/fx_soulpillar_4.png	41939	아틀라스 ingamemainui.spriteatlasv2 · 코드가 이름을 조립해 꺼낸다(template)
사용(동적)	Assets/BaseResource/InGameMainUI/fx_soulpillar_5.png	42175	아틀라스 ingamemainui.spriteatlasv2 · 코드가 이름을 조립해 꺼낸다(template)
사용(동적)	Assets/BaseResource/InGameMainUI/fx_soulpillar_6.png	43097	아틀라스 ingamemainui.spriteatlasv2 · 코드가 이름을 조립해 꺼낸다(template)
사용(동적)	Assets/BaseResource/InGameMainUI/fx_soulpillar_7.png	32948	아틀라스 ingamemainui.spriteatlasv2 · 코드가 이름을 조립해 꺼낸다(template)
사용(동적)	Assets/BaseResource/InGameMainUI/fx_soulpillar_8.png	22465	아틀라스 ingamemainui.spriteatlasv2 · 코드가 이름을 조립해 꺼낸다(template)
사용(동적)	Assets/BaseResource/InGameMainUI/fx_soulripple_1.png	9224	아틀라스 ingamemainui.spriteatlasv2 · 코드가 이름을 조립해 꺼낸다(template)
사용(동적)	Assets/BaseResource/InGameMainUI/fx_soulripple_2.png	13455	아틀라스 ingamemainui.spriteatlasv2 · 코드가 이름을 조립해 꺼낸다(template)
사용(동적)	Assets/BaseResource/InGameMainUI/fx_soulripple_3.png	20261	아틀라스 ingamemainui.spriteatlasv2 · 코드가 이름을 조립해 꺼낸다(template)
사용(동적)	Assets/BaseResource/InGameMainUI/fx_soulripple_4.png	25627	아틀라스 ingamemainui.spriteatlasv2 · 코드가 이름을 조립해 꺼낸다(template)
사용(동적)	Assets/BaseResource/InGameMainUI/fx_soulripple_5.png	36692	아틀라스 ingamemainui.spriteatlasv2 · 코드가 이름을 조립해 꺼낸다(template)
사용(동적)	Assets/BaseResource/InGameMainUI/fx_soulripple_6.png	23771	아틀라스 ingamemainui.spriteatlasv2 · 코드가 이름을 조립해 꺼낸다(template)
사용(동적)	Assets/BaseResource/InGameMainUI/fx_soulripple_7.png	17225	아틀라스 ingamemainui.spriteatlasv2 · 코드가 이름을 조립해 꺼낸다(template)
사용(동적)	Assets/BaseResource/InGameMainUI/fx_soulripple_8.png	7662	아틀라스 ingamemainui.spriteatlasv2 · 코드가 이름을 조립해 꺼낸다(template)
사용(동적)	Assets/BaseResource/InGameMainUI/fx_soulwisp_1.png	3239	아틀라스 ingamemainui.spriteatlasv2 · 코드가 이름을 조립해 꺼낸다(template)
사용(동적)	Assets/BaseResource/InGameMainUI/fx_soulwisp_2.png	12287	아틀라스 ingamemainui.spriteatlasv2 · 코드가 이름을 조립해 꺼낸다(template)
사용(동적)	Assets/BaseResource/InGameMainUI/fx_soulwisp_3.png	21555	아틀라스 ingamemainui.spriteatlasv2 · 코드가 이름을 조립해 꺼낸다(template)
사용(동적)	Assets/BaseResource/InGameMainUI/fx_soulwisp_4.png	28180	아틀라스 ingamemainui.spriteatlasv2 · 코드가 이름을 조립해 꺼낸다(template)
사용(동적)	Assets/BaseResource/InGameMainUI/fx_soulwisp_5.png	23771	아틀라스 ingamemainui.spriteatlasv2 · 코드가 이름을 조립해 꺼낸다(template)
사용(동적)	Assets/BaseResource/InGameMainUI/fx_soulwisp_6.png	17980	아틀라스 ingamemainui.spriteatlasv2 · 코드가 이름을 조립해 꺼낸다(template)
사용(동적)	Assets/BaseResource/InGameMainUI/fx_soulwisp_7.png	9315	아틀라스 ingamemainui.spriteatlasv2 · 코드가 이름을 조립해 꺼낸다(template)
사용(동적)	Assets/BaseResource/InGameMainUI/fx_soulwisp_8.png	4467	아틀라스 ingamemainui.spriteatlasv2 · 코드가 이름을 조립해 꺼낸다(template)
사용(동적)	Assets/BaseResource/InGameMainUI/fx_stun_1.png	267	아틀라스 ingamemainui.spriteatlasv2 · 코드가 이름을 조립해 꺼낸다(template)
사용(동적)	Assets/BaseResource/InGameMainUI/fx_stun_2.png	253	아틀라스 ingamemainui.spriteatlasv2 · 코드가 이름을 조립해 꺼낸다(template)
사용(동적)	Assets/BaseResource/InGameMainUI/fx_stun_3.png	260	아틀라스 ingamemainui.spriteatlasv2 · 코드가 이름을 조립해 꺼낸다(template)
사용(동적)	Assets/BaseResource/InGameMainUI/fx_turret_1.png	2393	아틀라스 ingamemainui.spriteatlasv2 · 코드가 이름을 조립해 꺼낸다(template)
사용(동적)	Assets/BaseResource/InGameMainUI/fx_turret_2.png	3087	아틀라스 ingamemainui.spriteatlasv2 · 코드가 이름을 조립해 꺼낸다(template)
사용(동적)	Assets/BaseResource/InGameMainUI/fx_turret_3.png	2374	아틀라스 ingamemainui.spriteatlasv2 · 코드가 이름을 조립해 꺼낸다(template)
사용(동적)	Assets/BaseResource/InGameMainUI/fx_turret_sheet.png	7829	아틀라스 ingamemainui.spriteatlasv2 · 코드가 이름을 조립해 꺼낸다(template)
사용(동적)	Assets/BaseResource/InGameMainUI/fx_venom_1.png	31949	아틀라스 ingamemainui.spriteatlasv2 · 코드가 이름을 조립해 꺼낸다(template)
사용(동적)	Assets/BaseResource/InGameMainUI/fx_venom_2.png	42936	아틀라스 ingamemainui.spriteatlasv2 · 코드가 이름을 조립해 꺼낸다(template)
사용(동적)	Assets/BaseResource/InGameMainUI/fx_venom_3.png	49034	아틀라스 ingamemainui.spriteatlasv2 · 코드가 이름을 조립해 꺼낸다(template)
사용(동적)	Assets/BaseResource/InGameMainUI/fx_venom_4.png	35333	아틀라스 ingamemainui.spriteatlasv2 · 코드가 이름을 조립해 꺼낸다(template)
사용(동적)	Assets/BaseResource/InGameMainUI/fx_venom_5.png	16148	아틀라스 ingamemainui.spriteatlasv2 · 코드가 이름을 조립해 꺼낸다(template)
사용(동적)	Assets/BaseResource/InGameMainUI/fx_vmcircle_1.png	12625	아틀라스 ingamemainui.spriteatlasv2 · 코드가 이름을 조립해 꺼낸다(template)
사용(동적)	Assets/BaseResource/InGameMainUI/fx_vmcircle_2.png	14069	아틀라스 ingamemainui.spriteatlasv2 · 코드가 이름을 조립해 꺼낸다(template)
사용(동적)	Assets/BaseResource/InGameMainUI/fx_vmcircle_3.png	17461	아틀라스 ingamemainui.spriteatlasv2 · 코드가 이름을 조립해 꺼낸다(template)
사용(동적)	Assets/BaseResource/InGameMainUI/fx_vmcircle_4.png	9004	아틀라스 ingamemainui.spriteatlasv2 · 코드가 이름을 조립해 꺼낸다(template)
사용(동적)	Assets/BaseResource/InGameMainUI/fx_vmglow_1.png	10218	아틀라스 ingamemainui.spriteatlasv2 · 코드가 이름을 조립해 꺼낸다(template)
사용(동적)	Assets/BaseResource/InGameMainUI/fx_vmglow_2.png	1073	아틀라스 ingamemainui.spriteatlasv2 · 코드가 이름을 조립해 꺼낸다(template)
사용(동적)	Assets/BaseResource/InGameMainUI/fx_vmorb_1.png	1220	아틀라스 ingamemainui.spriteatlasv2 · 코드가 이름을 조립해 꺼낸다(template)
사용(동적)	Assets/BaseResource/InGameMainUI/fx_vmorb_2.png	1229	아틀라스 ingamemainui.spriteatlasv2 · 코드가 이름을 조립해 꺼낸다(template)
사용(동적)	Assets/BaseResource/InGameMainUI/fx_vncloud_1.png	31319	아틀라스 ingamemainui.spriteatlasv2 · 코드가 이름을 조립해 꺼낸다(template)
사용(동적)	Assets/BaseResource/InGameMainUI/fx_vncloud_2.png	78281	아틀라스 ingamemainui.spriteatlasv2 · 코드가 이름을 조립해 꺼낸다(template)
사용(동적)	Assets/BaseResource/InGameMainUI/fx_vncloud_3.png	67662	아틀라스 ingamemainui.spriteatlasv2 · 코드가 이름을 조립해 꺼낸다(template)
사용(동적)	Assets/BaseResource/InGameMainUI/fx_vncloud_4.png	11140	아틀라스 ingamemainui.spriteatlasv2 · 코드가 이름을 조립해 꺼낸다(template)
사용(동적)	Assets/BaseResource/InGameMainUI/fx_vndrip_1.png	4625	아틀라스 ingamemainui.spriteatlasv2 · 코드가 이름을 조립해 꺼낸다(template)
사용(동적)	Assets/BaseResource/InGameMainUI/fx_vndrip_2.png	4271	아틀라스 ingamemainui.spriteatlasv2 · 코드가 이름을 조립해 꺼낸다(template)
사용(동적)	Assets/BaseResource/InGameMainUI/fx_vngather_1.png	9472	아틀라스 ingamemainui.spriteatlasv2 · 코드가 이름을 조립해 꺼낸다(template)
사용(동적)	Assets/BaseResource/InGameMainUI/fx_vngather_2.png	4739	아틀라스 ingamemainui.spriteatlasv2 · 코드가 이름을 조립해 꺼낸다(template)
사용(동적)	Assets/BaseResource/InGameMainUI/fx_ward_2.png	7240	아틀라스 ingamemainui.spriteatlasv2 · 코드가 이름을 조립해 꺼낸다(template)
사용(동적)	Assets/BaseResource/InGameMainUI/fx_ward_3.png	7185	아틀라스 ingamemainui.spriteatlasv2 · 코드가 이름을 조립해 꺼낸다(template)
사용(동적)	Assets/BaseResource/InGameMainUI/fx_ward_sheet.png	19614	아틀라스 ingamemainui.spriteatlasv2 · 코드가 이름을 조립해 꺼낸다(template)
사용(동적)	Assets/BaseResource/InGameMainUI/fx_weakhit_1.png	15991	아틀라스 ingamemainui.spriteatlasv2 · 코드가 이름을 조립해 꺼낸다(template)
사용(동적)	Assets/BaseResource/InGameMainUI/fx_weakhit_2.png	19655	아틀라스 ingamemainui.spriteatlasv2 · 코드가 이름을 조립해 꺼낸다(template)
사용(동적)	Assets/BaseResource/InGameMainUI/fx_weakhit_3.png	11655	아틀라스 ingamemainui.spriteatlasv2 · 코드가 이름을 조립해 꺼낸다(template)
사용(동적)	Assets/BaseResource/InGameMainUI/fx_weakhit_4.png	4672	아틀라스 ingamemainui.spriteatlasv2 · 코드가 이름을 조립해 꺼낸다(template)
사용(동적)	Assets/BaseResource/InGameMainUI/fx_wfgather_1.png	27004	아틀라스 ingamemainui.spriteatlasv2 · 코드가 이름을 조립해 꺼낸다(template)
사용(동적)	Assets/BaseResource/InGameMainUI/fx_wfgather_2.png	21892	아틀라스 ingamemainui.spriteatlasv2 · 코드가 이름을 조립해 꺼낸다(template)
사용(동적)	Assets/BaseResource/InGameMainUI/fx_wfgather_3.png	16818	아틀라스 ingamemainui.spriteatlasv2 · 코드가 이름을 조립해 꺼낸다(template)
사용(동적)	Assets/BaseResource/InGameMainUI/fx_wfgather_4.png	8596	아틀라스 ingamemainui.spriteatlasv2 · 코드가 이름을 조립해 꺼낸다(template)
사용(동적)	Assets/BaseResource/InGameMainUI/fx_wfpop_1.png	17095	아틀라스 ingamemainui.spriteatlasv2 · 코드가 이름을 조립해 꺼낸다(template)
사용(동적)	Assets/BaseResource/InGameMainUI/fx_wfpop_2.png	11725	아틀라스 ingamemainui.spriteatlasv2 · 코드가 이름을 조립해 꺼낸다(template)
사용(동적)	Assets/BaseResource/InGameMainUI/fx_wfpop_3.png	6611	아틀라스 ingamemainui.spriteatlasv2 · 코드가 이름을 조립해 꺼낸다(template)
사용(동적)	Assets/BaseResource/InGameMainUI/fx_wfpop_4.png	2324	아틀라스 ingamemainui.spriteatlasv2 · 코드가 이름을 조립해 꺼낸다(template)
사용(동적)	Assets/BaseResource/InGameMainUI/fx_wpbeam_1.png	2124	아틀라스 ingamemainui.spriteatlasv2 · 코드가 이름을 조립해 꺼낸다(template)
사용(동적)	Assets/BaseResource/InGameMainUI/fx_wpbeam_2.png	4270	아틀라스 ingamemainui.spriteatlasv2 · 코드가 이름을 조립해 꺼낸다(template)
사용(동적)	Assets/BaseResource/InGameMainUI/fx_wpbeam_3.png	3093	아틀라스 ingamemainui.spriteatlasv2 · 코드가 이름을 조립해 꺼낸다(template)
사용(동적)	Assets/BaseResource/InGameMainUI/fx_wpbeam_4.png	3598	아틀라스 ingamemainui.spriteatlasv2 · 코드가 이름을 조립해 꺼낸다(template)
사용(동적)	Assets/BaseResource/InGameMainUI/fx_wpcut_1.png	9172	아틀라스 ingamemainui.spriteatlasv2 · 코드가 이름을 조립해 꺼낸다(template)
사용(동적)	Assets/BaseResource/InGameMainUI/fx_wpcut_2.png	15119	아틀라스 ingamemainui.spriteatlasv2 · 코드가 이름을 조립해 꺼낸다(template)
사용(동적)	Assets/BaseResource/InGameMainUI/fx_wpcut_3.png	13144	아틀라스 ingamemainui.spriteatlasv2 · 코드가 이름을 조립해 꺼낸다(template)
사용(동적)	Assets/BaseResource/InGameMainUI/fx_wpcut_4.png	4557	아틀라스 ingamemainui.spriteatlasv2 · 코드가 이름을 조립해 꺼낸다(template)
사용(동적)	Assets/BaseResource/InGameMainUI/fx_wppulse_1.png	10024	아틀라스 ingamemainui.spriteatlasv2 · 코드가 이름을 조립해 꺼낸다(template)
사용(동적)	Assets/BaseResource/InGameMainUI/fx_wppulse_2.png	31005	아틀라스 ingamemainui.spriteatlasv2 · 코드가 이름을 조립해 꺼낸다(template)
사용(동적)	Assets/BaseResource/InGameMainUI/fx_wppulse_3.png	23566	아틀라스 ingamemainui.spriteatlasv2 · 코드가 이름을 조립해 꺼낸다(template)
사용(동적)	Assets/BaseResource/InGameMainUI/fx_wppulse_4.png	11383	아틀라스 ingamemainui.spriteatlasv2 · 코드가 이름을 조립해 꺼낸다(template)
사용(동적)	Assets/BaseResource/InGameMainUI/fx_wpstate_1.png	14298	아틀라스 ingamemainui.spriteatlasv2 · 코드가 이름을 조립해 꺼낸다(template)
사용(동적)	Assets/BaseResource/InGameMainUI/fx_wpstate_2.png	13606	아틀라스 ingamemainui.spriteatlasv2 · 코드가 이름을 조립해 꺼낸다(template)
사용(동적)	Assets/BaseResource/InGameMainUI/fx_wpstate_3.png	14396	아틀라스 ingamemainui.spriteatlasv2 · 코드가 이름을 조립해 꺼낸다(template)
사용(동적)	Assets/BaseResource/InGameMainUI/fx_wpstate_4.png	14857	아틀라스 ingamemainui.spriteatlasv2 · 코드가 이름을 조립해 꺼낸다(template)
사용(동적)	Assets/BaseResource/InGameMainUI/fx_wptracer_1.png	1057	아틀라스 ingamemainui.spriteatlasv2 · 코드가 이름을 조립해 꺼낸다(template)
사용(동적)	Assets/BaseResource/InGameMainUI/impact_bullet_1.png	732	아틀라스 ingamemainui.spriteatlasv2 · 코드가 이름을 조립해 꺼낸다(template)
사용(동적)	Assets/BaseResource/InGameMainUI/impact_bullet_2.png	1301	아틀라스 ingamemainui.spriteatlasv2 · 코드가 이름을 조립해 꺼낸다(template)
사용(동적)	Assets/BaseResource/InGameMainUI/impact_bullet_3.png	1054	아틀라스 ingamemainui.spriteatlasv2 · 코드가 이름을 조립해 꺼낸다(template)
사용(동적)	Assets/BaseResource/InGameMainUI/impact_coilwalker_1.png	239	아틀라스 ingamemainui.spriteatlasv2 · 코드가 이름을 조립해 꺼낸다(template)
사용(동적)	Assets/BaseResource/InGameMainUI/impact_coilwalker_2.png	354	아틀라스 ingamemainui.spriteatlasv2 · 코드가 이름을 조립해 꺼낸다(template)
사용(동적)	Assets/BaseResource/InGameMainUI/impact_drain_1.png	520	아틀라스 ingamemainui.spriteatlasv2 · 코드가 이름을 조립해 꺼낸다(template)
사용(동적)	Assets/BaseResource/InGameMainUI/impact_drain_2.png	280	아틀라스 ingamemainui.spriteatlasv2 · 코드가 이름을 조립해 꺼낸다(template)
사용(동적)	Assets/BaseResource/InGameMainUI/impact_flame_1.png	695	아틀라스 ingamemainui.spriteatlasv2 · 코드가 이름을 조립해 꺼낸다(template)
사용(동적)	Assets/BaseResource/InGameMainUI/impact_flame_2.png	851	아틀라스 ingamemainui.spriteatlasv2 · 코드가 이름을 조립해 꺼낸다(template)
사용(동적)	Assets/BaseResource/InGameMainUI/impact_frost_1.png	1057	아틀라스 ingamemainui.spriteatlasv2 · 코드가 이름을 조립해 꺼낸다(template)
사용(동적)	Assets/BaseResource/InGameMainUI/impact_frost_2.png	586	아틀라스 ingamemainui.spriteatlasv2 · 코드가 이름을 조립해 꺼낸다(template)
사용(동적)	Assets/BaseResource/InGameMainUI/impact_grenade_1.png	950	아틀라스 ingamemainui.spriteatlasv2 · 코드가 이름을 조립해 꺼낸다(template)
사용(동적)	Assets/BaseResource/InGameMainUI/impact_grenade_2.png	695	아틀라스 ingamemainui.spriteatlasv2 · 코드가 이름을 조립해 꺼낸다(template)
사용(동적)	Assets/BaseResource/InGameMainUI/impact_grenade_3.png	948	아틀라스 ingamemainui.spriteatlasv2 · 코드가 이름을 조립해 꺼낸다(template)
사용(동적)	Assets/BaseResource/InGameMainUI/impact_grenade_4.png	850	아틀라스 ingamemainui.spriteatlasv2 · 코드가 이름을 조립해 꺼낸다(template)
사용(동적)	Assets/BaseResource/InGameMainUI/impact_grenade_5.png	568	아틀라스 ingamemainui.spriteatlasv2 · 코드가 이름을 조립해 꺼낸다(template)
사용(동적)	Assets/BaseResource/InGameMainUI/impact_laser_1.png	393	아틀라스 ingamemainui.spriteatlasv2 · 코드가 이름을 조립해 꺼낸다(template)
사용(동적)	Assets/BaseResource/InGameMainUI/impact_laser_2.png	1044	아틀라스 ingamemainui.spriteatlasv2 · 코드가 이름을 조립해 꺼낸다(template)
사용(동적)	Assets/BaseResource/InGameMainUI/impact_laser_3.png	576	아틀라스 ingamemainui.spriteatlasv2 · 코드가 이름을 조립해 꺼낸다(template)
사용(동적)	Assets/BaseResource/InGameMainUI/impact_magic_1.png	552	아틀라스 ingamemainui.spriteatlasv2 · 코드가 이름을 조립해 꺼낸다(template)
사용(동적)	Assets/BaseResource/InGameMainUI/impact_magic_2.png	1442	아틀라스 ingamemainui.spriteatlasv2 · 코드가 이름을 조립해 꺼낸다(template)
사용(동적)	Assets/BaseResource/InGameMainUI/impact_magic_3.png	587	아틀라스 ingamemainui.spriteatlasv2 · 코드가 이름을 조립해 꺼낸다(template)
사용(동적)	Assets/BaseResource/InGameMainUI/impact_missile_1.png	521	아틀라스 ingamemainui.spriteatlasv2 · 코드가 이름을 조립해 꺼낸다(template)
사용(동적)	Assets/BaseResource/InGameMainUI/impact_missile_2.png	1221	아틀라스 ingamemainui.spriteatlasv2 · 코드가 이름을 조립해 꺼낸다(template)
사용(동적)	Assets/BaseResource/InGameMainUI/impact_missile_3.png	681	아틀라스 ingamemainui.spriteatlasv2 · 코드가 이름을 조립해 꺼낸다(template)
사용(동적)	Assets/BaseResource/InGameMainUI/impact_pulse_1.png	599	아틀라스 ingamemainui.spriteatlasv2 · 코드가 이름을 조립해 꺼낸다(template)
사용(동적)	Assets/BaseResource/InGameMainUI/impact_pulse_2.png	1293	아틀라스 ingamemainui.spriteatlasv2 · 코드가 이름을 조립해 꺼낸다(template)
사용(동적)	Assets/BaseResource/InGameMainUI/impact_pulse_3.png	1418	아틀라스 ingamemainui.spriteatlasv2 · 코드가 이름을 조립해 꺼낸다(template)
사용(동적)	Assets/BaseResource/InGameMainUI/impact_roadwarden_1.png	239	아틀라스 ingamemainui.spriteatlasv2 · 코드가 이름을 조립해 꺼낸다(template)
사용(동적)	Assets/BaseResource/InGameMainUI/impact_roadwarden_2.png	354	아틀라스 ingamemainui.spriteatlasv2 · 코드가 이름을 조립해 꺼낸다(template)
사용(동적)	Assets/BaseResource/InGameMainUI/impact_scrapgunner_1.png	533	아틀라스 ingamemainui.spriteatlasv2 · 코드가 이름을 조립해 꺼낸다(template)
사용(동적)	Assets/BaseResource/InGameMainUI/impact_scrapgunner_2.png	1373	아틀라스 ingamemainui.spriteatlasv2 · 코드가 이름을 조립해 꺼낸다(template)
사용(동적)	Assets/BaseResource/InGameMainUI/impact_scrapgunner_3.png	851	아틀라스 ingamemainui.spriteatlasv2 · 코드가 이름을 조립해 꺼낸다(template)
사용(동적)	Assets/BaseResource/InGameMainUI/impact_shuriken_1.png	694	아틀라스 ingamemainui.spriteatlasv2 · 코드가 이름을 조립해 꺼낸다(template)
사용(동적)	Assets/BaseResource/InGameMainUI/impact_shuriken_2.png	370	아틀라스 ingamemainui.spriteatlasv2 · 코드가 이름을 조립해 꺼낸다(template)
사용(동적)	Assets/BaseResource/InGameMainUI/impact_thunder_1.png	419	아틀라스 ingamemainui.spriteatlasv2 · 코드가 이름을 조립해 꺼낸다(template)
사용(동적)	Assets/BaseResource/InGameMainUI/impact_thunder_2.png	1501	아틀라스 ingamemainui.spriteatlasv2 · 코드가 이름을 조립해 꺼낸다(template)
사용(동적)	Assets/BaseResource/InGameMainUI/impact_thunder_3.png	576	아틀라스 ingamemainui.spriteatlasv2 · 코드가 이름을 조립해 꺼낸다(template)
사용(동적)	Assets/BaseResource/InGameMainUI/impact_venom_1.png	655	아틀라스 ingamemainui.spriteatlasv2 · 코드가 이름을 조립해 꺼낸다(template)
사용(동적)	Assets/BaseResource/InGameMainUI/impact_venom_2.png	1491	아틀라스 ingamemainui.spriteatlasv2 · 코드가 이름을 조립해 꺼낸다(template)
사용(동적)	Assets/BaseResource/InGameMainUI/impact_venom_3.png	1078	아틀라스 ingamemainui.spriteatlasv2 · 코드가 이름을 조립해 꺼낸다(template)
사용(동적)	Assets/BaseResource/InGameMainUI/obj_arc_1.png	19218	아틀라스 ingamemainui.spriteatlasv2 · 코드가 이름을 조립해 꺼낸다(template)
사용(동적)	Assets/BaseResource/InGameMainUI/obj_arc_2.png	18893	아틀라스 ingamemainui.spriteatlasv2 · 코드가 이름을 조립해 꺼낸다(template)
사용(동적)	Assets/BaseResource/InGameMainUI/obj_arc_3.png	18560	아틀라스 ingamemainui.spriteatlasv2 · 코드가 이름을 조립해 꺼낸다(template)
사용(동적)	Assets/BaseResource/InGameMainUI/obj_arc_4.png	19647	아틀라스 ingamemainui.spriteatlasv2 · 코드가 이름을 조립해 꺼낸다(template)
사용(동적)	Assets/BaseResource/InGameMainUI/obj_arc_5.png	19563	아틀라스 ingamemainui.spriteatlasv2 · 코드가 이름을 조립해 꺼낸다(template)
사용(동적)	Assets/BaseResource/InGameMainUI/obj_arc_6.png	18951	아틀라스 ingamemainui.spriteatlasv2 · 코드가 이름을 조립해 꺼낸다(template)
사용(동적)	Assets/BaseResource/InGameMainUI/obj_barrel_pile.png	25775	아틀라스 ingamemainui.spriteatlasv2 · 코드가 이름을 조립해 꺼낸다(template)
사용(동적)	Assets/BaseResource/InGameMainUI/obj_barricade.png	34834	아틀라스 ingamemainui.spriteatlasv2 · 코드가 이름을 조립해 꺼낸다(prefix)
사용(동적)	Assets/BaseResource/InGameMainUI/obj_blade_1.png	5857	아틀라스 ingamemainui.spriteatlasv2 · 코드가 이름을 조립해 꺼낸다(template)
사용(동적)	Assets/BaseResource/InGameMainUI/obj_blade_2.png	5888	아틀라스 ingamemainui.spriteatlasv2 · 코드가 이름을 조립해 꺼낸다(template)
사용(동적)	Assets/BaseResource/InGameMainUI/obj_blade_3.png	5802	아틀라스 ingamemainui.spriteatlasv2 · 코드가 이름을 조립해 꺼낸다(template)
사용(동적)	Assets/BaseResource/InGameMainUI/obj_blade_4.png	5812	아틀라스 ingamemainui.spriteatlasv2 · 코드가 이름을 조립해 꺼낸다(template)
사용(동적)	Assets/BaseResource/InGameMainUI/obj_blade_axis.png	448	아틀라스 ingamemainui.spriteatlasv2 · 코드가 이름을 조립해 꺼낸다(template)
사용(동적)	Assets/BaseResource/InGameMainUI/obj_block_2.png	14928	아틀라스 ingamemainui.spriteatlasv2 · 코드가 이름을 조립해 꺼낸다(template)
사용(동적)	Assets/BaseResource/InGameMainUI/obj_block_3.png	14624	아틀라스 ingamemainui.spriteatlasv2 · 코드가 이름을 조립해 꺼낸다(template)
사용(동적)	Assets/BaseResource/InGameMainUI/obj_bulk.png	7707	아틀라스 ingamemainui.spriteatlasv2 · 코드가 이름을 조립해 꺼낸다(prefix)
사용(동적)	Assets/BaseResource/InGameMainUI/obj_collapse_1.png	12351	아틀라스 ingamemainui.spriteatlasv2 · 코드가 이름을 조립해 꺼낸다(template)
사용(동적)	Assets/BaseResource/InGameMainUI/obj_collapse_2.png	12264	아틀라스 ingamemainui.spriteatlasv2 · 코드가 이름을 조립해 꺼낸다(template)
사용(동적)	Assets/BaseResource/InGameMainUI/obj_collapse_3.png	12642	아틀라스 ingamemainui.spriteatlasv2 · 코드가 이름을 조립해 꺼낸다(template)
사용(동적)	Assets/BaseResource/InGameMainUI/obj_collapse_4.png	10434	아틀라스 ingamemainui.spriteatlasv2 · 코드가 이름을 조립해 꺼낸다(template)
사용(동적)	Assets/BaseResource/InGameMainUI/obj_conveyor_1.png	7279	아틀라스 ingamemainui.spriteatlasv2 · 코드가 이름을 조립해 꺼낸다(template)
사용(동적)	Assets/BaseResource/InGameMainUI/obj_conveyor_2.png	7119	아틀라스 ingamemainui.spriteatlasv2 · 코드가 이름을 조립해 꺼낸다(template)
사용(동적)	Assets/BaseResource/InGameMainUI/obj_conveyor_3.png	7063	아틀라스 ingamemainui.spriteatlasv2 · 코드가 이름을 조립해 꺼낸다(template)
사용(동적)	Assets/BaseResource/InGameMainUI/obj_conveyor_4.png	7187	아틀라스 ingamemainui.spriteatlasv2 · 코드가 이름을 조립해 꺼낸다(template)
사용(동적)	Assets/BaseResource/InGameMainUI/obj_crate_1.png	50827	아틀라스 ingamemainui.spriteatlasv2 · 코드가 이름을 조립해 꺼낸다(template)
사용(동적)	Assets/BaseResource/InGameMainUI/obj_crate_2.png	50833	아틀라스 ingamemainui.spriteatlasv2 · 코드가 이름을 조립해 꺼낸다(template)
사용(동적)	Assets/BaseResource/InGameMainUI/obj_crate_3.png	50842	아틀라스 ingamemainui.spriteatlasv2 · 코드가 이름을 조립해 꺼낸다(template)
사용(동적)	Assets/BaseResource/InGameMainUI/obj_crusher_shield.png	4762	아틀라스 ingamemainui.spriteatlasv2 · 코드가 이름을 조립해 꺼낸다(template)
사용(동적)	Assets/BaseResource/InGameMainUI/obj_divider.png	13569	아틀라스 ingamemainui.spriteatlasv2 · 코드가 이름을 조립해 꺼낸다(prefix)
사용(동적)	Assets/BaseResource/InGameMainUI/obj_drain.png	14040	아틀라스 ingamemainui.spriteatlasv2 · 코드가 이름을 조립해 꺼낸다(prefix)
사용(동적)	Assets/BaseResource/InGameMainUI/obj_drop_chip_1.png	1711	아틀라스 ingamemainui.spriteatlasv2 · 코드가 이름을 조립해 꺼낸다(template)
사용(동적)	Assets/BaseResource/InGameMainUI/obj_drop_chip_2.png	1485	아틀라스 ingamemainui.spriteatlasv2 · 코드가 이름을 조립해 꺼낸다(template)
사용(동적)	Assets/BaseResource/InGameMainUI/obj_drop_chip_3.png	1616	아틀라스 ingamemainui.spriteatlasv2 · 코드가 이름을 조립해 꺼낸다(template)
사용(동적)	Assets/BaseResource/InGameMainUI/obj_fallen_pillar.png	23138	아틀라스 ingamemainui.spriteatlasv2 · 코드가 이름을 조립해 꺼낸다(template)
사용(동적)	Assets/BaseResource/InGameMainUI/obj_guardian_shard.png	4599	아틀라스 ingamemainui.spriteatlasv2 · 코드가 이름을 조립해 꺼낸다(template)
사용(동적)	Assets/BaseResource/InGameMainUI/obj_hazard.png	37423	아틀라스 ingamemainui.spriteatlasv2 · 코드가 이름을 조립해 꺼낸다(prefix)
사용(동적)	Assets/BaseResource/InGameMainUI/obj_holding_block_1.png	14905	아틀라스 ingamemainui.spriteatlasv2 · 코드가 이름을 조립해 꺼낸다(template)
사용(동적)	Assets/BaseResource/InGameMainUI/obj_holding_block_2.png	15067	아틀라스 ingamemainui.spriteatlasv2 · 코드가 이름을 조립해 꺼낸다(template)
사용(동적)	Assets/BaseResource/InGameMainUI/obj_holding_block_3.png	14749	아틀라스 ingamemainui.spriteatlasv2 · 코드가 이름을 조립해 꺼낸다(template)
사용(동적)	Assets/BaseResource/InGameMainUI/obj_holding_bulk.png	63694	아틀라스 ingamemainui.spriteatlasv2 · 코드가 이름을 조립해 꺼낸다(template)
사용(동적)	Assets/BaseResource/InGameMainUI/obj_holding_crate_1.png	34204	아틀라스 ingamemainui.spriteatlasv2 · 코드가 이름을 조립해 꺼낸다(template)
사용(동적)	Assets/BaseResource/InGameMainUI/obj_holding_crate_2.png	36067	아틀라스 ingamemainui.spriteatlasv2 · 코드가 이름을 조립해 꺼낸다(template)
사용(동적)	Assets/BaseResource/InGameMainUI/obj_holding_pillar.png	25017	아틀라스 ingamemainui.spriteatlasv2 · 코드가 이름을 조립해 꺼낸다(template)
사용(동적)	Assets/BaseResource/InGameMainUI/obj_holding_rail.png	22672	아틀라스 ingamemainui.spriteatlasv2 · 코드가 이름을 조립해 꺼낸다(template)
사용(동적)	Assets/BaseResource/InGameMainUI/obj_holding_timed_spike_1.png	37802	아틀라스 ingamemainui.spriteatlasv2 · 코드가 이름을 조립해 꺼낸다(template)
사용(동적)	Assets/BaseResource/InGameMainUI/obj_holding_timed_spike_2.png	40543	아틀라스 ingamemainui.spriteatlasv2 · 코드가 이름을 조립해 꺼낸다(template)
사용(동적)	Assets/BaseResource/InGameMainUI/obj_holding_timed_spike_3.png	41062	아틀라스 ingamemainui.spriteatlasv2 · 코드가 이름을 조립해 꺼낸다(template)
사용(동적)	Assets/BaseResource/InGameMainUI/obj_holding_timed_spike_sheet.png	81825	아틀라스 ingamemainui.spriteatlasv2 · 코드가 이름을 조립해 꺼낸다(template)
사용(동적)	Assets/BaseResource/InGameMainUI/obj_jersey_row.png	29601	아틀라스 ingamemainui.spriteatlasv2 · 코드가 이름을 조립해 꺼낸다(template)
사용(동적)	Assets/BaseResource/InGameMainUI/obj_junkyard_barricade.png	43685	아틀라스 ingamemainui.spriteatlasv2 · 코드가 이름을 조립해 꺼낸다(template)
사용(동적)	Assets/BaseResource/InGameMainUI/obj_junkyard_block_1.png	19168	아틀라스 ingamemainui.spriteatlasv2 · 코드가 이름을 조립해 꺼낸다(template)
사용(동적)	Assets/BaseResource/InGameMainUI/obj_junkyard_block_2.png	13118	아틀라스 ingamemainui.spriteatlasv2 · 코드가 이름을 조립해 꺼낸다(template)
사용(동적)	Assets/BaseResource/InGameMainUI/obj_junkyard_block_3.png	14003	아틀라스 ingamemainui.spriteatlasv2 · 코드가 이름을 조립해 꺼낸다(template)
사용(동적)	Assets/BaseResource/InGameMainUI/obj_junkyard_bulk.png	75680	아틀라스 ingamemainui.spriteatlasv2 · 코드가 이름을 조립해 꺼낸다(template)
사용(동적)	Assets/BaseResource/InGameMainUI/obj_junkyard_channel_h.png	14303	아틀라스 ingamemainui.spriteatlasv2 · 코드가 이름을 조립해 꺼낸다(template)
사용(동적)	Assets/BaseResource/InGameMainUI/obj_junkyard_channel_v.png	22065	아틀라스 ingamemainui.spriteatlasv2 · 코드가 이름을 조립해 꺼낸다(template)
사용(동적)	Assets/BaseResource/InGameMainUI/obj_junkyard_crate_1.png	27984	아틀라스 ingamemainui.spriteatlasv2 · 코드가 이름을 조립해 꺼낸다(template)
사용(동적)	Assets/BaseResource/InGameMainUI/obj_junkyard_crate_2.png	30594	아틀라스 ingamemainui.spriteatlasv2 · 코드가 이름을 조립해 꺼낸다(template)
사용(동적)	Assets/BaseResource/InGameMainUI/obj_junkyard_low_cover.png	44560	아틀라스 ingamemainui.spriteatlasv2 · 코드가 이름을 조립해 꺼낸다(template)
사용(동적)	Assets/BaseResource/InGameMainUI/obj_junkyard_pillar.png	20765	아틀라스 ingamemainui.spriteatlasv2 · 코드가 이름을 조립해 꺼낸다(template)
사용(동적)	Assets/BaseResource/InGameMainUI/obj_junkyard_prop_tall.png	25115	아틀라스 ingamemainui.spriteatlasv2 · 코드가 이름을 조립해 꺼낸다(template)
사용(동적)	Assets/BaseResource/InGameMainUI/obj_junkyard_prop_wide.png	39390	아틀라스 ingamemainui.spriteatlasv2 · 코드가 이름을 조립해 꺼낸다(template)
사용(동적)	Assets/BaseResource/InGameMainUI/obj_junkyard_rail.png	25067	아틀라스 ingamemainui.spriteatlasv2 · 코드가 이름을 조립해 꺼낸다(template)
사용(동적)	Assets/BaseResource/InGameMainUI/obj_junkyard_timed_spike_1.png	28522	아틀라스 ingamemainui.spriteatlasv2 · 코드가 이름을 조립해 꺼낸다(template)
사용(동적)	Assets/BaseResource/InGameMainUI/obj_junkyard_timed_spike_2.png	29563	아틀라스 ingamemainui.spriteatlasv2 · 코드가 이름을 조립해 꺼낸다(template)
사용(동적)	Assets/BaseResource/InGameMainUI/obj_junkyard_timed_spike_3.png	30369	아틀라스 ingamemainui.spriteatlasv2 · 코드가 이름을 조립해 꺼낸다(template)
사용(동적)	Assets/BaseResource/InGameMainUI/obj_junkyard_timed_spike_sheet.png	90297	아틀라스 ingamemainui.spriteatlasv2 · 코드가 이름을 조립해 꺼낸다(template)
사용(동적)	Assets/BaseResource/InGameMainUI/obj_lab_barrel.png	15874	아틀라스 ingamemainui.spriteatlasv2 · 코드가 이름을 조립해 꺼낸다(template)
사용(동적)	Assets/BaseResource/InGameMainUI/obj_lab_barricade.png	30865	아틀라스 ingamemainui.spriteatlasv2 · 코드가 이름을 조립해 꺼낸다(template)
사용(동적)	Assets/BaseResource/InGameMainUI/obj_lab_block_1.png	11111	아틀라스 ingamemainui.spriteatlasv2 · 코드가 이름을 조립해 꺼낸다(template)
사용(동적)	Assets/BaseResource/InGameMainUI/obj_lab_block_2.png	11951	아틀라스 ingamemainui.spriteatlasv2 · 코드가 이름을 조립해 꺼낸다(template)
사용(동적)	Assets/BaseResource/InGameMainUI/obj_lab_block_3.png	11543	아틀라스 ingamemainui.spriteatlasv2 · 코드가 이름을 조립해 꺼낸다(template)
사용(동적)	Assets/BaseResource/InGameMainUI/obj_lab_bulk.png	68010	아틀라스 ingamemainui.spriteatlasv2 · 코드가 이름을 조립해 꺼낸다(template)
사용(동적)	Assets/BaseResource/InGameMainUI/obj_lab_channel_h.png	17060	아틀라스 ingamemainui.spriteatlasv2 · 코드가 이름을 조립해 꺼낸다(template)
사용(동적)	Assets/BaseResource/InGameMainUI/obj_lab_channel_v.png	19941	아틀라스 ingamemainui.spriteatlasv2 · 코드가 이름을 조립해 꺼낸다(template)
사용(동적)	Assets/BaseResource/InGameMainUI/obj_lab_crate_1.png	32126	아틀라스 ingamemainui.spriteatlasv2 · 코드가 이름을 조립해 꺼낸다(template)
사용(동적)	Assets/BaseResource/InGameMainUI/obj_lab_crate_2.png	37806	아틀라스 ingamemainui.spriteatlasv2 · 코드가 이름을 조립해 꺼낸다(template)
사용(동적)	Assets/BaseResource/InGameMainUI/obj_lab_hazard.png	34145	아틀라스 ingamemainui.spriteatlasv2 · 코드가 이름을 조립해 꺼낸다(template)
사용(동적)	Assets/BaseResource/InGameMainUI/obj_lab_low_cover.png	32277	아틀라스 ingamemainui.spriteatlasv2 · 코드가 이름을 조립해 꺼낸다(template)
사용(동적)	Assets/BaseResource/InGameMainUI/obj_lab_pillar.png	24129	아틀라스 ingamemainui.spriteatlasv2 · 코드가 이름을 조립해 꺼낸다(template)
사용(동적)	Assets/BaseResource/InGameMainUI/obj_lab_prop_tall.png	18360	아틀라스 ingamemainui.spriteatlasv2 · 코드가 이름을 조립해 꺼낸다(template)
사용(동적)	Assets/BaseResource/InGameMainUI/obj_lab_prop_wide.png	33809	아틀라스 ingamemainui.spriteatlasv2 · 코드가 이름을 조립해 꺼낸다(template)
사용(동적)	Assets/BaseResource/InGameMainUI/obj_lab_rock.png	10965	아틀라스 ingamemainui.spriteatlasv2 · 코드가 이름을 조립해 꺼낸다(template)
사용(동적)	Assets/BaseResource/InGameMainUI/obj_lab_timed_spike_1.png	30384	아틀라스 ingamemainui.spriteatlasv2 · 코드가 이름을 조립해 꺼낸다(template)
사용(동적)	Assets/BaseResource/InGameMainUI/obj_lab_timed_spike_2.png	35706	아틀라스 ingamemainui.spriteatlasv2 · 코드가 이름을 조립해 꺼낸다(template)
사용(동적)	Assets/BaseResource/InGameMainUI/obj_lab_timed_spike_3.png	37789	아틀라스 ingamemainui.spriteatlasv2 · 코드가 이름을 조립해 꺼낸다(template)
사용(동적)	Assets/BaseResource/InGameMainUI/obj_lab_timed_spike_sheet.png	95657	아틀라스 ingamemainui.spriteatlasv2 · 코드가 이름을 조립해 꺼낸다(template)
사용(동적)	Assets/BaseResource/InGameMainUI/obj_lab_wallturret_s.png	12151	아틀라스 ingamemainui.spriteatlasv2 · 코드가 이름을 조립해 꺼낸다(template)
사용(동적)	Assets/BaseResource/InGameMainUI/obj_laser_pillar.png	10492	아틀라스 ingamemainui.spriteatlasv2 · 코드가 이름을 조립해 꺼낸다(template)
사용(동적)	Assets/BaseResource/InGameMainUI/obj_low_cover.png	50331	아틀라스 ingamemainui.spriteatlasv2 · 코드가 이름을 조립해 꺼낸다(template)
사용(동적)	Assets/BaseResource/InGameMainUI/obj_mark_heal.png	9735	아틀라스 ingamemainui.spriteatlasv2 · 코드가 이름을 조립해 꺼낸다(template)
사용(동적)	Assets/BaseResource/InGameMainUI/obj_mark_shop.png	8802	아틀라스 ingamemainui.spriteatlasv2 · 코드가 이름을 조립해 꺼낸다(template)
사용(동적)	Assets/BaseResource/InGameMainUI/obj_missile_barricade.png	29096	아틀라스 ingamemainui.spriteatlasv2 · 코드가 이름을 조립해 꺼낸다(template)
사용(동적)	Assets/BaseResource/InGameMainUI/obj_missile_block_1.png	10978	아틀라스 ingamemainui.spriteatlasv2 · 코드가 이름을 조립해 꺼낸다(template)
사용(동적)	Assets/BaseResource/InGameMainUI/obj_missile_block_2.png	11192	아틀라스 ingamemainui.spriteatlasv2 · 코드가 이름을 조립해 꺼낸다(template)
사용(동적)	Assets/BaseResource/InGameMainUI/obj_missile_block_3.png	10975	아틀라스 ingamemainui.spriteatlasv2 · 코드가 이름을 조립해 꺼낸다(template)
사용(동적)	Assets/BaseResource/InGameMainUI/obj_missile_bulk.png	52537	아틀라스 ingamemainui.spriteatlasv2 · 코드가 이름을 조립해 꺼낸다(template)
사용(동적)	Assets/BaseResource/InGameMainUI/obj_missile_channel_h.png	15704	아틀라스 ingamemainui.spriteatlasv2 · 코드가 이름을 조립해 꺼낸다(template)
사용(동적)	Assets/BaseResource/InGameMainUI/obj_missile_channel_h_1.png	15704	아틀라스 ingamemainui.spriteatlasv2 · 코드가 이름을 조립해 꺼낸다(template)
사용(동적)	Assets/BaseResource/InGameMainUI/obj_missile_channel_h_2.png	15299	아틀라스 ingamemainui.spriteatlasv2 · 코드가 이름을 조립해 꺼낸다(template)
사용(동적)	Assets/BaseResource/InGameMainUI/obj_missile_channel_h_3.png	15480	아틀라스 ingamemainui.spriteatlasv2 · 코드가 이름을 조립해 꺼낸다(template)
사용(동적)	Assets/BaseResource/InGameMainUI/obj_missile_channel_h_4.png	15342	아틀라스 ingamemainui.spriteatlasv2 · 코드가 이름을 조립해 꺼낸다(template)
사용(동적)	Assets/BaseResource/InGameMainUI/obj_missile_channel_v.png	15801	아틀라스 ingamemainui.spriteatlasv2 · 코드가 이름을 조립해 꺼낸다(template)
사용(동적)	Assets/BaseResource/InGameMainUI/obj_missile_channel_v_1.png	15801	아틀라스 ingamemainui.spriteatlasv2 · 코드가 이름을 조립해 꺼낸다(template)
사용(동적)	Assets/BaseResource/InGameMainUI/obj_missile_channel_v_2.png	15720	아틀라스 ingamemainui.spriteatlasv2 · 코드가 이름을 조립해 꺼낸다(template)
사용(동적)	Assets/BaseResource/InGameMainUI/obj_missile_channel_v_3.png	15440	아틀라스 ingamemainui.spriteatlasv2 · 코드가 이름을 조립해 꺼낸다(template)
사용(동적)	Assets/BaseResource/InGameMainUI/obj_missile_channel_v_4.png	15747	아틀라스 ingamemainui.spriteatlasv2 · 코드가 이름을 조립해 꺼낸다(template)
사용(동적)	Assets/BaseResource/InGameMainUI/obj_missile_crate_1.png	31427	아틀라스 ingamemainui.spriteatlasv2 · 코드가 이름을 조립해 꺼낸다(template)
사용(동적)	Assets/BaseResource/InGameMainUI/obj_missile_crate_2.png	35322	아틀라스 ingamemainui.spriteatlasv2 · 코드가 이름을 조립해 꺼낸다(template)
사용(동적)	Assets/BaseResource/InGameMainUI/obj_missile_low_cover.png	34317	아틀라스 ingamemainui.spriteatlasv2 · 코드가 이름을 조립해 꺼낸다(template)
사용(동적)	Assets/BaseResource/InGameMainUI/obj_missile_pillar.png	17796	아틀라스 ingamemainui.spriteatlasv2 · 코드가 이름을 조립해 꺼낸다(template)
사용(동적)	Assets/BaseResource/InGameMainUI/obj_missile_prop_tall.png	16832	아틀라스 ingamemainui.spriteatlasv2 · 코드가 이름을 조립해 꺼낸다(template)
사용(동적)	Assets/BaseResource/InGameMainUI/obj_missile_prop_wide.png	30633	아틀라스 ingamemainui.spriteatlasv2 · 코드가 이름을 조립해 꺼낸다(template)
사용(동적)	Assets/BaseResource/InGameMainUI/obj_missile_timed_spike_1.png	36659	아틀라스 ingamemainui.spriteatlasv2 · 코드가 이름을 조립해 꺼낸다(template)
사용(동적)	Assets/BaseResource/InGameMainUI/obj_missile_timed_spike_2.png	39867	아틀라스 ingamemainui.spriteatlasv2 · 코드가 이름을 조립해 꺼낸다(template)
사용(동적)	Assets/BaseResource/InGameMainUI/obj_missile_timed_spike_3.png	39994	아틀라스 ingamemainui.spriteatlasv2 · 코드가 이름을 조립해 꺼낸다(template)
사용(동적)	Assets/BaseResource/InGameMainUI/obj_missile_timed_spike_sheet.png	105005	아틀라스 ingamemainui.spriteatlasv2 · 코드가 이름을 조립해 꺼낸다(template)
사용(동적)	Assets/BaseResource/InGameMainUI/obj_pillar.png	22652	아틀라스 ingamemainui.spriteatlasv2 · 코드가 이름을 조립해 꺼낸다(prefix)
사용(동적)	Assets/BaseResource/InGameMainUI/obj_pit.png	29097	아틀라스 ingamemainui.spriteatlasv2 · 코드가 이름을 조립해 꺼낸다(prefix)
사용(동적)	Assets/BaseResource/InGameMainUI/obj_python_brick_1.png	481	아틀라스 ingamemainui.spriteatlasv2 · 코드가 이름을 조립해 꺼낸다(template)
사용(동적)	Assets/BaseResource/InGameMainUI/obj_python_brick_2.png	512	아틀라스 ingamemainui.spriteatlasv2 · 코드가 이름을 조립해 꺼낸다(template)
사용(동적)	Assets/BaseResource/InGameMainUI/obj_python_brick_3.png	584	아틀라스 ingamemainui.spriteatlasv2 · 코드가 이름을 조립해 꺼낸다(template)
사용(동적)	Assets/BaseResource/InGameMainUI/obj_python_neck.png	290	아틀라스 ingamemainui.spriteatlasv2 · 코드가 이름을 조립해 꺼낸다(template)
사용(동적)	Assets/BaseResource/InGameMainUI/obj_python_rubble_1.png	718	아틀라스 ingamemainui.spriteatlasv2 · 코드가 이름을 조립해 꺼낸다(template)
사용(동적)	Assets/BaseResource/InGameMainUI/obj_python_rubble_2.png	780	아틀라스 ingamemainui.spriteatlasv2 · 코드가 이름을 조립해 꺼낸다(template)
사용(동적)	Assets/BaseResource/InGameMainUI/obj_python_rubble_3.png	787	아틀라스 ingamemainui.spriteatlasv2 · 코드가 이름을 조립해 꺼낸다(template)
사용(동적)	Assets/BaseResource/InGameMainUI/obj_python_spit_1.png	1448	아틀라스 ingamemainui.spriteatlasv2 · 코드가 이름을 조립해 꺼낸다(template)
사용(동적)	Assets/BaseResource/InGameMainUI/obj_python_spit_2.png	2132	아틀라스 ingamemainui.spriteatlasv2 · 코드가 이름을 조립해 꺼낸다(template)
사용(동적)	Assets/BaseResource/InGameMainUI/obj_python_spit_3.png	3764	아틀라스 ingamemainui.spriteatlasv2 · 코드가 이름을 조립해 꺼낸다(template)
사용(동적)	Assets/BaseResource/InGameMainUI/obj_refinery_barrel.png	13523	아틀라스 ingamemainui.spriteatlasv2 · 코드가 이름을 조립해 꺼낸다(template)
사용(동적)	Assets/BaseResource/InGameMainUI/obj_refinery_barricade.png	41876	아틀라스 ingamemainui.spriteatlasv2 · 코드가 이름을 조립해 꺼낸다(template)
사용(동적)	Assets/BaseResource/InGameMainUI/obj_refinery_blade_1.png	44230	아틀라스 ingamemainui.spriteatlasv2 · 코드가 이름을 조립해 꺼낸다(template)
사용(동적)	Assets/BaseResource/InGameMainUI/obj_refinery_block_1.png	15799	아틀라스 ingamemainui.spriteatlasv2 · 코드가 이름을 조립해 꺼낸다(template)
사용(동적)	Assets/BaseResource/InGameMainUI/obj_refinery_block_2.png	15758	아틀라스 ingamemainui.spriteatlasv2 · 코드가 이름을 조립해 꺼낸다(template)
사용(동적)	Assets/BaseResource/InGameMainUI/obj_refinery_block_3.png	15873	아틀라스 ingamemainui.spriteatlasv2 · 코드가 이름을 조립해 꺼낸다(template)
사용(동적)	Assets/BaseResource/InGameMainUI/obj_refinery_bulk.png	49026	아틀라스 ingamemainui.spriteatlasv2 · 코드가 이름을 조립해 꺼낸다(template)
사용(동적)	Assets/BaseResource/InGameMainUI/obj_refinery_channel_h.png	16433	아틀라스 ingamemainui.spriteatlasv2 · 코드가 이름을 조립해 꺼낸다(template)
사용(동적)	Assets/BaseResource/InGameMainUI/obj_refinery_channel_v.png	20916	아틀라스 ingamemainui.spriteatlasv2 · 코드가 이름을 조립해 꺼낸다(template)
사용(동적)	Assets/BaseResource/InGameMainUI/obj_refinery_crate_1.png	35084	아틀라스 ingamemainui.spriteatlasv2 · 코드가 이름을 조립해 꺼낸다(template)
사용(동적)	Assets/BaseResource/InGameMainUI/obj_refinery_crate_2.png	36016	아틀라스 ingamemainui.spriteatlasv2 · 코드가 이름을 조립해 꺼낸다(template)
사용(동적)	Assets/BaseResource/InGameMainUI/obj_refinery_hazard.png	29692	아틀라스 ingamemainui.spriteatlasv2 · 코드가 이름을 조립해 꺼낸다(template)
사용(동적)	Assets/BaseResource/InGameMainUI/obj_refinery_low_cover.png	44483	아틀라스 ingamemainui.spriteatlasv2 · 코드가 이름을 조립해 꺼낸다(template)
사용(동적)	Assets/BaseResource/InGameMainUI/obj_refinery_pillar.png	21628	아틀라스 ingamemainui.spriteatlasv2 · 코드가 이름을 조립해 꺼낸다(template)
사용(동적)	Assets/BaseResource/InGameMainUI/obj_refinery_prop_tall.png	19363	아틀라스 ingamemainui.spriteatlasv2 · 코드가 이름을 조립해 꺼낸다(template)
사용(동적)	Assets/BaseResource/InGameMainUI/obj_refinery_prop_wide.png	30163	아틀라스 ingamemainui.spriteatlasv2 · 코드가 이름을 조립해 꺼낸다(template)
사용(동적)	Assets/BaseResource/InGameMainUI/obj_refinery_ricochet_wall_h.png	63656	아틀라스 ingamemainui.spriteatlasv2 · 코드가 이름을 조립해 꺼낸다(template)
사용(동적)	Assets/BaseResource/InGameMainUI/obj_refinery_ricochet_wall_v.png	28096	아틀라스 ingamemainui.spriteatlasv2 · 코드가 이름을 조립해 꺼낸다(template)
사용(동적)	Assets/BaseResource/InGameMainUI/obj_refinery_rock.png	9193	아틀라스 ingamemainui.spriteatlasv2 · 코드가 이름을 조립해 꺼낸다(template)
사용(동적)	Assets/BaseResource/InGameMainUI/obj_refinery_timed_spike_1.png	39210	아틀라스 ingamemainui.spriteatlasv2 · 코드가 이름을 조립해 꺼낸다(template)
사용(동적)	Assets/BaseResource/InGameMainUI/obj_refinery_timed_spike_2.png	48607	아틀라스 ingamemainui.spriteatlasv2 · 코드가 이름을 조립해 꺼낸다(template)
사용(동적)	Assets/BaseResource/InGameMainUI/obj_refinery_timed_spike_3.png	48716	아틀라스 ingamemainui.spriteatlasv2 · 코드가 이름을 조립해 꺼낸다(template)
사용(동적)	Assets/BaseResource/InGameMainUI/obj_refinery_timed_spike_sheet.png	66112	아틀라스 ingamemainui.spriteatlasv2 · 코드가 이름을 조립해 꺼낸다(template)
사용(동적)	Assets/BaseResource/InGameMainUI/obj_refinery_wallturret_e.png	11368	아틀라스 ingamemainui.spriteatlasv2 · 코드가 이름을 조립해 꺼낸다(template)
사용(동적)	Assets/BaseResource/InGameMainUI/obj_refinery_wallturret_s.png	13703	아틀라스 ingamemainui.spriteatlasv2 · 코드가 이름을 조립해 꺼낸다(template)
사용(동적)	Assets/BaseResource/InGameMainUI/obj_refinery_wallturret_w.png	11418	아틀라스 ingamemainui.spriteatlasv2 · 코드가 이름을 조립해 꺼낸다(template)
사용(동적)	Assets/BaseResource/InGameMainUI/obj_ricochet_wall_h.png	64397	아틀라스 ingamemainui.spriteatlasv2 · 코드가 이름을 조립해 꺼낸다(template)
사용(동적)	Assets/BaseResource/InGameMainUI/obj_ricochet_wall_v.png	26565	아틀라스 ingamemainui.spriteatlasv2 · 코드가 이름을 조립해 꺼낸다(template)
사용(동적)	Assets/BaseResource/InGameMainUI/obj_ring_devil.png	21452	아틀라스 ingamemainui.spriteatlasv2 · 코드가 이름을 조립해 꺼낸다(template)
사용(동적)	Assets/BaseResource/InGameMainUI/obj_ring_heal.png	17644	아틀라스 ingamemainui.spriteatlasv2 · 코드가 이름을 조립해 꺼낸다(template)
사용(동적)	Assets/BaseResource/InGameMainUI/obj_ring_shop.png	19540	아틀라스 ingamemainui.spriteatlasv2 · 코드가 이름을 조립해 꺼낸다(template)
사용(동적)	Assets/BaseResource/InGameMainUI/obj_robot_snakes_debris_1.png	3257	아틀라스 ingamemainui.spriteatlasv2 · 코드가 이름을 조립해 꺼낸다(template)
사용(동적)	Assets/BaseResource/InGameMainUI/obj_robot_snakes_debris_2.png	2957	아틀라스 ingamemainui.spriteatlasv2 · 코드가 이름을 조립해 꺼낸다(template)
사용(동적)	Assets/BaseResource/InGameMainUI/obj_robot_snakes_debris_3.png	4167	아틀라스 ingamemainui.spriteatlasv2 · 코드가 이름을 조립해 꺼낸다(template)
사용(동적)	Assets/BaseResource/InGameMainUI/obj_rooftop_barricade.png	38303	아틀라스 ingamemainui.spriteatlasv2 · 코드가 이름을 조립해 꺼낸다(template)
사용(동적)	Assets/BaseResource/InGameMainUI/obj_rooftop_blade_1.png	42170	아틀라스 ingamemainui.spriteatlasv2 · 코드가 이름을 조립해 꺼낸다(template)
사용(동적)	Assets/BaseResource/InGameMainUI/obj_rooftop_block_1.png	7441	아틀라스 ingamemainui.spriteatlasv2 · 코드가 이름을 조립해 꺼낸다(template)
사용(동적)	Assets/BaseResource/InGameMainUI/obj_rooftop_block_2.png	7509	아틀라스 ingamemainui.spriteatlasv2 · 코드가 이름을 조립해 꺼낸다(template)
사용(동적)	Assets/BaseResource/InGameMainUI/obj_rooftop_block_3.png	7577	아틀라스 ingamemainui.spriteatlasv2 · 코드가 이름을 조립해 꺼낸다(template)
사용(동적)	Assets/BaseResource/InGameMainUI/obj_rooftop_bulk.png	40891	아틀라스 ingamemainui.spriteatlasv2 · 코드가 이름을 조립해 꺼낸다(template)
사용(동적)	Assets/BaseResource/InGameMainUI/obj_rooftop_channel_h.png	18160	아틀라스 ingamemainui.spriteatlasv2 · 코드가 이름을 조립해 꺼낸다(template)
사용(동적)	Assets/BaseResource/InGameMainUI/obj_rooftop_channel_v.png	19857	아틀라스 ingamemainui.spriteatlasv2 · 코드가 이름을 조립해 꺼낸다(template)
사용(동적)	Assets/BaseResource/InGameMainUI/obj_rooftop_crate_1.png	25820	아틀라스 ingamemainui.spriteatlasv2 · 코드가 이름을 조립해 꺼낸다(template)
사용(동적)	Assets/BaseResource/InGameMainUI/obj_rooftop_crate_2.png	28801	아틀라스 ingamemainui.spriteatlasv2 · 코드가 이름을 조립해 꺼낸다(template)
사용(동적)	Assets/BaseResource/InGameMainUI/obj_rooftop_low_cover.png	32130	아틀라스 ingamemainui.spriteatlasv2 · 코드가 이름을 조립해 꺼낸다(template)
사용(동적)	Assets/BaseResource/InGameMainUI/obj_rooftop_pillar.png	22718	아틀라스 ingamemainui.spriteatlasv2 · 코드가 이름을 조립해 꺼낸다(template)
사용(동적)	Assets/BaseResource/InGameMainUI/obj_rooftop_prop_tall.png	14200	아틀라스 ingamemainui.spriteatlasv2 · 코드가 이름을 조립해 꺼낸다(template)
사용(동적)	Assets/BaseResource/InGameMainUI/obj_rooftop_prop_wide.png	38313	아틀라스 ingamemainui.spriteatlasv2 · 코드가 이름을 조립해 꺼낸다(template)
사용(동적)	Assets/BaseResource/InGameMainUI/obj_rooftop_rail.png	19360	아틀라스 ingamemainui.spriteatlasv2 · 코드가 이름을 조립해 꺼낸다(template)
사용(동적)	Assets/BaseResource/InGameMainUI/obj_rooftop_ricochet_wall_h.png	55467	아틀라스 ingamemainui.spriteatlasv2 · 코드가 이름을 조립해 꺼낸다(template)
사용(동적)	Assets/BaseResource/InGameMainUI/obj_rooftop_ricochet_wall_v.png	29648	아틀라스 ingamemainui.spriteatlasv2 · 코드가 이름을 조립해 꺼낸다(template)
사용(동적)	Assets/BaseResource/InGameMainUI/obj_rooftop_timed_spike_1.png	38258	아틀라스 ingamemainui.spriteatlasv2 · 코드가 이름을 조립해 꺼낸다(template)
사용(동적)	Assets/BaseResource/InGameMainUI/obj_rooftop_timed_spike_2.png	42703	아틀라스 ingamemainui.spriteatlasv2 · 코드가 이름을 조립해 꺼낸다(template)
사용(동적)	Assets/BaseResource/InGameMainUI/obj_rooftop_timed_spike_3.png	43007	아틀라스 ingamemainui.spriteatlasv2 · 코드가 이름을 조립해 꺼낸다(template)
사용(동적)	Assets/BaseResource/InGameMainUI/obj_rooftop_timed_spike_sheet.png	115604	아틀라스 ingamemainui.spriteatlasv2 · 코드가 이름을 조립해 꺼낸다(template)
사용(동적)	Assets/BaseResource/InGameMainUI/obj_rooftop_wallturret_e.png	10896	아틀라스 ingamemainui.spriteatlasv2 · 코드가 이름을 조립해 꺼낸다(template)
사용(동적)	Assets/BaseResource/InGameMainUI/obj_rooftop_wallturret_s.png	16346	아틀라스 ingamemainui.spriteatlasv2 · 코드가 이름을 조립해 꺼낸다(template)
사용(동적)	Assets/BaseResource/InGameMainUI/obj_rooftop_wallturret_w.png	10763	아틀라스 ingamemainui.spriteatlasv2 · 코드가 이름을 조립해 꺼낸다(template)
사용(동적)	Assets/BaseResource/InGameMainUI/obj_sandbag.png	19740	아틀라스 ingamemainui.spriteatlasv2 · 코드가 이름을 조립해 꺼낸다(prefix)
사용(동적)	Assets/BaseResource/InGameMainUI/obj_scrap_pile.png	26510	아틀라스 ingamemainui.spriteatlasv2 · 코드가 이름을 조립해 꺼낸다(template)
사용(동적)	Assets/BaseResource/InGameMainUI/obj_sludge_spit_1.png	536	아틀라스 ingamemainui.spriteatlasv2 · 코드가 이름을 조립해 꺼낸다(template)
사용(동적)	Assets/BaseResource/InGameMainUI/obj_sludge_spit_2.png	543	아틀라스 ingamemainui.spriteatlasv2 · 코드가 이름을 조립해 꺼낸다(template)
사용(동적)	Assets/BaseResource/InGameMainUI/obj_sludge_spit_3.png	516	아틀라스 ingamemainui.spriteatlasv2 · 코드가 이름을 조립해 꺼낸다(template)
사용(동적)	Assets/BaseResource/InGameMainUI/obj_street_barricade.png	36737	아틀라스 ingamemainui.spriteatlasv2 · 코드가 이름을 조립해 꺼낸다(template)
사용(동적)	Assets/BaseResource/InGameMainUI/obj_street_blade_1.png	39090	아틀라스 ingamemainui.spriteatlasv2 · 코드가 이름을 조립해 꺼낸다(template)
사용(동적)	Assets/BaseResource/InGameMainUI/obj_street_block_1.png	8007	아틀라스 ingamemainui.spriteatlasv2 · 코드가 이름을 조립해 꺼낸다(template)
사용(동적)	Assets/BaseResource/InGameMainUI/obj_street_block_2.png	8220	아틀라스 ingamemainui.spriteatlasv2 · 코드가 이름을 조립해 꺼낸다(template)
사용(동적)	Assets/BaseResource/InGameMainUI/obj_street_block_3.png	8453	아틀라스 ingamemainui.spriteatlasv2 · 코드가 이름을 조립해 꺼낸다(template)
사용(동적)	Assets/BaseResource/InGameMainUI/obj_street_bulk.png	42602	아틀라스 ingamemainui.spriteatlasv2 · 코드가 이름을 조립해 꺼낸다(template)
사용(동적)	Assets/BaseResource/InGameMainUI/obj_street_channel_h.png	18949	아틀라스 ingamemainui.spriteatlasv2 · 코드가 이름을 조립해 꺼낸다(template)
사용(동적)	Assets/BaseResource/InGameMainUI/obj_street_channel_v.png	21667	아틀라스 ingamemainui.spriteatlasv2 · 코드가 이름을 조립해 꺼낸다(template)
사용(동적)	Assets/BaseResource/InGameMainUI/obj_street_crate_1.png	36309	아틀라스 ingamemainui.spriteatlasv2 · 코드가 이름을 조립해 꺼낸다(template)
사용(동적)	Assets/BaseResource/InGameMainUI/obj_street_crate_2.png	37125	아틀라스 ingamemainui.spriteatlasv2 · 코드가 이름을 조립해 꺼낸다(template)
사용(동적)	Assets/BaseResource/InGameMainUI/obj_street_low_cover.png	40704	아틀라스 ingamemainui.spriteatlasv2 · 코드가 이름을 조립해 꺼낸다(template)
사용(동적)	Assets/BaseResource/InGameMainUI/obj_street_pillar.png	19223	아틀라스 ingamemainui.spriteatlasv2 · 코드가 이름을 조립해 꺼낸다(template)
사용(동적)	Assets/BaseResource/InGameMainUI/obj_street_prop_tall.png	22705	아틀라스 ingamemainui.spriteatlasv2 · 코드가 이름을 조립해 꺼낸다(template)
사용(동적)	Assets/BaseResource/InGameMainUI/obj_street_prop_wide.png	34705	아틀라스 ingamemainui.spriteatlasv2 · 코드가 이름을 조립해 꺼낸다(template)
사용(동적)	Assets/BaseResource/InGameMainUI/obj_street_rail.png	16384	아틀라스 ingamemainui.spriteatlasv2 · 코드가 이름을 조립해 꺼낸다(template)
사용(동적)	Assets/BaseResource/InGameMainUI/obj_street_timed_spike_1.png	40662	아틀라스 ingamemainui.spriteatlasv2 · 코드가 이름을 조립해 꺼낸다(template)
사용(동적)	Assets/BaseResource/InGameMainUI/obj_street_timed_spike_2.png	42661	아틀라스 ingamemainui.spriteatlasv2 · 코드가 이름을 조립해 꺼낸다(template)
사용(동적)	Assets/BaseResource/InGameMainUI/obj_street_timed_spike_3.png	45965	아틀라스 ingamemainui.spriteatlasv2 · 코드가 이름을 조립해 꺼낸다(template)
사용(동적)	Assets/BaseResource/InGameMainUI/obj_street_timed_spike_sheet.png	83350	아틀라스 ingamemainui.spriteatlasv2 · 코드가 이름을 조립해 꺼낸다(template)
사용(동적)	Assets/BaseResource/InGameMainUI/obj_street_wallturret_e.png	8876	아틀라스 ingamemainui.spriteatlasv2 · 코드가 이름을 조립해 꺼낸다(template)
사용(동적)	Assets/BaseResource/InGameMainUI/obj_street_wallturret_s.png	12477	아틀라스 ingamemainui.spriteatlasv2 · 코드가 이름을 조립해 꺼낸다(template)
사용(동적)	Assets/BaseResource/InGameMainUI/obj_street_wallturret_w.png	8846	아틀라스 ingamemainui.spriteatlasv2 · 코드가 이름을 조립해 꺼낸다(template)
사용(동적)	Assets/BaseResource/InGameMainUI/obj_timed_spike_1.png	48364	아틀라스 ingamemainui.spriteatlasv2 · 코드가 이름을 조립해 꺼낸다(template)
사용(동적)	Assets/BaseResource/InGameMainUI/obj_timed_spike_2.png	47783	아틀라스 ingamemainui.spriteatlasv2 · 코드가 이름을 조립해 꺼낸다(template)
사용(동적)	Assets/BaseResource/InGameMainUI/obj_timed_spike_3.png	46562	아틀라스 ingamemainui.spriteatlasv2 · 코드가 이름을 조립해 꺼낸다(template)
사용(동적)	Assets/BaseResource/InGameMainUI/obj_turret_fire.png	1899	아틀라스 ingamemainui.spriteatlasv2 · 코드가 이름을 조립해 꺼낸다(template)
사용(동적)	Assets/BaseResource/InGameMainUI/obj_wreck_car.png	28209	아틀라스 ingamemainui.spriteatlasv2 · 코드가 이름을 조립해 꺼낸다(template)
사용(동적)	Assets/BaseResource/InGameMainUI/shot_ball_1.png	457	아틀라스 ingamemainui.spriteatlasv2 · 코드가 이름을 조립해 꺼낸다(template)
사용(동적)	Assets/BaseResource/InGameMainUI/shot_ball_2.png	445	아틀라스 ingamemainui.spriteatlasv2 · 코드가 이름을 조립해 꺼낸다(template)
사용(동적)	Assets/BaseResource/InGameMainUI/shot_beam_1.png	196	아틀라스 ingamemainui.spriteatlasv2 · 코드가 이름을 조립해 꺼낸다(template)
사용(동적)	Assets/BaseResource/InGameMainUI/shot_beam_2.png	188	아틀라스 ingamemainui.spriteatlasv2 · 코드가 이름을 조립해 꺼낸다(template)
사용(동적)	Assets/BaseResource/InGameMainUI/shot_beam_3.png	194	아틀라스 ingamemainui.spriteatlasv2 · 코드가 이름을 조립해 꺼낸다(template)
사용(동적)	Assets/BaseResource/InGameMainUI/shot_bullet_1.png	333	아틀라스 ingamemainui.spriteatlasv2 · 코드가 이름을 조립해 꺼낸다(template)
사용(동적)	Assets/BaseResource/InGameMainUI/shot_bullet_2.png	467	아틀라스 ingamemainui.spriteatlasv2 · 코드가 이름을 조립해 꺼낸다(template)
사용(동적)	Assets/BaseResource/InGameMainUI/shot_bullet_3.png	619	아틀라스 ingamemainui.spriteatlasv2 · 코드가 이름을 조립해 꺼낸다(template)
사용(동적)	Assets/BaseResource/InGameMainUI/shot_chain_1.png	536	아틀라스 ingamemainui.spriteatlasv2 · 코드가 이름을 조립해 꺼낸다(template)
사용(동적)	Assets/BaseResource/InGameMainUI/shot_chain_2.png	522	아틀라스 ingamemainui.spriteatlasv2 · 코드가 이름을 조립해 꺼낸다(template)
사용(동적)	Assets/BaseResource/InGameMainUI/shot_coilwalker_1.png	195	아틀라스 ingamemainui.spriteatlasv2 · 코드가 이름을 조립해 꺼낸다(template)
사용(동적)	Assets/BaseResource/InGameMainUI/shot_coilwalker_2.png	200	아틀라스 ingamemainui.spriteatlasv2 · 코드가 이름을 조립해 꺼낸다(template)
사용(동적)	Assets/BaseResource/InGameMainUI/shot_coilwalker_3.png	206	아틀라스 ingamemainui.spriteatlasv2 · 코드가 이름을 조립해 꺼낸다(template)
사용(동적)	Assets/BaseResource/InGameMainUI/shot_darkorb_1.png	723	아틀라스 ingamemainui.spriteatlasv2 · 코드가 이름을 조립해 꺼낸다(template)
사용(동적)	Assets/BaseResource/InGameMainUI/shot_darkorb_2.png	669	아틀라스 ingamemainui.spriteatlasv2 · 코드가 이름을 조립해 꺼낸다(template)
사용(동적)	Assets/BaseResource/InGameMainUI/shot_darkorb_3.png	678	아틀라스 ingamemainui.spriteatlasv2 · 코드가 이름을 조립해 꺼낸다(template)
사용(동적)	Assets/BaseResource/InGameMainUI/shot_darkorb_4.png	722	아틀라스 ingamemainui.spriteatlasv2 · 코드가 이름을 조립해 꺼낸다(template)
사용(동적)	Assets/BaseResource/InGameMainUI/shot_darkorb_sheet.png	2201	아틀라스 ingamemainui.spriteatlasv2 · 코드가 이름을 조립해 꺼낸다(template)
사용(동적)	Assets/BaseResource/InGameMainUI/shot_dragoon_1.png	840	아틀라스 ingamemainui.spriteatlasv2 · 코드가 이름을 조립해 꺼낸다(template)
사용(동적)	Assets/BaseResource/InGameMainUI/shot_dragoon_2.png	1119	아틀라스 ingamemainui.spriteatlasv2 · 코드가 이름을 조립해 꺼낸다(template)
사용(동적)	Assets/BaseResource/InGameMainUI/shot_dragoon_3.png	1174	아틀라스 ingamemainui.spriteatlasv2 · 코드가 이름을 조립해 꺼낸다(template)
사용(동적)	Assets/BaseResource/InGameMainUI/shot_drain_1.png	436	아틀라스 ingamemainui.spriteatlasv2 · 코드가 이름을 조립해 꺼낸다(template)
사용(동적)	Assets/BaseResource/InGameMainUI/shot_drain_2.png	340	아틀라스 ingamemainui.spriteatlasv2 · 코드가 이름을 조립해 꺼낸다(template)
사용(동적)	Assets/BaseResource/InGameMainUI/shot_flame_1.png	208	아틀라스 ingamemainui.spriteatlasv2 · 코드가 이름을 조립해 꺼낸다(template)
사용(동적)	Assets/BaseResource/InGameMainUI/shot_flame_2.png	277	아틀라스 ingamemainui.spriteatlasv2 · 코드가 이름을 조립해 꺼낸다(template)
사용(동적)	Assets/BaseResource/InGameMainUI/shot_flame_3.png	354	아틀라스 ingamemainui.spriteatlasv2 · 코드가 이름을 조립해 꺼낸다(template)
사용(동적)	Assets/BaseResource/InGameMainUI/shot_frost_1.png	328	아틀라스 ingamemainui.spriteatlasv2 · 코드가 이름을 조립해 꺼낸다(template)
사용(동적)	Assets/BaseResource/InGameMainUI/shot_frost_2.png	511	아틀라스 ingamemainui.spriteatlasv2 · 코드가 이름을 조립해 꺼낸다(template)
사용(동적)	Assets/BaseResource/InGameMainUI/shot_frost_3.png	577	아틀라스 ingamemainui.spriteatlasv2 · 코드가 이름을 조립해 꺼낸다(template)
사용(동적)	Assets/BaseResource/InGameMainUI/shot_grenade_1.png	149	아틀라스 ingamemainui.spriteatlasv2 · 코드가 이름을 조립해 꺼낸다(template)
사용(동적)	Assets/BaseResource/InGameMainUI/shot_grenade_2.png	145	아틀라스 ingamemainui.spriteatlasv2 · 코드가 이름을 조립해 꺼낸다(template)
사용(동적)	Assets/BaseResource/InGameMainUI/shot_grenade_3.png	151	아틀라스 ingamemainui.spriteatlasv2 · 코드가 이름을 조립해 꺼낸다(template)
사용(동적)	Assets/BaseResource/InGameMainUI/shot_grenade_4.png	144	아틀라스 ingamemainui.spriteatlasv2 · 코드가 이름을 조립해 꺼낸다(template)
사용(동적)	Assets/BaseResource/InGameMainUI/shot_laser_1.png	493	아틀라스 ingamemainui.spriteatlasv2 · 코드가 이름을 조립해 꺼낸다(template)
사용(동적)	Assets/BaseResource/InGameMainUI/shot_laser_2.png	820	아틀라스 ingamemainui.spriteatlasv2 · 코드가 이름을 조립해 꺼낸다(template)
사용(동적)	Assets/BaseResource/InGameMainUI/shot_laser_3.png	536	아틀라스 ingamemainui.spriteatlasv2 · 코드가 이름을 조립해 꺼낸다(template)
사용(동적)	Assets/BaseResource/InGameMainUI/shot_lightorb_1.png	627	아틀라스 ingamemainui.spriteatlasv2 · 코드가 이름을 조립해 꺼낸다(template)
사용(동적)	Assets/BaseResource/InGameMainUI/shot_lightorb_2.png	649	아틀라스 ingamemainui.spriteatlasv2 · 코드가 이름을 조립해 꺼낸다(template)
사용(동적)	Assets/BaseResource/InGameMainUI/shot_lightorb_3.png	608	아틀라스 ingamemainui.spriteatlasv2 · 코드가 이름을 조립해 꺼낸다(template)
사용(동적)	Assets/BaseResource/InGameMainUI/shot_lightorb_4.png	617	아틀라스 ingamemainui.spriteatlasv2 · 코드가 이름을 조립해 꺼낸다(template)
사용(동적)	Assets/BaseResource/InGameMainUI/shot_lightorb_sheet.png	1873	아틀라스 ingamemainui.spriteatlasv2 · 코드가 이름을 조립해 꺼낸다(template)
사용(동적)	Assets/BaseResource/InGameMainUI/shot_magic_1.png	166	아틀라스 ingamemainui.spriteatlasv2 · 코드가 이름을 조립해 꺼낸다(template)
사용(동적)	Assets/BaseResource/InGameMainUI/shot_magic_2.png	216	아틀라스 ingamemainui.spriteatlasv2 · 코드가 이름을 조립해 꺼낸다(template)
사용(동적)	Assets/BaseResource/InGameMainUI/shot_magic_3.png	248	아틀라스 ingamemainui.spriteatlasv2 · 코드가 이름을 조립해 꺼낸다(template)
사용(동적)	Assets/BaseResource/InGameMainUI/shot_medium_1.png	1355	아틀라스 ingamemainui.spriteatlasv2 · 코드가 이름을 조립해 꺼낸다(template)
사용(동적)	Assets/BaseResource/InGameMainUI/shot_medium_2.png	1080	아틀라스 ingamemainui.spriteatlasv2 · 코드가 이름을 조립해 꺼낸다(template)
사용(동적)	Assets/BaseResource/InGameMainUI/shot_medium_3.png	1049	아틀라스 ingamemainui.spriteatlasv2 · 코드가 이름을 조립해 꺼낸다(template)
사용(동적)	Assets/BaseResource/InGameMainUI/shot_mg_1.png	454	아틀라스 ingamemainui.spriteatlasv2 · 코드가 이름을 조립해 꺼낸다(template)
사용(동적)	Assets/BaseResource/InGameMainUI/shot_mg_2.png	563	아틀라스 ingamemainui.spriteatlasv2 · 코드가 이름을 조립해 꺼낸다(template)
사용(동적)	Assets/BaseResource/InGameMainUI/shot_mg_3.png	498	아틀라스 ingamemainui.spriteatlasv2 · 코드가 이름을 조립해 꺼낸다(template)
사용(동적)	Assets/BaseResource/InGameMainUI/shot_missile_1.png	329	아틀라스 ingamemainui.spriteatlasv2 · 코드가 이름을 조립해 꺼낸다(template)
사용(동적)	Assets/BaseResource/InGameMainUI/shot_missile_2.png	335	아틀라스 ingamemainui.spriteatlasv2 · 코드가 이름을 조립해 꺼낸다(template)
사용(동적)	Assets/BaseResource/InGameMainUI/shot_missile_3.png	354	아틀라스 ingamemainui.spriteatlasv2 · 코드가 이름을 조립해 꺼낸다(template)
사용(동적)	Assets/BaseResource/InGameMainUI/shot_missile_4.png	347	아틀라스 ingamemainui.spriteatlasv2 · 코드가 이름을 조립해 꺼낸다(template)
사용(동적)	Assets/BaseResource/InGameMainUI/shot_pulse_1.png	352	아틀라스 ingamemainui.spriteatlasv2 · 코드가 이름을 조립해 꺼낸다(template)
사용(동적)	Assets/BaseResource/InGameMainUI/shot_pulse_2.png	387	아틀라스 ingamemainui.spriteatlasv2 · 코드가 이름을 조립해 꺼낸다(template)
사용(동적)	Assets/BaseResource/InGameMainUI/shot_pulse_3.png	326	아틀라스 ingamemainui.spriteatlasv2 · 코드가 이름을 조립해 꺼낸다(template)
사용(동적)	Assets/BaseResource/InGameMainUI/shot_pulse_4.png	373	아틀라스 ingamemainui.spriteatlasv2 · 코드가 이름을 조립해 꺼낸다(template)
사용(동적)	Assets/BaseResource/InGameMainUI/shot_roadwarden_1.png	268	아틀라스 ingamemainui.spriteatlasv2 · 코드가 이름을 조립해 꺼낸다(template)
사용(동적)	Assets/BaseResource/InGameMainUI/shot_roadwarden_2.png	260	아틀라스 ingamemainui.spriteatlasv2 · 코드가 이름을 조립해 꺼낸다(template)
사용(동적)	Assets/BaseResource/InGameMainUI/shot_roadwarden_3.png	253	아틀라스 ingamemainui.spriteatlasv2 · 코드가 이름을 조립해 꺼낸다(template)
사용(동적)	Assets/BaseResource/InGameMainUI/shot_robot_1.png	851	아틀라스 ingamemainui.spriteatlasv2 · 코드가 이름을 조립해 꺼낸다(template)
사용(동적)	Assets/BaseResource/InGameMainUI/shot_robot_2.png	884	아틀라스 ingamemainui.spriteatlasv2 · 코드가 이름을 조립해 꺼낸다(template)
사용(동적)	Assets/BaseResource/InGameMainUI/shot_robot_3.png	929	아틀라스 ingamemainui.spriteatlasv2 · 코드가 이름을 조립해 꺼낸다(template)
사용(동적)	Assets/BaseResource/InGameMainUI/shot_scrapgunner_1.png	354	아틀라스 ingamemainui.spriteatlasv2 · 코드가 이름을 조립해 꺼낸다(template)
사용(동적)	Assets/BaseResource/InGameMainUI/shot_scrapgunner_2.png	361	아틀라스 ingamemainui.spriteatlasv2 · 코드가 이름을 조립해 꺼낸다(template)
사용(동적)	Assets/BaseResource/InGameMainUI/shot_scrapgunner_3.png	258	아틀라스 ingamemainui.spriteatlasv2 · 코드가 이름을 조립해 꺼낸다(template)
사용(동적)	Assets/BaseResource/InGameMainUI/shot_shuriken_1.png	290	아틀라스 ingamemainui.spriteatlasv2 · 코드가 이름을 조립해 꺼낸다(template)
사용(동적)	Assets/BaseResource/InGameMainUI/shot_shuriken_2.png	278	아틀라스 ingamemainui.spriteatlasv2 · 코드가 이름을 조립해 꺼낸다(template)
사용(동적)	Assets/BaseResource/InGameMainUI/shot_smg_1.png	217	아틀라스 ingamemainui.spriteatlasv2 · 코드가 이름을 조립해 꺼낸다(template)
사용(동적)	Assets/BaseResource/InGameMainUI/shot_smg_2.png	265	아틀라스 ingamemainui.spriteatlasv2 · 코드가 이름을 조립해 꺼낸다(template)
사용(동적)	Assets/BaseResource/InGameMainUI/shot_smg_3.png	284	아틀라스 ingamemainui.spriteatlasv2 · 코드가 이름을 조립해 꺼낸다(template)
사용(동적)	Assets/BaseResource/InGameMainUI/shot_spear_1.png	400	아틀라스 ingamemainui.spriteatlasv2 · 코드가 이름을 조립해 꺼낸다(template)
사용(동적)	Assets/BaseResource/InGameMainUI/shot_spear_2.png	752	아틀라스 ingamemainui.spriteatlasv2 · 코드가 이름을 조립해 꺼낸다(template)
사용(동적)	Assets/BaseResource/InGameMainUI/shot_spider_1.png	2627	아틀라스 ingamemainui.spriteatlasv2 · 코드가 이름을 조립해 꺼낸다(template)
사용(동적)	Assets/BaseResource/InGameMainUI/shot_spiral_1.png	335	아틀라스 ingamemainui.spriteatlasv2 · 코드가 이름을 조립해 꺼낸다(template)
사용(동적)	Assets/BaseResource/InGameMainUI/shot_spiral_2.png	351	아틀라스 ingamemainui.spriteatlasv2 · 코드가 이름을 조립해 꺼낸다(template)
사용(동적)	Assets/BaseResource/InGameMainUI/shot_spiral_3.png	337	아틀라스 ingamemainui.spriteatlasv2 · 코드가 이름을 조립해 꺼낸다(template)
사용(동적)	Assets/BaseResource/InGameMainUI/shot_thug_1.png	518	아틀라스 ingamemainui.spriteatlasv2 · 코드가 이름을 조립해 꺼낸다(template)
사용(동적)	Assets/BaseResource/InGameMainUI/shot_thug_2.png	554	아틀라스 ingamemainui.spriteatlasv2 · 코드가 이름을 조립해 꺼낸다(template)
사용(동적)	Assets/BaseResource/InGameMainUI/shot_thunder_1.png	279	아틀라스 ingamemainui.spriteatlasv2 · 코드가 이름을 조립해 꺼낸다(template)
사용(동적)	Assets/BaseResource/InGameMainUI/shot_thunder_2.png	284	아틀라스 ingamemainui.spriteatlasv2 · 코드가 이름을 조립해 꺼낸다(template)
사용(동적)	Assets/BaseResource/InGameMainUI/shot_thunder_3.png	285	아틀라스 ingamemainui.spriteatlasv2 · 코드가 이름을 조립해 꺼낸다(template)
사용(동적)	Assets/BaseResource/InGameMainUI/shot_venom_1.png	240	아틀라스 ingamemainui.spriteatlasv2 · 코드가 이름을 조립해 꺼낸다(template)
사용(동적)	Assets/BaseResource/InGameMainUI/shot_venom_2.png	299	아틀라스 ingamemainui.spriteatlasv2 · 코드가 이름을 조립해 꺼낸다(template)
사용(동적)	Assets/BaseResource/InGameMainUI/shot_venom_3.png	389	아틀라스 ingamemainui.spriteatlasv2 · 코드가 이름을 조립해 꺼낸다(template)
사용(동적)	Assets/BaseResource/Loading/loading_bg_1.png	794604	아틀라스 loading.spriteatlasv2 · 코드가 이름을 조립해 꺼낸다(prefix)
사용(동적)	Assets/BaseResource/Loading/loading_bg_2.png	906697	아틀라스 loading.spriteatlasv2 · 코드가 이름을 조립해 꺼낸다(prefix)
사용(동적)	Assets/BaseResource/Loading/loading_bg_3.png	922753	아틀라스 loading.spriteatlasv2 · 코드가 이름을 조립해 꺼낸다(prefix)
사용(동적)	Assets/BaseResource/Loading/loading_ghost_1.png	2096	아틀라스 loading.spriteatlasv2 · 코드가 이름을 조립해 꺼낸다(prefix)
사용(동적)	Assets/BaseResource/Loading/loading_ghost_2.png	2103	아틀라스 loading.spriteatlasv2 · 코드가 이름을 조립해 꺼낸다(prefix)
사용(동적)	Assets/BaseResource/Loading/loading_ghost_3.png	2082	아틀라스 loading.spriteatlasv2 · 코드가 이름을 조립해 꺼낸다(prefix)
사용(동적)	Assets/BaseResource/Loading/loading_ghost_4.png	2087	아틀라스 loading.spriteatlasv2 · 코드가 이름을 조립해 꺼낸다(prefix)
사용(동적)	Assets/BaseResource/LobbyMainUI/chestslotframe_edge.png	805	아틀라스 lobbymainui.spriteatlasv2 · 코드가 이름을 조립해 꺼낸다(template)
사용(동적)	Assets/BaseResource/PopupFx/fx_altar_gem_pulse_1.png	1755	아틀라스 popupfx.spriteatlasv2 · 코드가 이름을 조립해 꺼낸다(template)
사용(동적)	Assets/BaseResource/PopupFx/fx_altar_gem_pulse_2.png	1983	아틀라스 popupfx.spriteatlasv2 · 코드가 이름을 조립해 꺼낸다(template)
사용(동적)	Assets/BaseResource/PopupFx/fx_altar_gem_pulse_3.png	2335	아틀라스 popupfx.spriteatlasv2 · 코드가 이름을 조립해 꺼낸다(template)
사용(동적)	Assets/BaseResource/PopupFx/fx_altar_gem_pulse_4.png	1965	아틀라스 popupfx.spriteatlasv2 · 코드가 이름을 조립해 꺼낸다(template)
사용(동적)	Assets/BaseResource/PopupFx/fx_altar_idle_bubbles_1.png	3283	아틀라스 popupfx.spriteatlasv2 · 코드가 이름을 조립해 꺼낸다(template)
사용(동적)	Assets/BaseResource/PopupFx/fx_altar_idle_bubbles_2.png	3487	아틀라스 popupfx.spriteatlasv2 · 코드가 이름을 조립해 꺼낸다(template)
사용(동적)	Assets/BaseResource/PopupFx/fx_altar_idle_bubbles_3.png	2759	아틀라스 popupfx.spriteatlasv2 · 코드가 이름을 조립해 꺼낸다(template)
사용(동적)	Assets/BaseResource/PopupFx/fx_altar_idle_bubbles_4.png	2791	아틀라스 popupfx.spriteatlasv2 · 코드가 이름을 조립해 꺼낸다(template)
사용(동적)	Assets/BaseResource/PopupFx/fx_altar_tube_fill_1.png	38540	아틀라스 popupfx.spriteatlasv2 · 코드가 이름을 조립해 꺼낸다(template)
사용(동적)	Assets/BaseResource/PopupFx/fx_altar_tube_fill_2.png	36147	아틀라스 popupfx.spriteatlasv2 · 코드가 이름을 조립해 꺼낸다(template)
사용(동적)	Assets/BaseResource/PopupFx/fx_altar_tube_fill_3.png	36505	아틀라스 popupfx.spriteatlasv2 · 코드가 이름을 조립해 꺼낸다(template)
사용(동적)	Assets/BaseResource/PopupFx/fx_altar_tube_fill_4.png	36418	아틀라스 popupfx.spriteatlasv2 · 코드가 이름을 조립해 꺼낸다(template)
사용(동적)	Assets/BaseResource/PopupFx/fx_clear_chest_land_1.png	21710	아틀라스 popupfx.spriteatlasv2 · 코드가 이름을 조립해 꺼낸다(template)
사용(동적)	Assets/BaseResource/PopupFx/fx_clear_chest_land_2.png	30871	아틀라스 popupfx.spriteatlasv2 · 코드가 이름을 조립해 꺼낸다(template)
사용(동적)	Assets/BaseResource/PopupFx/fx_clear_chest_land_3.png	18433	아틀라스 popupfx.spriteatlasv2 · 코드가 이름을 조립해 꺼낸다(template)
사용(동적)	Assets/BaseResource/PopupFx/fx_clear_chest_land_4.png	13995	아틀라스 popupfx.spriteatlasv2 · 코드가 이름을 조립해 꺼낸다(template)
사용(동적)	Assets/BaseResource/PopupFx/fx_clear_coin_rain_1.png	9252	아틀라스 popupfx.spriteatlasv2 · 코드가 이름을 조립해 꺼낸다(template)
사용(동적)	Assets/BaseResource/PopupFx/fx_clear_coin_rain_2.png	9044	아틀라스 popupfx.spriteatlasv2 · 코드가 이름을 조립해 꺼낸다(template)
사용(동적)	Assets/BaseResource/PopupFx/fx_clear_coin_rain_3.png	9502	아틀라스 popupfx.spriteatlasv2 · 코드가 이름을 조립해 꺼낸다(template)
사용(동적)	Assets/BaseResource/PopupFx/fx_clear_coin_rain_4.png	1202	아틀라스 popupfx.spriteatlasv2 · 코드가 이름을 조립해 꺼낸다(template)
사용(동적)	Assets/BaseResource/PopupFx/fx_clear_ok_glow_1.png	11236	아틀라스 popupfx.spriteatlasv2 · 코드가 이름을 조립해 꺼낸다(template)
사용(동적)	Assets/BaseResource/PopupFx/fx_clear_ok_glow_2.png	12177	아틀라스 popupfx.spriteatlasv2 · 코드가 이름을 조립해 꺼낸다(template)
사용(동적)	Assets/BaseResource/PopupFx/fx_clear_ok_glow_3.png	15953	아틀라스 popupfx.spriteatlasv2 · 코드가 이름을 조립해 꺼낸다(template)
사용(동적)	Assets/BaseResource/PopupFx/fx_clear_ok_glow_4.png	13549	아틀라스 popupfx.spriteatlasv2 · 코드가 이름을 조립해 꺼낸다(template)
사용(동적)	Assets/BaseResource/PopupFx/fx_clear_title_burst_1.png	276208	아틀라스 popupfx.spriteatlasv2 · 코드가 이름을 조립해 꺼낸다(template)
사용(동적)	Assets/BaseResource/PopupFx/fx_clear_title_burst_2.png	193735	아틀라스 popupfx.spriteatlasv2 · 코드가 이름을 조립해 꺼낸다(template)
사용(동적)	Assets/BaseResource/PopupFx/fx_clear_title_burst_3.png	133297	아틀라스 popupfx.spriteatlasv2 · 코드가 이름을 조립해 꺼낸다(template)
사용(동적)	Assets/BaseResource/PopupFx/fx_clear_title_burst_4.png	74774	아틀라스 popupfx.spriteatlasv2 · 코드가 이름을 조립해 꺼낸다(template)
사용(동적)	Assets/BaseResource/PopupFx/fx_devil_chain_glow_1.png	43297	아틀라스 popupfx.spriteatlasv2 · 코드가 이름을 조립해 꺼낸다(template)
사용(동적)	Assets/BaseResource/PopupFx/fx_devil_chain_glow_2.png	47627	아틀라스 popupfx.spriteatlasv2 · 코드가 이름을 조립해 꺼낸다(template)
사용(동적)	Assets/BaseResource/PopupFx/fx_devil_chain_glow_3.png	43898	아틀라스 popupfx.spriteatlasv2 · 코드가 이름을 조립해 꺼낸다(template)
사용(동적)	Assets/BaseResource/PopupFx/fx_devil_chain_glow_4.png	43230	아틀라스 popupfx.spriteatlasv2 · 코드가 이름을 조립해 꺼낸다(template)
사용(동적)	Assets/BaseResource/PopupFx/fx_devil_flame_1.png	1305	아틀라스 popupfx.spriteatlasv2 · 코드가 이름을 조립해 꺼낸다(template)
사용(동적)	Assets/BaseResource/PopupFx/fx_devil_flame_2.png	1297	아틀라스 popupfx.spriteatlasv2 · 코드가 이름을 조립해 꺼낸다(template)
사용(동적)	Assets/BaseResource/PopupFx/fx_devil_flame_3.png	1491	아틀라스 popupfx.spriteatlasv2 · 코드가 이름을 조립해 꺼낸다(template)
사용(동적)	Assets/BaseResource/PopupFx/fx_devil_flame_4.png	1307	아틀라스 popupfx.spriteatlasv2 · 코드가 이름을 조립해 꺼낸다(template)
사용(동적)	Assets/BaseResource/PopupFx/fx_devil_heat_1.png	88184	아틀라스 popupfx.spriteatlasv2 · 코드가 이름을 조립해 꺼낸다(template)
사용(동적)	Assets/BaseResource/PopupFx/fx_devil_heat_2.png	95004	아틀라스 popupfx.spriteatlasv2 · 코드가 이름을 조립해 꺼낸다(template)
사용(동적)	Assets/BaseResource/PopupFx/fx_devil_heat_3.png	98079	아틀라스 popupfx.spriteatlasv2 · 코드가 이름을 조립해 꺼낸다(template)
사용(동적)	Assets/BaseResource/PopupFx/fx_devil_heat_4.png	92067	아틀라스 popupfx.spriteatlasv2 · 코드가 이름을 조립해 꺼낸다(template)
사용(동적)	Assets/BaseResource/PopupFx/fx_devil_smoke_1.png	136536	아틀라스 popupfx.spriteatlasv2 · 코드가 이름을 조립해 꺼낸다(template)
사용(동적)	Assets/BaseResource/PopupFx/fx_devil_smoke_2.png	250683	아틀라스 popupfx.spriteatlasv2 · 코드가 이름을 조립해 꺼낸다(template)
사용(동적)	Assets/BaseResource/PopupFx/fx_devil_smoke_3.png	362500	아틀라스 popupfx.spriteatlasv2 · 코드가 이름을 조립해 꺼낸다(template)
사용(동적)	Assets/BaseResource/PopupFx/fx_devil_smoke_4.png	220968	아틀라스 popupfx.spriteatlasv2 · 코드가 이름을 조립해 꺼낸다(template)
사용(동적)	Assets/BaseResource/PopupFx/fx_levelup_card_rays_1.png	161717	아틀라스 popupfx.spriteatlasv2 · 코드가 이름을 조립해 꺼낸다(template)
사용(동적)	Assets/BaseResource/PopupFx/fx_levelup_emblem_rays_1.png	48762	아틀라스 popupfx.spriteatlasv2 · 코드가 이름을 조립해 꺼낸다(template)
사용(동적)	Assets/BaseResource/PopupFx/fx_levelup_emblem_rays_2.png	48687	아틀라스 popupfx.spriteatlasv2 · 코드가 이름을 조립해 꺼낸다(template)
사용(동적)	Assets/BaseResource/PopupFx/fx_levelup_emblem_rays_3.png	48830	아틀라스 popupfx.spriteatlasv2 · 코드가 이름을 조립해 꺼낸다(template)
사용(동적)	Assets/BaseResource/PopupFx/fx_levelup_emblem_rays_4.png	48605	아틀라스 popupfx.spriteatlasv2 · 코드가 이름을 조립해 꺼낸다(template)
사용(동적)	Assets/BaseResource/PopupFx/fx_levelup_emblem_strike_1.png	13662	아틀라스 popupfx.spriteatlasv2 · 코드가 이름을 조립해 꺼낸다(template)
사용(동적)	Assets/BaseResource/PopupFx/fx_levelup_emblem_strike_2.png	20216	아틀라스 popupfx.spriteatlasv2 · 코드가 이름을 조립해 꺼낸다(template)
사용(동적)	Assets/BaseResource/PopupFx/fx_levelup_emblem_strike_3.png	20572	아틀라스 popupfx.spriteatlasv2 · 코드가 이름을 조립해 꺼낸다(template)
사용(동적)	Assets/BaseResource/PopupFx/fx_levelup_emblem_strike_4.png	13803	아틀라스 popupfx.spriteatlasv2 · 코드가 이름을 조립해 꺼낸다(template)
사용(동적)	Assets/BaseResource/PopupFx/fx_levelup_pipe_flow_1.png	5373	아틀라스 popupfx.spriteatlasv2 · 코드가 이름을 조립해 꺼낸다(template)
사용(동적)	Assets/BaseResource/PopupFx/fx_levelup_pipe_flow_2.png	5176	아틀라스 popupfx.spriteatlasv2 · 코드가 이름을 조립해 꺼낸다(template)
사용(동적)	Assets/BaseResource/PopupFx/fx_levelup_pipe_flow_3.png	4992	아틀라스 popupfx.spriteatlasv2 · 코드가 이름을 조립해 꺼낸다(template)
사용(동적)	Assets/BaseResource/PopupFx/fx_levelup_pipe_flow_4.png	5251	아틀라스 popupfx.spriteatlasv2 · 코드가 이름을 조립해 꺼낸다(template)
사용(동적)	Assets/BaseResource/PopupFx/fx_levelup_tube_glow_1.png	9748	아틀라스 popupfx.spriteatlasv2 · 코드가 이름을 조립해 꺼낸다(template)
사용(동적)	Assets/BaseResource/PopupFx/fx_levelup_tube_glow_2.png	9849	아틀라스 popupfx.spriteatlasv2 · 코드가 이름을 조립해 꺼낸다(template)
사용(동적)	Assets/BaseResource/PopupFx/fx_levelup_tube_glow_3.png	9698	아틀라스 popupfx.spriteatlasv2 · 코드가 이름을 조립해 꺼낸다(template)
사용(동적)	Assets/BaseResource/PopupFx/fx_levelup_tube_glow_4.png	9611	아틀라스 popupfx.spriteatlasv2 · 코드가 이름을 조립해 꺼낸다(template)
사용(동적)	Assets/BaseResource/PopupFx/fx_present_card_absorb_1.png	5715	아틀라스 popupfx.spriteatlasv2 · 코드가 이름을 조립해 꺼낸다(template)
사용(동적)	Assets/BaseResource/PopupFx/fx_present_card_absorb_2.png	5870	아틀라스 popupfx.spriteatlasv2 · 코드가 이름을 조립해 꺼낸다(template)
사용(동적)	Assets/BaseResource/PopupFx/fx_present_card_absorb_3.png	5943	아틀라스 popupfx.spriteatlasv2 · 코드가 이름을 조립해 꺼낸다(template)
사용(동적)	Assets/BaseResource/PopupFx/fx_present_card_absorb_4.png	6155	아틀라스 popupfx.spriteatlasv2 · 코드가 이름을 조립해 꺼낸다(template)
사용(동적)	Assets/BaseResource/PopupFx/fx_present_card_absorb_5.png	4125	아틀라스 popupfx.spriteatlasv2 · 코드가 이름을 조립해 꺼낸다(template)
사용(동적)	Assets/BaseResource/PopupFx/fx_present_card_absorb_6.png	2739	아틀라스 popupfx.spriteatlasv2 · 코드가 이름을 조립해 꺼낸다(template)
사용(동적)	Assets/BaseResource/PopupFx/fx_present_card_absorb_7.png	1996	아틀라스 popupfx.spriteatlasv2 · 코드가 이름을 조립해 꺼낸다(template)
사용(동적)	Assets/BaseResource/PopupFx/fx_present_card_absorb_8.png	1336	아틀라스 popupfx.spriteatlasv2 · 코드가 이름을 조립해 꺼낸다(template)
사용(동적)	Assets/BaseResource/PopupFx/fx_present_curse_1.png	20683	아틀라스 popupfx.spriteatlasv2 · 코드가 이름을 조립해 꺼낸다(template)
사용(동적)	Assets/BaseResource/PopupFx/fx_present_curse_2.png	31390	아틀라스 popupfx.spriteatlasv2 · 코드가 이름을 조립해 꺼낸다(template)
사용(동적)	Assets/BaseResource/PopupFx/fx_present_curse_3.png	49119	아틀라스 popupfx.spriteatlasv2 · 코드가 이름을 조립해 꺼낸다(template)
사용(동적)	Assets/BaseResource/PopupFx/fx_present_curse_4.png	61948	아틀라스 popupfx.spriteatlasv2 · 코드가 이름을 조립해 꺼낸다(template)
사용(동적)	Assets/BaseResource/PopupFx/fx_present_curse_5.png	58033	아틀라스 popupfx.spriteatlasv2 · 코드가 이름을 조립해 꺼낸다(template)
사용(동적)	Assets/BaseResource/PopupFx/fx_present_curse_6.png	56709	아틀라스 popupfx.spriteatlasv2 · 코드가 이름을 조립해 꺼낸다(template)
사용(동적)	Assets/BaseResource/PopupFx/fx_present_curse_7.png	50993	아틀라스 popupfx.spriteatlasv2 · 코드가 이름을 조립해 꺼낸다(template)
사용(동적)	Assets/BaseResource/PopupFx/fx_present_curse_8.png	34674	아틀라스 popupfx.spriteatlasv2 · 코드가 이름을 조립해 꺼낸다(template)
사용(동적)	Assets/BaseResource/PopupFx/fx_present_goldpile_stages_1.png	13523	아틀라스 popupfx.spriteatlasv2 · 코드가 이름을 조립해 꺼낸다(template)
사용(동적)	Assets/BaseResource/PopupFx/fx_present_goldpile_stages_2.png	22379	아틀라스 popupfx.spriteatlasv2 · 코드가 이름을 조립해 꺼낸다(template)
사용(동적)	Assets/BaseResource/PopupFx/fx_present_goldpile_stages_3.png	31713	아틀라스 popupfx.spriteatlasv2 · 코드가 이름을 조립해 꺼낸다(template)
사용(동적)	Assets/BaseResource/PopupFx/fx_present_goldpile_stages_4.png	30200	아틀라스 popupfx.spriteatlasv2 · 코드가 이름을 조립해 꺼낸다(template)
사용(동적)	Assets/BaseResource/PopupFx/fx_present_heal_burst_1.png	5453	아틀라스 popupfx.spriteatlasv2 · 코드가 이름을 조립해 꺼낸다(template)
사용(동적)	Assets/BaseResource/PopupFx/fx_present_heal_burst_2.png	15935	아틀라스 popupfx.spriteatlasv2 · 코드가 이름을 조립해 꺼낸다(template)
사용(동적)	Assets/BaseResource/PopupFx/fx_present_heal_burst_3.png	27722	아틀라스 popupfx.spriteatlasv2 · 코드가 이름을 조립해 꺼낸다(template)
사용(동적)	Assets/BaseResource/PopupFx/fx_present_heal_burst_4.png	35761	아틀라스 popupfx.spriteatlasv2 · 코드가 이름을 조립해 꺼낸다(template)
사용(동적)	Assets/BaseResource/PopupFx/fx_present_heal_burst_5.png	43972	아틀라스 popupfx.spriteatlasv2 · 코드가 이름을 조립해 꺼낸다(template)
사용(동적)	Assets/BaseResource/PopupFx/fx_present_heal_burst_6.png	15146	아틀라스 popupfx.spriteatlasv2 · 코드가 이름을 조립해 꺼낸다(template)
사용(동적)	Assets/BaseResource/PopupFx/fx_present_heal_burst_7.png	6757	아틀라스 popupfx.spriteatlasv2 · 코드가 이름을 조립해 꺼낸다(template)
사용(동적)	Assets/BaseResource/PopupFx/fx_present_heal_burst_8.png	2330	아틀라스 popupfx.spriteatlasv2 · 코드가 이름을 조립해 꺼낸다(template)
사용(동적)	Assets/BaseResource/PopupFx/fx_present_heal_orb_1.png	3171	아틀라스 popupfx.spriteatlasv2 · 코드가 이름을 조립해 꺼낸다(template)
사용(동적)	Assets/BaseResource/PopupFx/fx_present_heal_orb_2.png	3437	아틀라스 popupfx.spriteatlasv2 · 코드가 이름을 조립해 꺼낸다(template)
사용(동적)	Assets/BaseResource/PopupFx/fx_present_heal_orb_3.png	3255	아틀라스 popupfx.spriteatlasv2 · 코드가 이름을 조립해 꺼낸다(template)
사용(동적)	Assets/BaseResource/PopupFx/fx_present_heal_orb_4.png	3287	아틀라스 popupfx.spriteatlasv2 · 코드가 이름을 조립해 꺼낸다(template)
사용(동적)	Assets/BaseResource/PopupFx/fx_present_power_up_1.png	9569	아틀라스 popupfx.spriteatlasv2 · 코드가 이름을 조립해 꺼낸다(template)
사용(동적)	Assets/BaseResource/PopupFx/fx_present_power_up_2.png	17175	아틀라스 popupfx.spriteatlasv2 · 코드가 이름을 조립해 꺼낸다(template)
사용(동적)	Assets/BaseResource/PopupFx/fx_present_power_up_3.png	25045	아틀라스 popupfx.spriteatlasv2 · 코드가 이름을 조립해 꺼낸다(template)
사용(동적)	Assets/BaseResource/PopupFx/fx_present_power_up_4.png	37438	아틀라스 popupfx.spriteatlasv2 · 코드가 이름을 조립해 꺼낸다(template)
사용(동적)	Assets/BaseResource/PopupFx/fx_present_power_up_5.png	36328	아틀라스 popupfx.spriteatlasv2 · 코드가 이름을 조립해 꺼낸다(template)
사용(동적)	Assets/BaseResource/PopupFx/fx_present_power_up_6.png	24122	아틀라스 popupfx.spriteatlasv2 · 코드가 이름을 조립해 꺼낸다(template)
사용(동적)	Assets/BaseResource/PopupFx/fx_present_power_up_7.png	15830	아틀라스 popupfx.spriteatlasv2 · 코드가 이름을 조립해 꺼낸다(template)
사용(동적)	Assets/BaseResource/PopupFx/fx_present_power_up_8.png	6526	아틀라스 popupfx.spriteatlasv2 · 코드가 이름을 조립해 꺼낸다(template)
사용(동적)	Assets/BaseResource/PopupFx/fx_present_speed_up_1.png	6017	아틀라스 popupfx.spriteatlasv2 · 코드가 이름을 조립해 꺼낸다(template)
사용(동적)	Assets/BaseResource/PopupFx/fx_present_speed_up_2.png	10527	아틀라스 popupfx.spriteatlasv2 · 코드가 이름을 조립해 꺼낸다(template)
사용(동적)	Assets/BaseResource/PopupFx/fx_present_speed_up_3.png	16065	아틀라스 popupfx.spriteatlasv2 · 코드가 이름을 조립해 꺼낸다(template)
사용(동적)	Assets/BaseResource/PopupFx/fx_present_speed_up_4.png	23645	아틀라스 popupfx.spriteatlasv2 · 코드가 이름을 조립해 꺼낸다(template)
사용(동적)	Assets/BaseResource/PopupFx/fx_present_speed_up_5.png	24698	아틀라스 popupfx.spriteatlasv2 · 코드가 이름을 조립해 꺼낸다(template)
사용(동적)	Assets/BaseResource/PopupFx/fx_present_speed_up_6.png	25314	아틀라스 popupfx.spriteatlasv2 · 코드가 이름을 조립해 꺼낸다(template)
사용(동적)	Assets/BaseResource/PopupFx/fx_present_speed_up_7.png	17068	아틀라스 popupfx.spriteatlasv2 · 코드가 이름을 조립해 꺼낸다(template)
사용(동적)	Assets/BaseResource/PopupFx/fx_present_speed_up_8.png	8641	아틀라스 popupfx.spriteatlasv2 · 코드가 이름을 조립해 꺼낸다(template)
사용(동적)	Assets/BaseResource/PopupFx/fx_present_vital_up_1.png	11671	아틀라스 popupfx.spriteatlasv2 · 코드가 이름을 조립해 꺼낸다(template)
사용(동적)	Assets/BaseResource/PopupFx/fx_present_vital_up_2.png	17691	아틀라스 popupfx.spriteatlasv2 · 코드가 이름을 조립해 꺼낸다(template)
사용(동적)	Assets/BaseResource/PopupFx/fx_present_vital_up_3.png	30445	아틀라스 popupfx.spriteatlasv2 · 코드가 이름을 조립해 꺼낸다(template)
사용(동적)	Assets/BaseResource/PopupFx/fx_present_vital_up_4.png	52240	아틀라스 popupfx.spriteatlasv2 · 코드가 이름을 조립해 꺼낸다(template)
사용(동적)	Assets/BaseResource/PopupFx/fx_present_vital_up_5.png	65839	아틀라스 popupfx.spriteatlasv2 · 코드가 이름을 조립해 꺼낸다(template)
사용(동적)	Assets/BaseResource/PopupFx/fx_present_vital_up_6.png	54308	아틀라스 popupfx.spriteatlasv2 · 코드가 이름을 조립해 꺼낸다(template)
사용(동적)	Assets/BaseResource/PopupFx/fx_present_vital_up_7.png	29718	아틀라스 popupfx.spriteatlasv2 · 코드가 이름을 조립해 꺼낸다(template)
사용(동적)	Assets/BaseResource/PopupFx/fx_present_vital_up_8.png	14236	아틀라스 popupfx.spriteatlasv2 · 코드가 이름을 조립해 꺼낸다(template)
사용(동적)	Assets/BaseResource/PopupFx/fx_result_gold_burst_1.png	4966	아틀라스 popupfx.spriteatlasv2 · 코드가 이름을 조립해 꺼낸다(template)
사용(동적)	Assets/BaseResource/PopupFx/fx_result_gold_burst_2.png	11843	아틀라스 popupfx.spriteatlasv2 · 코드가 이름을 조립해 꺼낸다(template)
사용(동적)	Assets/BaseResource/PopupFx/fx_result_gold_burst_3.png	21015	아틀라스 popupfx.spriteatlasv2 · 코드가 이름을 조립해 꺼낸다(template)
사용(동적)	Assets/BaseResource/PopupFx/fx_result_gold_burst_4.png	15256	아틀라스 popupfx.spriteatlasv2 · 코드가 이름을 조립해 꺼낸다(template)
사용(동적)	Assets/BaseResource/PopupFx/fx_result_gold_burst_5.png	10341	아틀라스 popupfx.spriteatlasv2 · 코드가 이름을 조립해 꺼낸다(template)
사용(동적)	Assets/BaseResource/PopupFx/fx_result_gold_burst_6.png	8384	아틀라스 popupfx.spriteatlasv2 · 코드가 이름을 조립해 꺼낸다(template)
사용(동적)	Assets/BaseResource/PopupFx/fx_result_gold_burst_7.png	5291	아틀라스 popupfx.spriteatlasv2 · 코드가 이름을 조립해 꺼낸다(template)
사용(동적)	Assets/BaseResource/PopupFx/fx_result_gold_burst_8.png	4017	아틀라스 popupfx.spriteatlasv2 · 코드가 이름을 조립해 꺼낸다(template)
사용(동적)	Assets/BaseResource/PopupFx/fx_result_gold_glow_1.png	9750	아틀라스 popupfx.spriteatlasv2 · 코드가 이름을 조립해 꺼낸다(template)
사용(동적)	Assets/BaseResource/PopupFx/fx_result_gold_glow_2.png	11545	아틀라스 popupfx.spriteatlasv2 · 코드가 이름을 조립해 꺼낸다(template)
사용(동적)	Assets/BaseResource/PopupFx/fx_result_gold_glow_3.png	12641	아틀라스 popupfx.spriteatlasv2 · 코드가 이름을 조립해 꺼낸다(template)
사용(동적)	Assets/BaseResource/PopupFx/fx_result_gold_glow_4.png	14235	아틀라스 popupfx.spriteatlasv2 · 코드가 이름을 조립해 꺼낸다(template)
사용(동적)	Assets/BaseResource/PopupFx/fx_result_gold_glow_5.png	16587	아틀라스 popupfx.spriteatlasv2 · 코드가 이름을 조립해 꺼낸다(template)
사용(동적)	Assets/BaseResource/PopupFx/fx_result_gold_glow_6.png	15172	아틀라스 popupfx.spriteatlasv2 · 코드가 이름을 조립해 꺼낸다(template)
사용(동적)	Assets/BaseResource/PopupFx/fx_result_gold_glow_7.png	12155	아틀라스 popupfx.spriteatlasv2 · 코드가 이름을 조립해 꺼낸다(template)
사용(동적)	Assets/BaseResource/PopupFx/fx_result_gold_glow_8.png	9815	아틀라스 popupfx.spriteatlasv2 · 코드가 이름을 조립해 꺼낸다(template)
사용(동적)	Assets/BaseResource/PopupFx/fx_result_gold_sparkle_1.png	1710	아틀라스 popupfx.spriteatlasv2 · 코드가 이름을 조립해 꺼낸다(template)
사용(동적)	Assets/BaseResource/PopupFx/fx_result_gold_sparkle_2.png	1780	아틀라스 popupfx.spriteatlasv2 · 코드가 이름을 조립해 꺼낸다(template)
사용(동적)	Assets/BaseResource/PopupFx/fx_result_gold_sparkle_3.png	1667	아틀라스 popupfx.spriteatlasv2 · 코드가 이름을 조립해 꺼낸다(template)
사용(동적)	Assets/BaseResource/PopupFx/fx_result_gold_sparkle_4.png	1898	아틀라스 popupfx.spriteatlasv2 · 코드가 이름을 조립해 꺼낸다(template)
사용(동적)	Assets/BaseResource/PopupFx/fx_result_gold_sparkle_5.png	1800	아틀라스 popupfx.spriteatlasv2 · 코드가 이름을 조립해 꺼낸다(template)
사용(동적)	Assets/BaseResource/PopupFx/fx_result_gold_sparkle_6.png	1404	아틀라스 popupfx.spriteatlasv2 · 코드가 이름을 조립해 꺼낸다(template)
사용(동적)	Assets/BaseResource/PopupFx/fx_result_gold_sparkle_7.png	1661	아틀라스 popupfx.spriteatlasv2 · 코드가 이름을 조립해 꺼낸다(template)
사용(동적)	Assets/BaseResource/PopupFx/fx_result_gold_sparkle_8.png	1340	아틀라스 popupfx.spriteatlasv2 · 코드가 이름을 조립해 꺼낸다(template)
사용(동적)	Assets/BaseResource/PopupFx/fx_result_mote_1.png	166	아틀라스 popupfx.spriteatlasv2 · 코드가 이름을 조립해 꺼낸다(template)
사용(동적)	Assets/BaseResource/PopupFx/fx_result_mote_2.png	353	아틀라스 popupfx.spriteatlasv2 · 코드가 이름을 조립해 꺼낸다(template)
사용(동적)	Assets/BaseResource/PopupFx/fx_room_devil_chain_release_1.png	12152	아틀라스 popupfx.spriteatlasv2 · 코드가 이름을 조립해 꺼낸다(template)
사용(동적)	Assets/BaseResource/PopupFx/fx_room_devil_chain_release_2.png	21803	아틀라스 popupfx.spriteatlasv2 · 코드가 이름을 조립해 꺼낸다(template)
사용(동적)	Assets/BaseResource/PopupFx/fx_room_devil_chain_release_3.png	20789	아틀라스 popupfx.spriteatlasv2 · 코드가 이름을 조립해 꺼낸다(template)
사용(동적)	Assets/BaseResource/PopupFx/fx_room_devil_chain_release_4.png	20876	아틀라스 popupfx.spriteatlasv2 · 코드가 이름을 조립해 꺼낸다(template)
사용(동적)	Assets/BaseResource/PopupFx/fx_room_devil_chain_release_5.png	7212	아틀라스 popupfx.spriteatlasv2 · 코드가 이름을 조립해 꺼낸다(template)
사용(동적)	Assets/BaseResource/PopupFx/fx_room_devil_chain_release_6.png	3173	아틀라스 popupfx.spriteatlasv2 · 코드가 이름을 조립해 꺼낸다(template)
사용(동적)	Assets/BaseResource/PopupFx/fx_room_devil_core_glow_1.png	20585	아틀라스 popupfx.spriteatlasv2 · 코드가 이름을 조립해 꺼낸다(template)
사용(동적)	Assets/BaseResource/PopupFx/fx_room_devil_core_glow_2.png	21102	아틀라스 popupfx.spriteatlasv2 · 코드가 이름을 조립해 꺼낸다(template)
사용(동적)	Assets/BaseResource/PopupFx/fx_room_devil_core_glow_3.png	21227	아틀라스 popupfx.spriteatlasv2 · 코드가 이름을 조립해 꺼낸다(template)
사용(동적)	Assets/BaseResource/PopupFx/fx_room_devil_core_glow_4.png	20631	아틀라스 popupfx.spriteatlasv2 · 코드가 이름을 조립해 꺼낸다(template)
사용(동적)	Assets/BaseResource/PopupFx/fx_room_devil_eye_flash_1.png	667	아틀라스 popupfx.spriteatlasv2 · 코드가 이름을 조립해 꺼낸다(template)
사용(동적)	Assets/BaseResource/PopupFx/fx_room_devil_eye_flash_2.png	1000	아틀라스 popupfx.spriteatlasv2 · 코드가 이름을 조립해 꺼낸다(template)
사용(동적)	Assets/BaseResource/PopupFx/fx_room_devil_eye_flash_3.png	1455	아틀라스 popupfx.spriteatlasv2 · 코드가 이름을 조립해 꺼낸다(template)
사용(동적)	Assets/BaseResource/PopupFx/fx_room_devil_eye_flash_4.png	1897	아틀라스 popupfx.spriteatlasv2 · 코드가 이름을 조립해 꺼낸다(template)
사용(동적)	Assets/BaseResource/PopupFx/fx_room_devil_fire_smoke_1.png	48484	아틀라스 popupfx.spriteatlasv2 · 코드가 이름을 조립해 꺼낸다(template)
사용(동적)	Assets/BaseResource/PopupFx/fx_room_devil_fire_smoke_2.png	65382	아틀라스 popupfx.spriteatlasv2 · 코드가 이름을 조립해 꺼낸다(template)
사용(동적)	Assets/BaseResource/PopupFx/fx_room_devil_fire_smoke_3.png	81164	아틀라스 popupfx.spriteatlasv2 · 코드가 이름을 조립해 꺼낸다(template)
사용(동적)	Assets/BaseResource/PopupFx/fx_room_devil_fire_smoke_4.png	55570	아틀라스 popupfx.spriteatlasv2 · 코드가 이름을 조립해 꺼낸다(template)
사용(동적)	Assets/BaseResource/PopupFx/fx_room_devil_horn_fire_1.png	1844	아틀라스 popupfx.spriteatlasv2 · 코드가 이름을 조립해 꺼낸다(template)
사용(동적)	Assets/BaseResource/PopupFx/fx_room_devil_horn_fire_2.png	2650	아틀라스 popupfx.spriteatlasv2 · 코드가 이름을 조립해 꺼낸다(template)
사용(동적)	Assets/BaseResource/PopupFx/fx_room_devil_horn_fire_3.png	2184	아틀라스 popupfx.spriteatlasv2 · 코드가 이름을 조립해 꺼낸다(template)
사용(동적)	Assets/BaseResource/PopupFx/fx_room_devil_horn_fire_4.png	1879	아틀라스 popupfx.spriteatlasv2 · 코드가 이름을 조립해 꺼낸다(template)
사용(동적)	Assets/BaseResource/PopupFx/fx_room_devil_smoke_ring_1.png	39090	아틀라스 popupfx.spriteatlasv2 · 코드가 이름을 조립해 꺼낸다(template)
사용(동적)	Assets/BaseResource/PopupFx/fx_room_devil_smoke_ring_2.png	58784	아틀라스 popupfx.spriteatlasv2 · 코드가 이름을 조립해 꺼낸다(template)
사용(동적)	Assets/BaseResource/PopupFx/fx_room_devil_smoke_ring_3.png	60692	아틀라스 popupfx.spriteatlasv2 · 코드가 이름을 조립해 꺼낸다(template)
사용(동적)	Assets/BaseResource/PopupFx/fx_room_devil_smoke_ring_4.png	56755	아틀라스 popupfx.spriteatlasv2 · 코드가 이름을 조립해 꺼낸다(template)
사용(동적)	Assets/BaseResource/PopupFx/fx_room_heal_capsule_glow_1.png	16290	아틀라스 popupfx.spriteatlasv2 · 코드가 이름을 조립해 꺼낸다(template)
사용(동적)	Assets/BaseResource/PopupFx/fx_room_heal_capsule_glow_2.png	22875	아틀라스 popupfx.spriteatlasv2 · 코드가 이름을 조립해 꺼낸다(template)
사용(동적)	Assets/BaseResource/PopupFx/fx_room_heal_capsule_glow_3.png	17502	아틀라스 popupfx.spriteatlasv2 · 코드가 이름을 조립해 꺼낸다(template)
사용(동적)	Assets/BaseResource/PopupFx/fx_room_heal_capsule_glow_4.png	16074	아틀라스 popupfx.spriteatlasv2 · 코드가 이름을 조립해 꺼낸다(template)
사용(동적)	Assets/BaseResource/PopupFx/fx_room_heal_pillar_1.png	27082	아틀라스 popupfx.spriteatlasv2 · 코드가 이름을 조립해 꺼낸다(template)
사용(동적)	Assets/BaseResource/PopupFx/fx_room_heal_pillar_2.png	25476	아틀라스 popupfx.spriteatlasv2 · 코드가 이름을 조립해 꺼낸다(template)
사용(동적)	Assets/BaseResource/PopupFx/fx_room_heal_pillar_3.png	25348	아틀라스 popupfx.spriteatlasv2 · 코드가 이름을 조립해 꺼낸다(template)
사용(동적)	Assets/BaseResource/PopupFx/fx_room_heal_pillar_4.png	25529	아틀라스 popupfx.spriteatlasv2 · 코드가 이름을 조립해 꺼낸다(template)
사용(동적)	Assets/BaseResource/PopupFx/fx_room_heal_ring_ripple_1.png	6281	아틀라스 popupfx.spriteatlasv2 · 코드가 이름을 조립해 꺼낸다(template)
사용(동적)	Assets/BaseResource/PopupFx/fx_room_heal_ring_ripple_2.png	9412	아틀라스 popupfx.spriteatlasv2 · 코드가 이름을 조립해 꺼낸다(template)
사용(동적)	Assets/BaseResource/PopupFx/fx_room_heal_ring_ripple_3.png	13698	아틀라스 popupfx.spriteatlasv2 · 코드가 이름을 조립해 꺼낸다(template)
사용(동적)	Assets/BaseResource/PopupFx/fx_room_heal_ring_ripple_4.png	15243	아틀라스 popupfx.spriteatlasv2 · 코드가 이름을 조립해 꺼낸다(template)
사용(동적)	Assets/BaseResource/PopupFx/fx_room_heal_steam_1.png	3329	아틀라스 popupfx.spriteatlasv2 · 코드가 이름을 조립해 꺼낸다(template)
사용(동적)	Assets/BaseResource/PopupFx/fx_room_heal_steam_2.png	3392	아틀라스 popupfx.spriteatlasv2 · 코드가 이름을 조립해 꺼낸다(template)
사용(동적)	Assets/BaseResource/PopupFx/fx_room_heal_steam_3.png	3523	아틀라스 popupfx.spriteatlasv2 · 코드가 이름을 조립해 꺼낸다(template)
사용(동적)	Assets/BaseResource/PopupFx/fx_room_heal_steam_4.png	3406	아틀라스 popupfx.spriteatlasv2 · 코드가 이름을 조립해 꺼낸다(template)
사용(동적)	Assets/BaseResource/PopupFx/fx_room_shop_coin_float_1.png	9953	아틀라스 popupfx.spriteatlasv2 · 코드가 이름을 조립해 꺼낸다(template)
사용(동적)	Assets/BaseResource/PopupFx/fx_room_shop_coin_float_2.png	9793	아틀라스 popupfx.spriteatlasv2 · 코드가 이름을 조립해 꺼낸다(template)
사용(동적)	Assets/BaseResource/PopupFx/fx_room_shop_coin_float_3.png	9247	아틀라스 popupfx.spriteatlasv2 · 코드가 이름을 조립해 꺼낸다(template)
사용(동적)	Assets/BaseResource/PopupFx/fx_room_shop_coin_float_4.png	9982	아틀라스 popupfx.spriteatlasv2 · 코드가 이름을 조립해 꺼낸다(template)
사용(동적)	Assets/BaseResource/PopupFx/fx_room_shop_coin_ring_1.png	22846	아틀라스 popupfx.spriteatlasv2 · 코드가 이름을 조립해 꺼낸다(template)
사용(동적)	Assets/BaseResource/PopupFx/fx_room_shop_coin_ring_2.png	35955	아틀라스 popupfx.spriteatlasv2 · 코드가 이름을 조립해 꺼낸다(template)
사용(동적)	Assets/BaseResource/PopupFx/fx_room_shop_coin_ring_3.png	55430	아틀라스 popupfx.spriteatlasv2 · 코드가 이름을 조립해 꺼낸다(template)
사용(동적)	Assets/BaseResource/PopupFx/fx_room_shop_coin_ring_4.png	73663	아틀라스 popupfx.spriteatlasv2 · 코드가 이름을 조립해 꺼낸다(template)
사용(동적)	Assets/BaseResource/PopupFx/fx_room_shop_eye_glow_1.png	764	아틀라스 popupfx.spriteatlasv2 · 코드가 이름을 조립해 꺼낸다(template)
사용(동적)	Assets/BaseResource/PopupFx/fx_room_shop_eye_glow_2.png	1228	아틀라스 popupfx.spriteatlasv2 · 코드가 이름을 조립해 꺼낸다(template)
사용(동적)	Assets/BaseResource/PopupFx/fx_room_shop_eye_glow_3.png	1650	아틀라스 popupfx.spriteatlasv2 · 코드가 이름을 조립해 꺼낸다(template)
사용(동적)	Assets/BaseResource/PopupFx/fx_room_shop_eye_glow_4.png	1658	아틀라스 popupfx.spriteatlasv2 · 코드가 이름을 조립해 꺼낸다(template)
사용(동적)	Assets/BaseResource/PopupFx/fx_room_shop_lantern_1.png	1049	아틀라스 popupfx.spriteatlasv2 · 코드가 이름을 조립해 꺼낸다(template)
사용(동적)	Assets/BaseResource/PopupFx/fx_room_shop_lantern_2.png	1206	아틀라스 popupfx.spriteatlasv2 · 코드가 이름을 조립해 꺼낸다(template)
사용(동적)	Assets/BaseResource/PopupFx/fx_room_shop_lantern_3.png	1345	아틀라스 popupfx.spriteatlasv2 · 코드가 이름을 조립해 꺼낸다(template)
사용(동적)	Assets/BaseResource/PopupFx/fx_room_shop_lantern_4.png	1065	아틀라스 popupfx.spriteatlasv2 · 코드가 이름을 조립해 꺼낸다(template)
사용(동적)	Assets/BaseResource/PopupFx/fx_room_shop_soul_flame_1.png	51108	아틀라스 popupfx.spriteatlasv2 · 코드가 이름을 조립해 꺼낸다(template)
사용(동적)	Assets/BaseResource/PopupFx/fx_room_shop_soul_flame_2.png	42019	아틀라스 popupfx.spriteatlasv2 · 코드가 이름을 조립해 꺼낸다(template)
사용(동적)	Assets/BaseResource/PopupFx/fx_room_shop_soul_flame_3.png	49347	아틀라스 popupfx.spriteatlasv2 · 코드가 이름을 조립해 꺼낸다(template)
사용(동적)	Assets/BaseResource/PopupFx/fx_room_shop_soul_flame_4.png	50812	아틀라스 popupfx.spriteatlasv2 · 코드가 이름을 조립해 꺼낸다(template)
사용(동적)	Assets/BaseResource/PopupFx/fx_shop_pipe_flow_1.png	3727	아틀라스 popupfx.spriteatlasv2 · 코드가 이름을 조립해 꺼낸다(template)
사용(동적)	Assets/BaseResource/PopupFx/fx_shop_pipe_flow_2.png	3625	아틀라스 popupfx.spriteatlasv2 · 코드가 이름을 조립해 꺼낸다(template)
사용(동적)	Assets/BaseResource/PopupFx/fx_shop_pipe_flow_3.png	3545	아틀라스 popupfx.spriteatlasv2 · 코드가 이름을 조립해 꺼낸다(template)
사용(동적)	Assets/BaseResource/PopupFx/fx_shop_pipe_flow_4.png	3488	아틀라스 popupfx.spriteatlasv2 · 코드가 이름을 조립해 꺼낸다(template)
사용(동적)	Assets/BaseResource/PopupFx/fx_shop_tube_ghost_1.png	25161	아틀라스 popupfx.spriteatlasv2 · 코드가 이름을 조립해 꺼낸다(template)
사용(동적)	Assets/BaseResource/PopupFx/fx_shop_tube_ghost_2.png	26244	아틀라스 popupfx.spriteatlasv2 · 코드가 이름을 조립해 꺼낸다(template)
사용(동적)	Assets/BaseResource/PopupFx/fx_shop_tube_ghost_3.png	26676	아틀라스 popupfx.spriteatlasv2 · 코드가 이름을 조립해 꺼낸다(template)
사용(동적)	Assets/BaseResource/PopupFx/fx_shop_tube_ghost_4.png	26645	아틀라스 popupfx.spriteatlasv2 · 코드가 이름을 조립해 꺼낸다(template)
사용(동적)	Assets/BaseResource/TitleMainUI/titlelogo_1.png	9892	아틀라스 titlemainui.spriteatlasv2 · 코드가 이름을 조립해 꺼낸다(template)
사용(동적)	Assets/BaseResource/TitleMainUI/titlelogo_2.png	10027	아틀라스 titlemainui.spriteatlasv2 · 코드가 이름을 조립해 꺼낸다(template)
사용(동적)	Assets/BaseResource/TitleMainUI/titlelogo_3.png	10021	아틀라스 titlemainui.spriteatlasv2 · 코드가 이름을 조립해 꺼낸다(template)
사용(동적)	Assets/BaseResource/TitleMainUI/titlelogo_4.png	10020	아틀라스 titlemainui.spriteatlasv2 · 코드가 이름을 조립해 꺼낸다(template)
사용(동적)	Assets/BaseResource/TitleMainUI/titlelogo_5.png	10083	아틀라스 titlemainui.spriteatlasv2 · 코드가 이름을 조립해 꺼낸다(template)
사용(동적)	Assets/BaseResource/Unit/actor_enforcer/unit_actor_enforcer_e_atk1.png	12073	아틀라스 unit_actor_enforcer.spriteatlasv2 · 코드가 이름을 조립해 꺼낸다(template)
사용(동적)	Assets/BaseResource/Unit/actor_enforcer/unit_actor_enforcer_e_atk2.png	11562	아틀라스 unit_actor_enforcer.spriteatlasv2 · 코드가 이름을 조립해 꺼낸다(template)
사용(동적)	Assets/BaseResource/Unit/actor_enforcer/unit_actor_enforcer_e_die1.png	10107	아틀라스 unit_actor_enforcer.spriteatlasv2 · 코드가 이름을 조립해 꺼낸다(template)
사용(동적)	Assets/BaseResource/Unit/actor_enforcer/unit_actor_enforcer_e_die2.png	7541	아틀라스 unit_actor_enforcer.spriteatlasv2 · 코드가 이름을 조립해 꺼낸다(template)
사용(동적)	Assets/BaseResource/Unit/actor_enforcer/unit_actor_enforcer_e_hit.png	11659	아틀라스 unit_actor_enforcer.spriteatlasv2 · 코드가 이름을 조립해 꺼낸다(template)
사용(동적)	Assets/BaseResource/Unit/actor_enforcer/unit_actor_enforcer_e_walk1.png	9828	아틀라스 unit_actor_enforcer.spriteatlasv2 · 코드가 이름을 조립해 꺼낸다(template)
사용(동적)	Assets/BaseResource/Unit/actor_enforcer/unit_actor_enforcer_e_walk2.png	10267	아틀라스 unit_actor_enforcer.spriteatlasv2 · 코드가 이름을 조립해 꺼낸다(template)
사용(동적)	Assets/BaseResource/Unit/actor_enforcer/unit_actor_enforcer_n.png	10702	아틀라스 unit_actor_enforcer.spriteatlasv2 · 코드가 이름을 조립해 꺼낸다(template)
사용(동적)	Assets/BaseResource/Unit/actor_enforcer/unit_actor_enforcer_n_atk1.png	11918	아틀라스 unit_actor_enforcer.spriteatlasv2 · 코드가 이름을 조립해 꺼낸다(template)
사용(동적)	Assets/BaseResource/Unit/actor_enforcer/unit_actor_enforcer_n_atk2.png	11272	아틀라스 unit_actor_enforcer.spriteatlasv2 · 코드가 이름을 조립해 꺼낸다(template)
사용(동적)	Assets/BaseResource/Unit/actor_enforcer/unit_actor_enforcer_n_die1.png	9441	아틀라스 unit_actor_enforcer.spriteatlasv2 · 코드가 이름을 조립해 꺼낸다(template)
사용(동적)	Assets/BaseResource/Unit/actor_enforcer/unit_actor_enforcer_n_die2.png	7122	아틀라스 unit_actor_enforcer.spriteatlasv2 · 코드가 이름을 조립해 꺼낸다(template)
사용(동적)	Assets/BaseResource/Unit/actor_enforcer/unit_actor_enforcer_n_hit.png	11163	아틀라스 unit_actor_enforcer.spriteatlasv2 · 코드가 이름을 조립해 꺼낸다(template)
사용(동적)	Assets/BaseResource/Unit/actor_enforcer/unit_actor_enforcer_n_walk1.png	10435	아틀라스 unit_actor_enforcer.spriteatlasv2 · 코드가 이름을 조립해 꺼낸다(template)
사용(동적)	Assets/BaseResource/Unit/actor_enforcer/unit_actor_enforcer_n_walk2.png	10378	아틀라스 unit_actor_enforcer.spriteatlasv2 · 코드가 이름을 조립해 꺼낸다(template)
사용(동적)	Assets/BaseResource/Unit/actor_enforcer/unit_actor_enforcer_ne.png	10158	아틀라스 unit_actor_enforcer.spriteatlasv2 · 코드가 이름을 조립해 꺼낸다(template)
사용(동적)	Assets/BaseResource/Unit/actor_enforcer/unit_actor_enforcer_ne_atk1.png	12599	아틀라스 unit_actor_enforcer.spriteatlasv2 · 코드가 이름을 조립해 꺼낸다(template)
사용(동적)	Assets/BaseResource/Unit/actor_enforcer/unit_actor_enforcer_ne_atk2.png	9999	아틀라스 unit_actor_enforcer.spriteatlasv2 · 코드가 이름을 조립해 꺼낸다(template)
사용(동적)	Assets/BaseResource/Unit/actor_enforcer/unit_actor_enforcer_ne_die1.png	9597	아틀라스 unit_actor_enforcer.spriteatlasv2 · 코드가 이름을 조립해 꺼낸다(template)
사용(동적)	Assets/BaseResource/Unit/actor_enforcer/unit_actor_enforcer_ne_die2.png	7886	아틀라스 unit_actor_enforcer.spriteatlasv2 · 코드가 이름을 조립해 꺼낸다(template)
사용(동적)	Assets/BaseResource/Unit/actor_enforcer/unit_actor_enforcer_ne_hit.png	10634	아틀라스 unit_actor_enforcer.spriteatlasv2 · 코드가 이름을 조립해 꺼낸다(template)
사용(동적)	Assets/BaseResource/Unit/actor_enforcer/unit_actor_enforcer_ne_walk1.png	9012	아틀라스 unit_actor_enforcer.spriteatlasv2 · 코드가 이름을 조립해 꺼낸다(template)
사용(동적)	Assets/BaseResource/Unit/actor_enforcer/unit_actor_enforcer_ne_walk2.png	9627	아틀라스 unit_actor_enforcer.spriteatlasv2 · 코드가 이름을 조립해 꺼낸다(template)
사용(동적)	Assets/BaseResource/Unit/actor_enforcer/unit_actor_enforcer_s.png	11578	아틀라스 unit_actor_enforcer.spriteatlasv2 · 코드가 이름을 조립해 꺼낸다(template)
사용(동적)	Assets/BaseResource/Unit/actor_enforcer/unit_actor_enforcer_s_atk1.png	14749	아틀라스 unit_actor_enforcer.spriteatlasv2 · 코드가 이름을 조립해 꺼낸다(template)
사용(동적)	Assets/BaseResource/Unit/actor_enforcer/unit_actor_enforcer_s_atk2.png	12065	아틀라스 unit_actor_enforcer.spriteatlasv2 · 코드가 이름을 조립해 꺼낸다(template)
사용(동적)	Assets/BaseResource/Unit/actor_enforcer/unit_actor_enforcer_s_die1.png	12385	아틀라스 unit_actor_enforcer.spriteatlasv2 · 코드가 이름을 조립해 꺼낸다(template)
사용(동적)	Assets/BaseResource/Unit/actor_enforcer/unit_actor_enforcer_s_die2.png	8567	아틀라스 unit_actor_enforcer.spriteatlasv2 · 코드가 이름을 조립해 꺼낸다(template)
사용(동적)	Assets/BaseResource/Unit/actor_enforcer/unit_actor_enforcer_s_hit.png	13281	아틀라스 unit_actor_enforcer.spriteatlasv2 · 코드가 이름을 조립해 꺼낸다(template)
사용(동적)	Assets/BaseResource/Unit/actor_enforcer/unit_actor_enforcer_s_walk1.png	11914	아틀라스 unit_actor_enforcer.spriteatlasv2 · 코드가 이름을 조립해 꺼낸다(template)
사용(동적)	Assets/BaseResource/Unit/actor_enforcer/unit_actor_enforcer_s_walk2.png	12103	아틀라스 unit_actor_enforcer.spriteatlasv2 · 코드가 이름을 조립해 꺼낸다(template)
사용(동적)	Assets/BaseResource/Unit/actor_enforcer/unit_actor_enforcer_se_atk1.png	12473	아틀라스 unit_actor_enforcer.spriteatlasv2 · 코드가 이름을 조립해 꺼낸다(template)
사용(동적)	Assets/BaseResource/Unit/actor_enforcer/unit_actor_enforcer_se_atk2.png	11962	아틀라스 unit_actor_enforcer.spriteatlasv2 · 코드가 이름을 조립해 꺼낸다(template)
사용(동적)	Assets/BaseResource/Unit/actor_enforcer/unit_actor_enforcer_se_die1.png	10500	아틀라스 unit_actor_enforcer.spriteatlasv2 · 코드가 이름을 조립해 꺼낸다(template)
사용(동적)	Assets/BaseResource/Unit/actor_enforcer/unit_actor_enforcer_se_die2.png	7855	아틀라스 unit_actor_enforcer.spriteatlasv2 · 코드가 이름을 조립해 꺼낸다(template)
사용(동적)	Assets/BaseResource/Unit/actor_enforcer/unit_actor_enforcer_se_hit.png	12029	아틀라스 unit_actor_enforcer.spriteatlasv2 · 코드가 이름을 조립해 꺼낸다(template)
사용(동적)	Assets/BaseResource/Unit/actor_enforcer/unit_actor_enforcer_se_walk1.png	10450	아틀라스 unit_actor_enforcer.spriteatlasv2 · 코드가 이름을 조립해 꺼낸다(template)
사용(동적)	Assets/BaseResource/Unit/actor_enforcer/unit_actor_enforcer_se_walk2.png	10522	아틀라스 unit_actor_enforcer.spriteatlasv2 · 코드가 이름을 조립해 꺼낸다(template)
사용(동적)	Assets/BaseResource/Unit/amazon/unit_amazon_e.png	7127	아틀라스 unit_amazon.spriteatlasv2 · 코드가 이름을 조립해 꺼낸다(template)
사용(동적)	Assets/BaseResource/Unit/amazon/unit_amazon_e_atk1.png	7719	아틀라스 unit_amazon.spriteatlasv2 · 코드가 이름을 조립해 꺼낸다(template)
사용(동적)	Assets/BaseResource/Unit/amazon/unit_amazon_e_atk2.png	7752	아틀라스 unit_amazon.spriteatlasv2 · 코드가 이름을 조립해 꺼낸다(template)
사용(동적)	Assets/BaseResource/Unit/amazon/unit_amazon_e_die1.png	8984	아틀라스 unit_amazon.spriteatlasv2 · 코드가 이름을 조립해 꺼낸다(template)
사용(동적)	Assets/BaseResource/Unit/amazon/unit_amazon_e_die2.png	6232	아틀라스 unit_amazon.spriteatlasv2 · 코드가 이름을 조립해 꺼낸다(template)
사용(동적)	Assets/BaseResource/Unit/amazon/unit_amazon_e_hit.png	8555	아틀라스 unit_amazon.spriteatlasv2 · 코드가 이름을 조립해 꺼낸다(template)
사용(동적)	Assets/BaseResource/Unit/amazon/unit_amazon_e_walk1.png	6915	아틀라스 unit_amazon.spriteatlasv2 · 코드가 이름을 조립해 꺼낸다(template)
사용(동적)	Assets/BaseResource/Unit/amazon/unit_amazon_e_walk2.png	6155	아틀라스 unit_amazon.spriteatlasv2 · 코드가 이름을 조립해 꺼낸다(template)
사용(동적)	Assets/BaseResource/Unit/amazon/unit_amazon_n.png	6549	아틀라스 unit_amazon.spriteatlasv2 · 코드가 이름을 조립해 꺼낸다(template)
사용(동적)	Assets/BaseResource/Unit/amazon/unit_amazon_n_atk1.png	7377	아틀라스 unit_amazon.spriteatlasv2 · 코드가 이름을 조립해 꺼낸다(template)
사용(동적)	Assets/BaseResource/Unit/amazon/unit_amazon_n_atk2.png	6757	아틀라스 unit_amazon.spriteatlasv2 · 코드가 이름을 조립해 꺼낸다(template)
사용(동적)	Assets/BaseResource/Unit/amazon/unit_amazon_n_die1.png	8488	아틀라스 unit_amazon.spriteatlasv2 · 코드가 이름을 조립해 꺼낸다(template)
사용(동적)	Assets/BaseResource/Unit/amazon/unit_amazon_n_die2.png	6216	아틀라스 unit_amazon.spriteatlasv2 · 코드가 이름을 조립해 꺼낸다(template)
사용(동적)	Assets/BaseResource/Unit/amazon/unit_amazon_n_hit.png	8105	아틀라스 unit_amazon.spriteatlasv2 · 코드가 이름을 조립해 꺼낸다(template)
사용(동적)	Assets/BaseResource/Unit/amazon/unit_amazon_n_walk1.png	6713	아틀라스 unit_amazon.spriteatlasv2 · 코드가 이름을 조립해 꺼낸다(template)
사용(동적)	Assets/BaseResource/Unit/amazon/unit_amazon_n_walk2.png	6024	아틀라스 unit_amazon.spriteatlasv2 · 코드가 이름을 조립해 꺼낸다(template)
사용(동적)	Assets/BaseResource/Unit/amazon/unit_amazon_ne.png	6807	아틀라스 unit_amazon.spriteatlasv2 · 코드가 이름을 조립해 꺼낸다(template)
사용(동적)	Assets/BaseResource/Unit/amazon/unit_amazon_ne_atk1.png	7855	아틀라스 unit_amazon.spriteatlasv2 · 코드가 이름을 조립해 꺼낸다(template)
사용(동적)	Assets/BaseResource/Unit/amazon/unit_amazon_ne_atk2.png	8419	아틀라스 unit_amazon.spriteatlasv2 · 코드가 이름을 조립해 꺼낸다(template)
사용(동적)	Assets/BaseResource/Unit/amazon/unit_amazon_ne_die1.png	10460	아틀라스 unit_amazon.spriteatlasv2 · 코드가 이름을 조립해 꺼낸다(template)
사용(동적)	Assets/BaseResource/Unit/amazon/unit_amazon_ne_die2.png	7497	아틀라스 unit_amazon.spriteatlasv2 · 코드가 이름을 조립해 꺼낸다(template)
사용(동적)	Assets/BaseResource/Unit/amazon/unit_amazon_ne_hit.png	9200	아틀라스 unit_amazon.spriteatlasv2 · 코드가 이름을 조립해 꺼낸다(template)
사용(동적)	Assets/BaseResource/Unit/amazon/unit_amazon_ne_walk1.png	6725	아틀라스 unit_amazon.spriteatlasv2 · 코드가 이름을 조립해 꺼낸다(template)
사용(동적)	Assets/BaseResource/Unit/amazon/unit_amazon_ne_walk2.png	5808	아틀라스 unit_amazon.spriteatlasv2 · 코드가 이름을 조립해 꺼낸다(template)
사용(동적)	Assets/BaseResource/Unit/amazon/unit_amazon_possess1.png	1782	아틀라스 unit_amazon.spriteatlasv2 · 코드가 이름을 조립해 꺼낸다(template)
사용(동적)	Assets/BaseResource/Unit/amazon/unit_amazon_possess2.png	1829	아틀라스 unit_amazon.spriteatlasv2 · 코드가 이름을 조립해 꺼낸다(template)
사용(동적)	Assets/BaseResource/Unit/amazon/unit_amazon_s.png	6687	아틀라스 unit_amazon.spriteatlasv2 · 코드가 이름을 조립해 꺼낸다(template)
사용(동적)	Assets/BaseResource/Unit/amazon/unit_amazon_s_atk1.png	7147	아틀라스 unit_amazon.spriteatlasv2 · 코드가 이름을 조립해 꺼낸다(template)
사용(동적)	Assets/BaseResource/Unit/amazon/unit_amazon_s_atk2.png	6615	아틀라스 unit_amazon.spriteatlasv2 · 코드가 이름을 조립해 꺼낸다(template)
사용(동적)	Assets/BaseResource/Unit/amazon/unit_amazon_s_die1.png	8358	아틀라스 unit_amazon.spriteatlasv2 · 코드가 이름을 조립해 꺼낸다(template)
사용(동적)	Assets/BaseResource/Unit/amazon/unit_amazon_s_die2.png	6894	아틀라스 unit_amazon.spriteatlasv2 · 코드가 이름을 조립해 꺼낸다(template)
사용(동적)	Assets/BaseResource/Unit/amazon/unit_amazon_s_hit.png	8746	아틀라스 unit_amazon.spriteatlasv2 · 코드가 이름을 조립해 꺼낸다(template)
사용(동적)	Assets/BaseResource/Unit/amazon/unit_amazon_s_walk1.png	5852	아틀라스 unit_amazon.spriteatlasv2 · 코드가 이름을 조립해 꺼낸다(template)
사용(동적)	Assets/BaseResource/Unit/amazon/unit_amazon_s_walk2.png	6036	아틀라스 unit_amazon.spriteatlasv2 · 코드가 이름을 조립해 꺼낸다(template)
사용(동적)	Assets/BaseResource/Unit/amazon/unit_amazon_se.png	6921	아틀라스 unit_amazon.spriteatlasv2 · 코드가 이름을 조립해 꺼낸다(template)
사용(동적)	Assets/BaseResource/Unit/amazon/unit_amazon_se_atk1.png	8091	아틀라스 unit_amazon.spriteatlasv2 · 코드가 이름을 조립해 꺼낸다(template)
사용(동적)	Assets/BaseResource/Unit/amazon/unit_amazon_se_atk2.png	7962	아틀라스 unit_amazon.spriteatlasv2 · 코드가 이름을 조립해 꺼낸다(template)
사용(동적)	Assets/BaseResource/Unit/amazon/unit_amazon_se_die1.png	8595	아틀라스 unit_amazon.spriteatlasv2 · 코드가 이름을 조립해 꺼낸다(template)
사용(동적)	Assets/BaseResource/Unit/amazon/unit_amazon_se_die2.png	6570	아틀라스 unit_amazon.spriteatlasv2 · 코드가 이름을 조립해 꺼낸다(template)
사용(동적)	Assets/BaseResource/Unit/amazon/unit_amazon_se_hit.png	8717	아틀라스 unit_amazon.spriteatlasv2 · 코드가 이름을 조립해 꺼낸다(template)
사용(동적)	Assets/BaseResource/Unit/amazon/unit_amazon_se_walk1.png	6577	아틀라스 unit_amazon.spriteatlasv2 · 코드가 이름을 조립해 꺼낸다(template)
사용(동적)	Assets/BaseResource/Unit/amazon/unit_amazon_se_walk2.png	6089	아틀라스 unit_amazon.spriteatlasv2 · 코드가 이름을 조립해 꺼낸다(template)
사용(동적)	Assets/BaseResource/Unit/amazon_elite/unit_amazon_elite_e.png	6493	아틀라스 unit_amazon_elite.spriteatlasv2 · 코드가 이름을 조립해 꺼낸다(template)
사용(동적)	Assets/BaseResource/Unit/amazon_elite/unit_amazon_elite_e_atk1.png	7207	아틀라스 unit_amazon_elite.spriteatlasv2 · 코드가 이름을 조립해 꺼낸다(template)
사용(동적)	Assets/BaseResource/Unit/amazon_elite/unit_amazon_elite_e_atk2.png	6705	아틀라스 unit_amazon_elite.spriteatlasv2 · 코드가 이름을 조립해 꺼낸다(template)
사용(동적)	Assets/BaseResource/Unit/amazon_elite/unit_amazon_elite_e_die1.png	8630	아틀라스 unit_amazon_elite.spriteatlasv2 · 코드가 이름을 조립해 꺼낸다(template)
사용(동적)	Assets/BaseResource/Unit/amazon_elite/unit_amazon_elite_e_die2.png	8294	아틀라스 unit_amazon_elite.spriteatlasv2 · 코드가 이름을 조립해 꺼낸다(template)
사용(동적)	Assets/BaseResource/Unit/amazon_elite/unit_amazon_elite_e_hit.png	7994	아틀라스 unit_amazon_elite.spriteatlasv2 · 코드가 이름을 조립해 꺼낸다(template)
사용(동적)	Assets/BaseResource/Unit/amazon_elite/unit_amazon_elite_e_walk1.png	6857	아틀라스 unit_amazon_elite.spriteatlasv2 · 코드가 이름을 조립해 꺼낸다(template)
사용(동적)	Assets/BaseResource/Unit/amazon_elite/unit_amazon_elite_e_walk2.png	5516	아틀라스 unit_amazon_elite.spriteatlasv2 · 코드가 이름을 조립해 꺼낸다(template)
사용(동적)	Assets/BaseResource/Unit/amazon_elite/unit_amazon_elite_n.png	6990	아틀라스 unit_amazon_elite.spriteatlasv2 · 코드가 이름을 조립해 꺼낸다(template)
사용(동적)	Assets/BaseResource/Unit/amazon_elite/unit_amazon_elite_n_atk1.png	7531	아틀라스 unit_amazon_elite.spriteatlasv2 · 코드가 이름을 조립해 꺼낸다(template)
사용(동적)	Assets/BaseResource/Unit/amazon_elite/unit_amazon_elite_n_atk2.png	7779	아틀라스 unit_amazon_elite.spriteatlasv2 · 코드가 이름을 조립해 꺼낸다(template)
사용(동적)	Assets/BaseResource/Unit/amazon_elite/unit_amazon_elite_n_die1.png	8666	아틀라스 unit_amazon_elite.spriteatlasv2 · 코드가 이름을 조립해 꺼낸다(template)
사용(동적)	Assets/BaseResource/Unit/amazon_elite/unit_amazon_elite_n_die2.png	5094	아틀라스 unit_amazon_elite.spriteatlasv2 · 코드가 이름을 조립해 꺼낸다(template)
사용(동적)	Assets/BaseResource/Unit/amazon_elite/unit_amazon_elite_n_hit.png	8469	아틀라스 unit_amazon_elite.spriteatlasv2 · 코드가 이름을 조립해 꺼낸다(template)
사용(동적)	Assets/BaseResource/Unit/amazon_elite/unit_amazon_elite_n_walk1.png	5928	아틀라스 unit_amazon_elite.spriteatlasv2 · 코드가 이름을 조립해 꺼낸다(template)
사용(동적)	Assets/BaseResource/Unit/amazon_elite/unit_amazon_elite_n_walk2.png	5991	아틀라스 unit_amazon_elite.spriteatlasv2 · 코드가 이름을 조립해 꺼낸다(template)
사용(동적)	Assets/BaseResource/Unit/amazon_elite/unit_amazon_elite_ne.png	6806	아틀라스 unit_amazon_elite.spriteatlasv2 · 코드가 이름을 조립해 꺼낸다(template)
사용(동적)	Assets/BaseResource/Unit/amazon_elite/unit_amazon_elite_ne_atk1.png	7653	아틀라스 unit_amazon_elite.spriteatlasv2 · 코드가 이름을 조립해 꺼낸다(template)
사용(동적)	Assets/BaseResource/Unit/amazon_elite/unit_amazon_elite_ne_atk2.png	7478	아틀라스 unit_amazon_elite.spriteatlasv2 · 코드가 이름을 조립해 꺼낸다(template)
사용(동적)	Assets/BaseResource/Unit/amazon_elite/unit_amazon_elite_ne_die1.png	9448	아틀라스 unit_amazon_elite.spriteatlasv2 · 코드가 이름을 조립해 꺼낸다(template)
사용(동적)	Assets/BaseResource/Unit/amazon_elite/unit_amazon_elite_ne_die2.png	6202	아틀라스 unit_amazon_elite.spriteatlasv2 · 코드가 이름을 조립해 꺼낸다(template)
사용(동적)	Assets/BaseResource/Unit/amazon_elite/unit_amazon_elite_ne_hit.png	8584	아틀라스 unit_amazon_elite.spriteatlasv2 · 코드가 이름을 조립해 꺼낸다(template)
사용(동적)	Assets/BaseResource/Unit/amazon_elite/unit_amazon_elite_ne_walk1.png	7069	아틀라스 unit_amazon_elite.spriteatlasv2 · 코드가 이름을 조립해 꺼낸다(template)
사용(동적)	Assets/BaseResource/Unit/amazon_elite/unit_amazon_elite_ne_walk2.png	6772	아틀라스 unit_amazon_elite.spriteatlasv2 · 코드가 이름을 조립해 꺼낸다(template)
사용(동적)	Assets/BaseResource/Unit/amazon_elite/unit_amazon_elite_possess1.png	1964	아틀라스 unit_amazon_elite.spriteatlasv2 · 코드가 이름을 조립해 꺼낸다(template)
사용(동적)	Assets/BaseResource/Unit/amazon_elite/unit_amazon_elite_possess2.png	1976	아틀라스 unit_amazon_elite.spriteatlasv2 · 코드가 이름을 조립해 꺼낸다(template)
사용(동적)	Assets/BaseResource/Unit/amazon_elite/unit_amazon_elite_s.png	6612	아틀라스 unit_amazon_elite.spriteatlasv2 · 코드가 이름을 조립해 꺼낸다(template)
사용(동적)	Assets/BaseResource/Unit/amazon_elite/unit_amazon_elite_s_atk1.png	7426	아틀라스 unit_amazon_elite.spriteatlasv2 · 코드가 이름을 조립해 꺼낸다(template)
사용(동적)	Assets/BaseResource/Unit/amazon_elite/unit_amazon_elite_s_atk2.png	6897	아틀라스 unit_amazon_elite.spriteatlasv2 · 코드가 이름을 조립해 꺼낸다(template)
사용(동적)	Assets/BaseResource/Unit/amazon_elite/unit_amazon_elite_s_die1.png	10549	아틀라스 unit_amazon_elite.spriteatlasv2 · 코드가 이름을 조립해 꺼낸다(template)
사용(동적)	Assets/BaseResource/Unit/amazon_elite/unit_amazon_elite_s_die2.png	5883	아틀라스 unit_amazon_elite.spriteatlasv2 · 코드가 이름을 조립해 꺼낸다(template)
사용(동적)	Assets/BaseResource/Unit/amazon_elite/unit_amazon_elite_s_hit.png	8632	아틀라스 unit_amazon_elite.spriteatlasv2 · 코드가 이름을 조립해 꺼낸다(template)
사용(동적)	Assets/BaseResource/Unit/amazon_elite/unit_amazon_elite_s_walk1.png	6038	아틀라스 unit_amazon_elite.spriteatlasv2 · 코드가 이름을 조립해 꺼낸다(template)
사용(동적)	Assets/BaseResource/Unit/amazon_elite/unit_amazon_elite_s_walk2.png	5954	아틀라스 unit_amazon_elite.spriteatlasv2 · 코드가 이름을 조립해 꺼낸다(template)
사용(동적)	Assets/BaseResource/Unit/amazon_elite/unit_amazon_elite_se.png	6742	아틀라스 unit_amazon_elite.spriteatlasv2 · 코드가 이름을 조립해 꺼낸다(template)
사용(동적)	Assets/BaseResource/Unit/amazon_elite/unit_amazon_elite_se_atk1.png	7451	아틀라스 unit_amazon_elite.spriteatlasv2 · 코드가 이름을 조립해 꺼낸다(template)
사용(동적)	Assets/BaseResource/Unit/amazon_elite/unit_amazon_elite_se_atk2.png	7212	아틀라스 unit_amazon_elite.spriteatlasv2 · 코드가 이름을 조립해 꺼낸다(template)
사용(동적)	Assets/BaseResource/Unit/amazon_elite/unit_amazon_elite_se_die1.png	10504	아틀라스 unit_amazon_elite.spriteatlasv2 · 코드가 이름을 조립해 꺼낸다(template)
사용(동적)	Assets/BaseResource/Unit/amazon_elite/unit_amazon_elite_se_die2.png	6621	아틀라스 unit_amazon_elite.spriteatlasv2 · 코드가 이름을 조립해 꺼낸다(template)
사용(동적)	Assets/BaseResource/Unit/amazon_elite/unit_amazon_elite_se_hit.png	7899	아틀라스 unit_amazon_elite.spriteatlasv2 · 코드가 이름을 조립해 꺼낸다(template)
사용(동적)	Assets/BaseResource/Unit/amazon_elite/unit_amazon_elite_se_walk1.png	6471	아틀라스 unit_amazon_elite.spriteatlasv2 · 코드가 이름을 조립해 꺼낸다(template)
사용(동적)	Assets/BaseResource/Unit/amazon_elite/unit_amazon_elite_se_walk2.png	5699	아틀라스 unit_amazon_elite.spriteatlasv2 · 코드가 이름을 조립해 꺼낸다(template)
사용(동적)	Assets/BaseResource/Unit/armadillo/unit_armadillo_e.png	7825	아틀라스 unit_armadillo.spriteatlasv2 · 코드가 이름을 조립해 꺼낸다(template)
사용(동적)	Assets/BaseResource/Unit/armadillo/unit_armadillo_e_atk1.png	8483	아틀라스 unit_armadillo.spriteatlasv2 · 코드가 이름을 조립해 꺼낸다(template)
사용(동적)	Assets/BaseResource/Unit/armadillo/unit_armadillo_e_atk2.png	7489	아틀라스 unit_armadillo.spriteatlasv2 · 코드가 이름을 조립해 꺼낸다(template)
사용(동적)	Assets/BaseResource/Unit/armadillo/unit_armadillo_e_die1.png	7262	아틀라스 unit_armadillo.spriteatlasv2 · 코드가 이름을 조립해 꺼낸다(template)
사용(동적)	Assets/BaseResource/Unit/armadillo/unit_armadillo_e_die2.png	7362	아틀라스 unit_armadillo.spriteatlasv2 · 코드가 이름을 조립해 꺼낸다(template)
사용(동적)	Assets/BaseResource/Unit/armadillo/unit_armadillo_e_hit.png	7415	아틀라스 unit_armadillo.spriteatlasv2 · 코드가 이름을 조립해 꺼낸다(template)
사용(동적)	Assets/BaseResource/Unit/armadillo/unit_armadillo_e_walk1.png	7745	아틀라스 unit_armadillo.spriteatlasv2 · 코드가 이름을 조립해 꺼낸다(template)
사용(동적)	Assets/BaseResource/Unit/armadillo/unit_armadillo_e_walk2.png	7673	아틀라스 unit_armadillo.spriteatlasv2 · 코드가 이름을 조립해 꺼낸다(template)
사용(동적)	Assets/BaseResource/Unit/armadillo/unit_armadillo_n.png	5978	아틀라스 unit_armadillo.spriteatlasv2 · 코드가 이름을 조립해 꺼낸다(template)
사용(동적)	Assets/BaseResource/Unit/armadillo/unit_armadillo_n_atk1.png	6836	아틀라스 unit_armadillo.spriteatlasv2 · 코드가 이름을 조립해 꺼낸다(template)
사용(동적)	Assets/BaseResource/Unit/armadillo/unit_armadillo_n_atk2.png	6866	아틀라스 unit_armadillo.spriteatlasv2 · 코드가 이름을 조립해 꺼낸다(template)
사용(동적)	Assets/BaseResource/Unit/armadillo/unit_armadillo_n_die1.png	5763	아틀라스 unit_armadillo.spriteatlasv2 · 코드가 이름을 조립해 꺼낸다(template)
사용(동적)	Assets/BaseResource/Unit/armadillo/unit_armadillo_n_die2.png	7183	아틀라스 unit_armadillo.spriteatlasv2 · 코드가 이름을 조립해 꺼낸다(template)
사용(동적)	Assets/BaseResource/Unit/armadillo/unit_armadillo_n_hit.png	5953	아틀라스 unit_armadillo.spriteatlasv2 · 코드가 이름을 조립해 꺼낸다(template)
사용(동적)	Assets/BaseResource/Unit/armadillo/unit_armadillo_n_walk1.png	6053	아틀라스 unit_armadillo.spriteatlasv2 · 코드가 이름을 조립해 꺼낸다(template)
사용(동적)	Assets/BaseResource/Unit/armadillo/unit_armadillo_n_walk2.png	6005	아틀라스 unit_armadillo.spriteatlasv2 · 코드가 이름을 조립해 꺼낸다(template)
사용(동적)	Assets/BaseResource/Unit/armadillo/unit_armadillo_ne.png	7106	아틀라스 unit_armadillo.spriteatlasv2 · 코드가 이름을 조립해 꺼낸다(template)
사용(동적)	Assets/BaseResource/Unit/armadillo/unit_armadillo_ne_atk1.png	7609	아틀라스 unit_armadillo.spriteatlasv2 · 코드가 이름을 조립해 꺼낸다(template)
사용(동적)	Assets/BaseResource/Unit/armadillo/unit_armadillo_ne_atk2.png	7069	아틀라스 unit_armadillo.spriteatlasv2 · 코드가 이름을 조립해 꺼낸다(template)
사용(동적)	Assets/BaseResource/Unit/armadillo/unit_armadillo_ne_die1.png	6221	아틀라스 unit_armadillo.spriteatlasv2 · 코드가 이름을 조립해 꺼낸다(template)
사용(동적)	Assets/BaseResource/Unit/armadillo/unit_armadillo_ne_die2.png	6980	아틀라스 unit_armadillo.spriteatlasv2 · 코드가 이름을 조립해 꺼낸다(template)
사용(동적)	Assets/BaseResource/Unit/armadillo/unit_armadillo_ne_hit.png	7208	아틀라스 unit_armadillo.spriteatlasv2 · 코드가 이름을 조립해 꺼낸다(template)
사용(동적)	Assets/BaseResource/Unit/armadillo/unit_armadillo_ne_walk1.png	7166	아틀라스 unit_armadillo.spriteatlasv2 · 코드가 이름을 조립해 꺼낸다(template)
사용(동적)	Assets/BaseResource/Unit/armadillo/unit_armadillo_ne_walk2.png	7034	아틀라스 unit_armadillo.spriteatlasv2 · 코드가 이름을 조립해 꺼낸다(template)
사용(동적)	Assets/BaseResource/Unit/armadillo/unit_armadillo_s.png	7483	아틀라스 unit_armadillo.spriteatlasv2 · 코드가 이름을 조립해 꺼낸다(template)
사용(동적)	Assets/BaseResource/Unit/armadillo/unit_armadillo_s_atk1.png	7480	아틀라스 unit_armadillo.spriteatlasv2 · 코드가 이름을 조립해 꺼낸다(template)
사용(동적)	Assets/BaseResource/Unit/armadillo/unit_armadillo_s_atk2.png	8505	아틀라스 unit_armadillo.spriteatlasv2 · 코드가 이름을 조립해 꺼낸다(template)
사용(동적)	Assets/BaseResource/Unit/armadillo/unit_armadillo_s_die1.png	6895	아틀라스 unit_armadillo.spriteatlasv2 · 코드가 이름을 조립해 꺼낸다(template)
사용(동적)	Assets/BaseResource/Unit/armadillo/unit_armadillo_s_die2.png	7496	아틀라스 unit_armadillo.spriteatlasv2 · 코드가 이름을 조립해 꺼낸다(template)
사용(동적)	Assets/BaseResource/Unit/armadillo/unit_armadillo_s_hit.png	7369	아틀라스 unit_armadillo.spriteatlasv2 · 코드가 이름을 조립해 꺼낸다(template)
사용(동적)	Assets/BaseResource/Unit/armadillo/unit_armadillo_s_walk1.png	7460	아틀라스 unit_armadillo.spriteatlasv2 · 코드가 이름을 조립해 꺼낸다(template)
사용(동적)	Assets/BaseResource/Unit/armadillo/unit_armadillo_s_walk2.png	7322	아틀라스 unit_armadillo.spriteatlasv2 · 코드가 이름을 조립해 꺼낸다(template)
사용(동적)	Assets/BaseResource/Unit/armadillo/unit_armadillo_se.png	7259	아틀라스 unit_armadillo.spriteatlasv2 · 코드가 이름을 조립해 꺼낸다(template)
사용(동적)	Assets/BaseResource/Unit/armadillo/unit_armadillo_se_atk1.png	7783	아틀라스 unit_armadillo.spriteatlasv2 · 코드가 이름을 조립해 꺼낸다(template)
사용(동적)	Assets/BaseResource/Unit/armadillo/unit_armadillo_se_atk2.png	6999	아틀라스 unit_armadillo.spriteatlasv2 · 코드가 이름을 조립해 꺼낸다(template)
사용(동적)	Assets/BaseResource/Unit/armadillo/unit_armadillo_se_die1.png	6764	아틀라스 unit_armadillo.spriteatlasv2 · 코드가 이름을 조립해 꺼낸다(template)
사용(동적)	Assets/BaseResource/Unit/armadillo/unit_armadillo_se_die2.png	7002	아틀라스 unit_armadillo.spriteatlasv2 · 코드가 이름을 조립해 꺼낸다(template)
사용(동적)	Assets/BaseResource/Unit/armadillo/unit_armadillo_se_hit.png	7087	아틀라스 unit_armadillo.spriteatlasv2 · 코드가 이름을 조립해 꺼낸다(template)
사용(동적)	Assets/BaseResource/Unit/armadillo/unit_armadillo_se_walk1.png	7307	아틀라스 unit_armadillo.spriteatlasv2 · 코드가 이름을 조립해 꺼낸다(template)
사용(동적)	Assets/BaseResource/Unit/armadillo/unit_armadillo_se_walk2.png	7338	아틀라스 unit_armadillo.spriteatlasv2 · 코드가 이름을 조립해 꺼낸다(template)
사용(동적)	Assets/BaseResource/Unit/baseball/unit_baseball_e.png	5362	아틀라스 unit_baseball.spriteatlasv2 · 코드가 이름을 조립해 꺼낸다(template)
사용(동적)	Assets/BaseResource/Unit/baseball/unit_baseball_e_atk1.png	7113	아틀라스 unit_baseball.spriteatlasv2 · 코드가 이름을 조립해 꺼낸다(template)
사용(동적)	Assets/BaseResource/Unit/baseball/unit_baseball_e_atk2.png	6879	아틀라스 unit_baseball.spriteatlasv2 · 코드가 이름을 조립해 꺼낸다(template)
사용(동적)	Assets/BaseResource/Unit/baseball/unit_baseball_e_die1.png	9378	아틀라스 unit_baseball.spriteatlasv2 · 코드가 이름을 조립해 꺼낸다(template)
사용(동적)	Assets/BaseResource/Unit/baseball/unit_baseball_e_die2.png	6579	아틀라스 unit_baseball.spriteatlasv2 · 코드가 이름을 조립해 꺼낸다(template)
사용(동적)	Assets/BaseResource/Unit/baseball/unit_baseball_e_hit.png	5751	아틀라스 unit_baseball.spriteatlasv2 · 코드가 이름을 조립해 꺼낸다(template)
사용(동적)	Assets/BaseResource/Unit/baseball/unit_baseball_e_walk1.png	6421	아틀라스 unit_baseball.spriteatlasv2 · 코드가 이름을 조립해 꺼낸다(template)
사용(동적)	Assets/BaseResource/Unit/baseball/unit_baseball_e_walk2.png	5504	아틀라스 unit_baseball.spriteatlasv2 · 코드가 이름을 조립해 꺼낸다(template)
사용(동적)	Assets/BaseResource/Unit/baseball/unit_baseball_n.png	6455	아틀라스 unit_baseball.spriteatlasv2 · 코드가 이름을 조립해 꺼낸다(template)
사용(동적)	Assets/BaseResource/Unit/baseball/unit_baseball_n_atk1.png	6188	아틀라스 unit_baseball.spriteatlasv2 · 코드가 이름을 조립해 꺼낸다(template)
사용(동적)	Assets/BaseResource/Unit/baseball/unit_baseball_n_atk2.png	5630	아틀라스 unit_baseball.spriteatlasv2 · 코드가 이름을 조립해 꺼낸다(template)
사용(동적)	Assets/BaseResource/Unit/baseball/unit_baseball_n_die1.png	9384	아틀라스 unit_baseball.spriteatlasv2 · 코드가 이름을 조립해 꺼낸다(template)
사용(동적)	Assets/BaseResource/Unit/baseball/unit_baseball_n_die2.png	7217	아틀라스 unit_baseball.spriteatlasv2 · 코드가 이름을 조립해 꺼낸다(template)
사용(동적)	Assets/BaseResource/Unit/baseball/unit_baseball_n_hit.png	6945	아틀라스 unit_baseball.spriteatlasv2 · 코드가 이름을 조립해 꺼낸다(template)
사용(동적)	Assets/BaseResource/Unit/baseball/unit_baseball_n_walk1.png	6192	아틀라스 unit_baseball.spriteatlasv2 · 코드가 이름을 조립해 꺼낸다(template)
사용(동적)	Assets/BaseResource/Unit/baseball/unit_baseball_n_walk2.png	6180	아틀라스 unit_baseball.spriteatlasv2 · 코드가 이름을 조립해 꺼낸다(template)
사용(동적)	Assets/BaseResource/Unit/baseball/unit_baseball_ne.png	6524	아틀라스 unit_baseball.spriteatlasv2 · 코드가 이름을 조립해 꺼낸다(template)
사용(동적)	Assets/BaseResource/Unit/baseball/unit_baseball_ne_atk1.png	6282	아틀라스 unit_baseball.spriteatlasv2 · 코드가 이름을 조립해 꺼낸다(template)
사용(동적)	Assets/BaseResource/Unit/baseball/unit_baseball_ne_atk2.png	5659	아틀라스 unit_baseball.spriteatlasv2 · 코드가 이름을 조립해 꺼낸다(template)
사용(동적)	Assets/BaseResource/Unit/baseball/unit_baseball_ne_die1.png	9765	아틀라스 unit_baseball.spriteatlasv2 · 코드가 이름을 조립해 꺼낸다(template)
사용(동적)	Assets/BaseResource/Unit/baseball/unit_baseball_ne_die2.png	8246	아틀라스 unit_baseball.spriteatlasv2 · 코드가 이름을 조립해 꺼낸다(template)
사용(동적)	Assets/BaseResource/Unit/baseball/unit_baseball_ne_hit.png	8115	아틀라스 unit_baseball.spriteatlasv2 · 코드가 이름을 조립해 꺼낸다(template)
사용(동적)	Assets/BaseResource/Unit/baseball/unit_baseball_ne_walk1.png	6308	아틀라스 unit_baseball.spriteatlasv2 · 코드가 이름을 조립해 꺼낸다(template)
사용(동적)	Assets/BaseResource/Unit/baseball/unit_baseball_ne_walk2.png	6388	아틀라스 unit_baseball.spriteatlasv2 · 코드가 이름을 조립해 꺼낸다(template)
사용(동적)	Assets/BaseResource/Unit/baseball/unit_baseball_possess1.png	1364	아틀라스 unit_baseball.spriteatlasv2 · 코드가 이름을 조립해 꺼낸다(template)
사용(동적)	Assets/BaseResource/Unit/baseball/unit_baseball_possess2.png	1368	아틀라스 unit_baseball.spriteatlasv2 · 코드가 이름을 조립해 꺼낸다(template)
사용(동적)	Assets/BaseResource/Unit/baseball/unit_baseball_s.png	7883	아틀라스 unit_baseball.spriteatlasv2 · 코드가 이름을 조립해 꺼낸다(template)
사용(동적)	Assets/BaseResource/Unit/baseball/unit_baseball_s_atk1.png	7614	아틀라스 unit_baseball.spriteatlasv2 · 코드가 이름을 조립해 꺼낸다(template)
사용(동적)	Assets/BaseResource/Unit/baseball/unit_baseball_s_atk2.png	7898	아틀라스 unit_baseball.spriteatlasv2 · 코드가 이름을 조립해 꺼낸다(template)
사용(동적)	Assets/BaseResource/Unit/baseball/unit_baseball_s_die1.png	9225	아틀라스 unit_baseball.spriteatlasv2 · 코드가 이름을 조립해 꺼낸다(template)
사용(동적)	Assets/BaseResource/Unit/baseball/unit_baseball_s_die2.png	6151	아틀라스 unit_baseball.spriteatlasv2 · 코드가 이름을 조립해 꺼낸다(template)
사용(동적)	Assets/BaseResource/Unit/baseball/unit_baseball_s_hit.png	9265	아틀라스 unit_baseball.spriteatlasv2 · 코드가 이름을 조립해 꺼낸다(template)
사용(동적)	Assets/BaseResource/Unit/baseball/unit_baseball_s_walk1.png	7070	아틀라스 unit_baseball.spriteatlasv2 · 코드가 이름을 조립해 꺼낸다(template)
사용(동적)	Assets/BaseResource/Unit/baseball/unit_baseball_s_walk2.png	7020	아틀라스 unit_baseball.spriteatlasv2 · 코드가 이름을 조립해 꺼낸다(template)
사용(동적)	Assets/BaseResource/Unit/baseball/unit_baseball_se.png	5494	아틀라스 unit_baseball.spriteatlasv2 · 코드가 이름을 조립해 꺼낸다(template)
사용(동적)	Assets/BaseResource/Unit/baseball/unit_baseball_se_atk1.png	7150	아틀라스 unit_baseball.spriteatlasv2 · 코드가 이름을 조립해 꺼낸다(template)
사용(동적)	Assets/BaseResource/Unit/baseball/unit_baseball_se_atk2.png	7018	아틀라스 unit_baseball.spriteatlasv2 · 코드가 이름을 조립해 꺼낸다(template)
사용(동적)	Assets/BaseResource/Unit/baseball/unit_baseball_se_die1.png	9481	아틀라스 unit_baseball.spriteatlasv2 · 코드가 이름을 조립해 꺼낸다(template)
사용(동적)	Assets/BaseResource/Unit/baseball/unit_baseball_se_die2.png	6657	아틀라스 unit_baseball.spriteatlasv2 · 코드가 이름을 조립해 꺼낸다(template)
사용(동적)	Assets/BaseResource/Unit/baseball/unit_baseball_se_hit.png	5661	아틀라스 unit_baseball.spriteatlasv2 · 코드가 이름을 조립해 꺼낸다(template)
사용(동적)	Assets/BaseResource/Unit/baseball/unit_baseball_se_walk1.png	6454	아틀라스 unit_baseball.spriteatlasv2 · 코드가 이름을 조립해 꺼낸다(template)
사용(동적)	Assets/BaseResource/Unit/baseball/unit_baseball_se_walk2.png	5755	아틀라스 unit_baseball.spriteatlasv2 · 코드가 이름을 조립해 꺼낸다(template)
사용(동적)	Assets/BaseResource/Unit/bat/unit_bat_e_atk1.png	7703	아틀라스 unit_bat.spriteatlasv2 · 코드가 이름을 조립해 꺼낸다(template)
사용(동적)	Assets/BaseResource/Unit/bat/unit_bat_e_atk2.png	10595	아틀라스 unit_bat.spriteatlasv2 · 코드가 이름을 조립해 꺼낸다(template)
사용(동적)	Assets/BaseResource/Unit/bat/unit_bat_e_die1.png	9319	아틀라스 unit_bat.spriteatlasv2 · 코드가 이름을 조립해 꺼낸다(template)
사용(동적)	Assets/BaseResource/Unit/bat/unit_bat_e_die2.png	4450	아틀라스 unit_bat.spriteatlasv2 · 코드가 이름을 조립해 꺼낸다(template)
사용(동적)	Assets/BaseResource/Unit/bat/unit_bat_e_hit.png	9685	아틀라스 unit_bat.spriteatlasv2 · 코드가 이름을 조립해 꺼낸다(template)
사용(동적)	Assets/BaseResource/Unit/bat/unit_bat_e_walk1.png	11326	아틀라스 unit_bat.spriteatlasv2 · 코드가 이름을 조립해 꺼낸다(template)
사용(동적)	Assets/BaseResource/Unit/bat/unit_bat_e_walk2.png	7958	아틀라스 unit_bat.spriteatlasv2 · 코드가 이름을 조립해 꺼낸다(template)
사용(동적)	Assets/BaseResource/Unit/bat/unit_bat_n.png	11953	아틀라스 unit_bat.spriteatlasv2 · 코드가 이름을 조립해 꺼낸다(template)
사용(동적)	Assets/BaseResource/Unit/bat/unit_bat_n_atk1.png	10838	아틀라스 unit_bat.spriteatlasv2 · 코드가 이름을 조립해 꺼낸다(template)
사용(동적)	Assets/BaseResource/Unit/bat/unit_bat_n_atk2.png	10098	아틀라스 unit_bat.spriteatlasv2 · 코드가 이름을 조립해 꺼낸다(template)
사용(동적)	Assets/BaseResource/Unit/bat/unit_bat_n_die1.png	11410	아틀라스 unit_bat.spriteatlasv2 · 코드가 이름을 조립해 꺼낸다(template)
사용(동적)	Assets/BaseResource/Unit/bat/unit_bat_n_die2.png	4415	아틀라스 unit_bat.spriteatlasv2 · 코드가 이름을 조립해 꺼낸다(template)
사용(동적)	Assets/BaseResource/Unit/bat/unit_bat_n_hit.png	11965	아틀라스 unit_bat.spriteatlasv2 · 코드가 이름을 조립해 꺼낸다(template)
사용(동적)	Assets/BaseResource/Unit/bat/unit_bat_n_walk1.png	11370	아틀라스 unit_bat.spriteatlasv2 · 코드가 이름을 조립해 꺼낸다(template)
사용(동적)	Assets/BaseResource/Unit/bat/unit_bat_n_walk2.png	11094	아틀라스 unit_bat.spriteatlasv2 · 코드가 이름을 조립해 꺼낸다(template)
사용(동적)	Assets/BaseResource/Unit/bat/unit_bat_ne.png	11611	아틀라스 unit_bat.spriteatlasv2 · 코드가 이름을 조립해 꺼낸다(template)
사용(동적)	Assets/BaseResource/Unit/bat/unit_bat_ne_atk1.png	7330	아틀라스 unit_bat.spriteatlasv2 · 코드가 이름을 조립해 꺼낸다(template)
사용(동적)	Assets/BaseResource/Unit/bat/unit_bat_ne_atk2.png	11529	아틀라스 unit_bat.spriteatlasv2 · 코드가 이름을 조립해 꺼낸다(template)
사용(동적)	Assets/BaseResource/Unit/bat/unit_bat_ne_die1.png	10055	아틀라스 unit_bat.spriteatlasv2 · 코드가 이름을 조립해 꺼낸다(template)
사용(동적)	Assets/BaseResource/Unit/bat/unit_bat_ne_die2.png	6714	아틀라스 unit_bat.spriteatlasv2 · 코드가 이름을 조립해 꺼낸다(template)
사용(동적)	Assets/BaseResource/Unit/bat/unit_bat_ne_hit.png	10679	아틀라스 unit_bat.spriteatlasv2 · 코드가 이름을 조립해 꺼낸다(template)
사용(동적)	Assets/BaseResource/Unit/bat/unit_bat_ne_walk1.png	9731	아틀라스 unit_bat.spriteatlasv2 · 코드가 이름을 조립해 꺼낸다(template)
사용(동적)	Assets/BaseResource/Unit/bat/unit_bat_ne_walk2.png	5834	아틀라스 unit_bat.spriteatlasv2 · 코드가 이름을 조립해 꺼낸다(template)
사용(동적)	Assets/BaseResource/Unit/bat/unit_bat_s.png	12862	아틀라스 unit_bat.spriteatlasv2 · 코드가 이름을 조립해 꺼낸다(template)
사용(동적)	Assets/BaseResource/Unit/bat/unit_bat_s_atk1.png	14478	아틀라스 unit_bat.spriteatlasv2 · 코드가 이름을 조립해 꺼낸다(template)
사용(동적)	Assets/BaseResource/Unit/bat/unit_bat_s_atk2.png	9799	아틀라스 unit_bat.spriteatlasv2 · 코드가 이름을 조립해 꺼낸다(template)
사용(동적)	Assets/BaseResource/Unit/bat/unit_bat_s_die1.png	12713	아틀라스 unit_bat.spriteatlasv2 · 코드가 이름을 조립해 꺼낸다(template)
사용(동적)	Assets/BaseResource/Unit/bat/unit_bat_s_die2.png	5533	아틀라스 unit_bat.spriteatlasv2 · 코드가 이름을 조립해 꺼낸다(template)
사용(동적)	Assets/BaseResource/Unit/bat/unit_bat_s_hit.png	14001	아틀라스 unit_bat.spriteatlasv2 · 코드가 이름을 조립해 꺼낸다(template)
사용(동적)	Assets/BaseResource/Unit/bat/unit_bat_s_walk1.png	11000	아틀라스 unit_bat.spriteatlasv2 · 코드가 이름을 조립해 꺼낸다(template)
사용(동적)	Assets/BaseResource/Unit/bat/unit_bat_s_walk2.png	11337	아틀라스 unit_bat.spriteatlasv2 · 코드가 이름을 조립해 꺼낸다(template)
사용(동적)	Assets/BaseResource/Unit/bat/unit_bat_se_atk1.png	7052	아틀라스 unit_bat.spriteatlasv2 · 코드가 이름을 조립해 꺼낸다(template)
사용(동적)	Assets/BaseResource/Unit/bat/unit_bat_se_atk2.png	8645	아틀라스 unit_bat.spriteatlasv2 · 코드가 이름을 조립해 꺼낸다(template)
사용(동적)	Assets/BaseResource/Unit/bat/unit_bat_se_die1.png	9963	아틀라스 unit_bat.spriteatlasv2 · 코드가 이름을 조립해 꺼낸다(template)
사용(동적)	Assets/BaseResource/Unit/bat/unit_bat_se_die2.png	6355	아틀라스 unit_bat.spriteatlasv2 · 코드가 이름을 조립해 꺼낸다(template)
사용(동적)	Assets/BaseResource/Unit/bat/unit_bat_se_hit.png	10643	아틀라스 unit_bat.spriteatlasv2 · 코드가 이름을 조립해 꺼낸다(template)
사용(동적)	Assets/BaseResource/Unit/bat/unit_bat_se_walk1.png	10861	아틀라스 unit_bat.spriteatlasv2 · 코드가 이름을 조립해 꺼낸다(template)
사용(동적)	Assets/BaseResource/Unit/bat/unit_bat_se_walk2.png	10714	아틀라스 unit_bat.spriteatlasv2 · 코드가 이름을 조립해 꺼낸다(template)
사용(동적)	Assets/BaseResource/Unit/boar/unit_boar_e.png	10513	아틀라스 unit_boar.spriteatlasv2 · 코드가 이름을 조립해 꺼낸다(template)
사용(동적)	Assets/BaseResource/Unit/boar/unit_boar_e_atk1.png	10878	아틀라스 unit_boar.spriteatlasv2 · 코드가 이름을 조립해 꺼낸다(template)
사용(동적)	Assets/BaseResource/Unit/boar/unit_boar_e_atk2.png	9234	아틀라스 unit_boar.spriteatlasv2 · 코드가 이름을 조립해 꺼낸다(template)
사용(동적)	Assets/BaseResource/Unit/boar/unit_boar_e_die1.png	9791	아틀라스 unit_boar.spriteatlasv2 · 코드가 이름을 조립해 꺼낸다(template)
사용(동적)	Assets/BaseResource/Unit/boar/unit_boar_e_die2.png	8171	아틀라스 unit_boar.spriteatlasv2 · 코드가 이름을 조립해 꺼낸다(template)
사용(동적)	Assets/BaseResource/Unit/boar/unit_boar_e_hit.png	11843	아틀라스 unit_boar.spriteatlasv2 · 코드가 이름을 조립해 꺼낸다(template)
사용(동적)	Assets/BaseResource/Unit/boar/unit_boar_e_walk1.png	10067	아틀라스 unit_boar.spriteatlasv2 · 코드가 이름을 조립해 꺼낸다(template)
사용(동적)	Assets/BaseResource/Unit/boar/unit_boar_e_walk2.png	10396	아틀라스 unit_boar.spriteatlasv2 · 코드가 이름을 조립해 꺼낸다(template)
사용(동적)	Assets/BaseResource/Unit/boar/unit_boar_n.png	7629	아틀라스 unit_boar.spriteatlasv2 · 코드가 이름을 조립해 꺼낸다(template)
사용(동적)	Assets/BaseResource/Unit/boar/unit_boar_n_atk1.png	8729	아틀라스 unit_boar.spriteatlasv2 · 코드가 이름을 조립해 꺼낸다(template)
사용(동적)	Assets/BaseResource/Unit/boar/unit_boar_n_atk2.png	7413	아틀라스 unit_boar.spriteatlasv2 · 코드가 이름을 조립해 꺼낸다(template)
사용(동적)	Assets/BaseResource/Unit/boar/unit_boar_n_die1.png	7954	아틀라스 unit_boar.spriteatlasv2 · 코드가 이름을 조립해 꺼낸다(template)
사용(동적)	Assets/BaseResource/Unit/boar/unit_boar_n_die2.png	6438	아틀라스 unit_boar.spriteatlasv2 · 코드가 이름을 조립해 꺼낸다(template)
사용(동적)	Assets/BaseResource/Unit/boar/unit_boar_n_hit.png	8722	아틀라스 unit_boar.spriteatlasv2 · 코드가 이름을 조립해 꺼낸다(template)
사용(동적)	Assets/BaseResource/Unit/boar/unit_boar_n_walk1.png	7406	아틀라스 unit_boar.spriteatlasv2 · 코드가 이름을 조립해 꺼낸다(template)
사용(동적)	Assets/BaseResource/Unit/boar/unit_boar_n_walk2.png	7607	아틀라스 unit_boar.spriteatlasv2 · 코드가 이름을 조립해 꺼낸다(template)
사용(동적)	Assets/BaseResource/Unit/boar/unit_boar_ne.png	9573	아틀라스 unit_boar.spriteatlasv2 · 코드가 이름을 조립해 꺼낸다(template)
사용(동적)	Assets/BaseResource/Unit/boar/unit_boar_ne_atk1.png	9302	아틀라스 unit_boar.spriteatlasv2 · 코드가 이름을 조립해 꺼낸다(template)
사용(동적)	Assets/BaseResource/Unit/boar/unit_boar_ne_atk2.png	9429	아틀라스 unit_boar.spriteatlasv2 · 코드가 이름을 조립해 꺼낸다(template)
사용(동적)	Assets/BaseResource/Unit/boar/unit_boar_ne_die1.png	9019	아틀라스 unit_boar.spriteatlasv2 · 코드가 이름을 조립해 꺼낸다(template)
사용(동적)	Assets/BaseResource/Unit/boar/unit_boar_ne_die2.png	8342	아틀라스 unit_boar.spriteatlasv2 · 코드가 이름을 조립해 꺼낸다(template)
사용(동적)	Assets/BaseResource/Unit/boar/unit_boar_ne_hit.png	10182	아틀라스 unit_boar.spriteatlasv2 · 코드가 이름을 조립해 꺼낸다(template)
사용(동적)	Assets/BaseResource/Unit/boar/unit_boar_ne_walk1.png	8826	아틀라스 unit_boar.spriteatlasv2 · 코드가 이름을 조립해 꺼낸다(template)
사용(동적)	Assets/BaseResource/Unit/boar/unit_boar_ne_walk2.png	9426	아틀라스 unit_boar.spriteatlasv2 · 코드가 이름을 조립해 꺼낸다(template)
사용(동적)	Assets/BaseResource/Unit/boar/unit_boar_s.png	9244	아틀라스 unit_boar.spriteatlasv2 · 코드가 이름을 조립해 꺼낸다(template)
사용(동적)	Assets/BaseResource/Unit/boar/unit_boar_s_atk1.png	9156	아틀라스 unit_boar.spriteatlasv2 · 코드가 이름을 조립해 꺼낸다(template)
사용(동적)	Assets/BaseResource/Unit/boar/unit_boar_s_atk2.png	9026	아틀라스 unit_boar.spriteatlasv2 · 코드가 이름을 조립해 꺼낸다(template)
사용(동적)	Assets/BaseResource/Unit/boar/unit_boar_s_die1.png	8798	아틀라스 unit_boar.spriteatlasv2 · 코드가 이름을 조립해 꺼낸다(template)
사용(동적)	Assets/BaseResource/Unit/boar/unit_boar_s_die2.png	7337	아틀라스 unit_boar.spriteatlasv2 · 코드가 이름을 조립해 꺼낸다(template)
사용(동적)	Assets/BaseResource/Unit/boar/unit_boar_s_hit.png	9317	아틀라스 unit_boar.spriteatlasv2 · 코드가 이름을 조립해 꺼낸다(template)
사용(동적)	Assets/BaseResource/Unit/boar/unit_boar_s_walk1.png	9111	아틀라스 unit_boar.spriteatlasv2 · 코드가 이름을 조립해 꺼낸다(template)
사용(동적)	Assets/BaseResource/Unit/boar/unit_boar_s_walk2.png	8896	아틀라스 unit_boar.spriteatlasv2 · 코드가 이름을 조립해 꺼낸다(template)
사용(동적)	Assets/BaseResource/Unit/boar/unit_boar_se.png	8777	아틀라스 unit_boar.spriteatlasv2 · 코드가 이름을 조립해 꺼낸다(template)
사용(동적)	Assets/BaseResource/Unit/boar/unit_boar_se_atk1.png	8937	아틀라스 unit_boar.spriteatlasv2 · 코드가 이름을 조립해 꺼낸다(template)
사용(동적)	Assets/BaseResource/Unit/boar/unit_boar_se_atk2.png	9137	아틀라스 unit_boar.spriteatlasv2 · 코드가 이름을 조립해 꺼낸다(template)
사용(동적)	Assets/BaseResource/Unit/boar/unit_boar_se_die1.png	8168	아틀라스 unit_boar.spriteatlasv2 · 코드가 이름을 조립해 꺼낸다(template)
사용(동적)	Assets/BaseResource/Unit/boar/unit_boar_se_die2.png	7586	아틀라스 unit_boar.spriteatlasv2 · 코드가 이름을 조립해 꺼낸다(template)
사용(동적)	Assets/BaseResource/Unit/boar/unit_boar_se_hit.png	9607	아틀라스 unit_boar.spriteatlasv2 · 코드가 이름을 조립해 꺼낸다(template)
사용(동적)	Assets/BaseResource/Unit/boar/unit_boar_se_walk1.png	8656	아틀라스 unit_boar.spriteatlasv2 · 코드가 이름을 조립해 꺼낸다(template)
사용(동적)	Assets/BaseResource/Unit/boar/unit_boar_se_walk2.png	8548	아틀라스 unit_boar.spriteatlasv2 · 코드가 이름을 조립해 꺼낸다(template)
사용(동적)	Assets/BaseResource/Unit/coilwalker/unit_coilwalker_e_atk1.png	4181	아틀라스 unit_coilwalker.spriteatlasv2 · 코드가 이름을 조립해 꺼낸다(template)
사용(동적)	Assets/BaseResource/Unit/coilwalker/unit_coilwalker_e_atk2.png	4486	아틀라스 unit_coilwalker.spriteatlasv2 · 코드가 이름을 조립해 꺼낸다(template)
사용(동적)	Assets/BaseResource/Unit/coilwalker/unit_coilwalker_e_die1.png	5815	아틀라스 unit_coilwalker.spriteatlasv2 · 코드가 이름을 조립해 꺼낸다(template)
사용(동적)	Assets/BaseResource/Unit/coilwalker/unit_coilwalker_e_die2.png	5092	아틀라스 unit_coilwalker.spriteatlasv2 · 코드가 이름을 조립해 꺼낸다(template)
사용(동적)	Assets/BaseResource/Unit/coilwalker/unit_coilwalker_e_hit.png	5005	아틀라스 unit_coilwalker.spriteatlasv2 · 코드가 이름을 조립해 꺼낸다(template)
사용(동적)	Assets/BaseResource/Unit/coilwalker/unit_coilwalker_e_walk1.png	3927	아틀라스 unit_coilwalker.spriteatlasv2 · 코드가 이름을 조립해 꺼낸다(template)
사용(동적)	Assets/BaseResource/Unit/coilwalker/unit_coilwalker_e_walk2.png	3541	아틀라스 unit_coilwalker.spriteatlasv2 · 코드가 이름을 조립해 꺼낸다(template)
사용(동적)	Assets/BaseResource/Unit/coilwalker/unit_coilwalker_n.png	3580	아틀라스 unit_coilwalker.spriteatlasv2 · 코드가 이름을 조립해 꺼낸다(template)
사용(동적)	Assets/BaseResource/Unit/coilwalker/unit_coilwalker_n_atk1.png	4065	아틀라스 unit_coilwalker.spriteatlasv2 · 코드가 이름을 조립해 꺼낸다(template)
사용(동적)	Assets/BaseResource/Unit/coilwalker/unit_coilwalker_n_atk2.png	3679	아틀라스 unit_coilwalker.spriteatlasv2 · 코드가 이름을 조립해 꺼낸다(template)
사용(동적)	Assets/BaseResource/Unit/coilwalker/unit_coilwalker_n_die1.png	4886	아틀라스 unit_coilwalker.spriteatlasv2 · 코드가 이름을 조립해 꺼낸다(template)
사용(동적)	Assets/BaseResource/Unit/coilwalker/unit_coilwalker_n_die2.png	5013	아틀라스 unit_coilwalker.spriteatlasv2 · 코드가 이름을 조립해 꺼낸다(template)
사용(동적)	Assets/BaseResource/Unit/coilwalker/unit_coilwalker_n_hit.png	4468	아틀라스 unit_coilwalker.spriteatlasv2 · 코드가 이름을 조립해 꺼낸다(template)
사용(동적)	Assets/BaseResource/Unit/coilwalker/unit_coilwalker_n_walk1.png	3316	아틀라스 unit_coilwalker.spriteatlasv2 · 코드가 이름을 조립해 꺼낸다(template)
사용(동적)	Assets/BaseResource/Unit/coilwalker/unit_coilwalker_n_walk2.png	3302	아틀라스 unit_coilwalker.spriteatlasv2 · 코드가 이름을 조립해 꺼낸다(template)
사용(동적)	Assets/BaseResource/Unit/coilwalker/unit_coilwalker_ne.png	3753	아틀라스 unit_coilwalker.spriteatlasv2 · 코드가 이름을 조립해 꺼낸다(template)
사용(동적)	Assets/BaseResource/Unit/coilwalker/unit_coilwalker_ne_atk1.png	4240	아틀라스 unit_coilwalker.spriteatlasv2 · 코드가 이름을 조립해 꺼낸다(template)
사용(동적)	Assets/BaseResource/Unit/coilwalker/unit_coilwalker_ne_atk2.png	4795	아틀라스 unit_coilwalker.spriteatlasv2 · 코드가 이름을 조립해 꺼낸다(template)
사용(동적)	Assets/BaseResource/Unit/coilwalker/unit_coilwalker_ne_die1.png	6178	아틀라스 unit_coilwalker.spriteatlasv2 · 코드가 이름을 조립해 꺼낸다(template)
사용(동적)	Assets/BaseResource/Unit/coilwalker/unit_coilwalker_ne_die2.png	5911	아틀라스 unit_coilwalker.spriteatlasv2 · 코드가 이름을 조립해 꺼낸다(template)
사용(동적)	Assets/BaseResource/Unit/coilwalker/unit_coilwalker_ne_hit.png	4875	아틀라스 unit_coilwalker.spriteatlasv2 · 코드가 이름을 조립해 꺼낸다(template)
사용(동적)	Assets/BaseResource/Unit/coilwalker/unit_coilwalker_ne_walk1.png	3620	아틀라스 unit_coilwalker.spriteatlasv2 · 코드가 이름을 조립해 꺼낸다(template)
사용(동적)	Assets/BaseResource/Unit/coilwalker/unit_coilwalker_ne_walk2.png	4103	아틀라스 unit_coilwalker.spriteatlasv2 · 코드가 이름을 조립해 꺼낸다(template)
사용(동적)	Assets/BaseResource/Unit/coilwalker/unit_coilwalker_s.png	4527	아틀라스 unit_coilwalker.spriteatlasv2 · 코드가 이름을 조립해 꺼낸다(template)
사용(동적)	Assets/BaseResource/Unit/coilwalker/unit_coilwalker_s_atk1.png	5634	아틀라스 unit_coilwalker.spriteatlasv2 · 코드가 이름을 조립해 꺼낸다(template)
사용(동적)	Assets/BaseResource/Unit/coilwalker/unit_coilwalker_s_atk2.png	5734	아틀라스 unit_coilwalker.spriteatlasv2 · 코드가 이름을 조립해 꺼낸다(template)
사용(동적)	Assets/BaseResource/Unit/coilwalker/unit_coilwalker_s_die1.png	6647	아틀라스 unit_coilwalker.spriteatlasv2 · 코드가 이름을 조립해 꺼낸다(template)
사용(동적)	Assets/BaseResource/Unit/coilwalker/unit_coilwalker_s_die2.png	6705	아틀라스 unit_coilwalker.spriteatlasv2 · 코드가 이름을 조립해 꺼낸다(template)
사용(동적)	Assets/BaseResource/Unit/coilwalker/unit_coilwalker_s_hit.png	6299	아틀라스 unit_coilwalker.spriteatlasv2 · 코드가 이름을 조립해 꺼낸다(template)
사용(동적)	Assets/BaseResource/Unit/coilwalker/unit_coilwalker_s_walk1.png	4714	아틀라스 unit_coilwalker.spriteatlasv2 · 코드가 이름을 조립해 꺼낸다(template)
사용(동적)	Assets/BaseResource/Unit/coilwalker/unit_coilwalker_s_walk2.png	4003	아틀라스 unit_coilwalker.spriteatlasv2 · 코드가 이름을 조립해 꺼낸다(template)
사용(동적)	Assets/BaseResource/Unit/coilwalker/unit_coilwalker_se_atk1.png	4492	아틀라스 unit_coilwalker.spriteatlasv2 · 코드가 이름을 조립해 꺼낸다(template)
사용(동적)	Assets/BaseResource/Unit/coilwalker/unit_coilwalker_se_atk2.png	4435	아틀라스 unit_coilwalker.spriteatlasv2 · 코드가 이름을 조립해 꺼낸다(template)
사용(동적)	Assets/BaseResource/Unit/coilwalker/unit_coilwalker_se_die1.png	5572	아틀라스 unit_coilwalker.spriteatlasv2 · 코드가 이름을 조립해 꺼낸다(template)
사용(동적)	Assets/BaseResource/Unit/coilwalker/unit_coilwalker_se_die2.png	5977	아틀라스 unit_coilwalker.spriteatlasv2 · 코드가 이름을 조립해 꺼낸다(template)
사용(동적)	Assets/BaseResource/Unit/coilwalker/unit_coilwalker_se_hit.png	4760	아틀라스 unit_coilwalker.spriteatlasv2 · 코드가 이름을 조립해 꺼낸다(template)
사용(동적)	Assets/BaseResource/Unit/coilwalker/unit_coilwalker_se_walk1.png	3727	아틀라스 unit_coilwalker.spriteatlasv2 · 코드가 이름을 조립해 꺼낸다(template)
사용(동적)	Assets/BaseResource/Unit/coilwalker/unit_coilwalker_se_walk2.png	3908	아틀라스 unit_coilwalker.spriteatlasv2 · 코드가 이름을 조립해 꺼낸다(template)
사용(동적)	Assets/BaseResource/Unit/commando_grenade/unit_commando_grenade_e.png	6109	아틀라스 unit_commando_grenade.spriteatlasv2 · 코드가 이름을 조립해 꺼낸다(template)
사용(동적)	Assets/BaseResource/Unit/commando_grenade/unit_commando_grenade_e_atk1.png	7627	아틀라스 unit_commando_grenade.spriteatlasv2 · 코드가 이름을 조립해 꺼낸다(template)
사용(동적)	Assets/BaseResource/Unit/commando_grenade/unit_commando_grenade_e_atk2.png	7096	아틀라스 unit_commando_grenade.spriteatlasv2 · 코드가 이름을 조립해 꺼낸다(template)
사용(동적)	Assets/BaseResource/Unit/commando_grenade/unit_commando_grenade_e_die1.png	8139	아틀라스 unit_commando_grenade.spriteatlasv2 · 코드가 이름을 조립해 꺼낸다(template)
사용(동적)	Assets/BaseResource/Unit/commando_grenade/unit_commando_grenade_e_die2.png	4656	아틀라스 unit_commando_grenade.spriteatlasv2 · 코드가 이름을 조립해 꺼낸다(template)
사용(동적)	Assets/BaseResource/Unit/commando_grenade/unit_commando_grenade_e_hit.png	7112	아틀라스 unit_commando_grenade.spriteatlasv2 · 코드가 이름을 조립해 꺼낸다(template)
사용(동적)	Assets/BaseResource/Unit/commando_grenade/unit_commando_grenade_e_walk1.png	6486	아틀라스 unit_commando_grenade.spriteatlasv2 · 코드가 이름을 조립해 꺼낸다(template)
사용(동적)	Assets/BaseResource/Unit/commando_grenade/unit_commando_grenade_e_walk2.png	6133	아틀라스 unit_commando_grenade.spriteatlasv2 · 코드가 이름을 조립해 꺼낸다(template)
사용(동적)	Assets/BaseResource/Unit/commando_grenade/unit_commando_grenade_n.png	7253	아틀라스 unit_commando_grenade.spriteatlasv2 · 코드가 이름을 조립해 꺼낸다(template)
사용(동적)	Assets/BaseResource/Unit/commando_grenade/unit_commando_grenade_n_atk1.png	8823	아틀라스 unit_commando_grenade.spriteatlasv2 · 코드가 이름을 조립해 꺼낸다(template)
사용(동적)	Assets/BaseResource/Unit/commando_grenade/unit_commando_grenade_n_atk2.png	7030	아틀라스 unit_commando_grenade.spriteatlasv2 · 코드가 이름을 조립해 꺼낸다(template)
사용(동적)	Assets/BaseResource/Unit/commando_grenade/unit_commando_grenade_n_die1.png	10049	아틀라스 unit_commando_grenade.spriteatlasv2 · 코드가 이름을 조립해 꺼낸다(template)
사용(동적)	Assets/BaseResource/Unit/commando_grenade/unit_commando_grenade_n_die2.png	6565	아틀라스 unit_commando_grenade.spriteatlasv2 · 코드가 이름을 조립해 꺼낸다(template)
사용(동적)	Assets/BaseResource/Unit/commando_grenade/unit_commando_grenade_n_hit.png	8296	아틀라스 unit_commando_grenade.spriteatlasv2 · 코드가 이름을 조립해 꺼낸다(template)
사용(동적)	Assets/BaseResource/Unit/commando_grenade/unit_commando_grenade_n_walk1.png	6605	아틀라스 unit_commando_grenade.spriteatlasv2 · 코드가 이름을 조립해 꺼낸다(template)
사용(동적)	Assets/BaseResource/Unit/commando_grenade/unit_commando_grenade_n_walk2.png	6744	아틀라스 unit_commando_grenade.spriteatlasv2 · 코드가 이름을 조립해 꺼낸다(template)
사용(동적)	Assets/BaseResource/Unit/commando_grenade/unit_commando_grenade_ne.png	7058	아틀라스 unit_commando_grenade.spriteatlasv2 · 코드가 이름을 조립해 꺼낸다(template)
사용(동적)	Assets/BaseResource/Unit/commando_grenade/unit_commando_grenade_ne_atk1.png	8258	아틀라스 unit_commando_grenade.spriteatlasv2 · 코드가 이름을 조립해 꺼낸다(template)
사용(동적)	Assets/BaseResource/Unit/commando_grenade/unit_commando_grenade_ne_atk2.png	7096	아틀라스 unit_commando_grenade.spriteatlasv2 · 코드가 이름을 조립해 꺼낸다(template)
사용(동적)	Assets/BaseResource/Unit/commando_grenade/unit_commando_grenade_ne_die1.png	10415	아틀라스 unit_commando_grenade.spriteatlasv2 · 코드가 이름을 조립해 꺼낸다(template)
사용(동적)	Assets/BaseResource/Unit/commando_grenade/unit_commando_grenade_ne_die2.png	5666	아틀라스 unit_commando_grenade.spriteatlasv2 · 코드가 이름을 조립해 꺼낸다(template)
사용(동적)	Assets/BaseResource/Unit/commando_grenade/unit_commando_grenade_ne_hit.png	7979	아틀라스 unit_commando_grenade.spriteatlasv2 · 코드가 이름을 조립해 꺼낸다(template)
사용(동적)	Assets/BaseResource/Unit/commando_grenade/unit_commando_grenade_ne_walk1.png	7239	아틀라스 unit_commando_grenade.spriteatlasv2 · 코드가 이름을 조립해 꺼낸다(template)
사용(동적)	Assets/BaseResource/Unit/commando_grenade/unit_commando_grenade_ne_walk2.png	6684	아틀라스 unit_commando_grenade.spriteatlasv2 · 코드가 이름을 조립해 꺼낸다(template)
사용(동적)	Assets/BaseResource/Unit/commando_grenade/unit_commando_grenade_possess1.png	1647	아틀라스 unit_commando_grenade.spriteatlasv2 · 코드가 이름을 조립해 꺼낸다(template)
사용(동적)	Assets/BaseResource/Unit/commando_grenade/unit_commando_grenade_possess2.png	1659	아틀라스 unit_commando_grenade.spriteatlasv2 · 코드가 이름을 조립해 꺼낸다(template)
사용(동적)	Assets/BaseResource/Unit/commando_grenade/unit_commando_grenade_s.png	7712	아틀라스 unit_commando_grenade.spriteatlasv2 · 코드가 이름을 조립해 꺼낸다(template)
사용(동적)	Assets/BaseResource/Unit/commando_grenade/unit_commando_grenade_s_atk1.png	8538	아틀라스 unit_commando_grenade.spriteatlasv2 · 코드가 이름을 조립해 꺼낸다(template)
사용(동적)	Assets/BaseResource/Unit/commando_grenade/unit_commando_grenade_s_atk2.png	7146	아틀라스 unit_commando_grenade.spriteatlasv2 · 코드가 이름을 조립해 꺼낸다(template)
사용(동적)	Assets/BaseResource/Unit/commando_grenade/unit_commando_grenade_s_die1.png	10135	아틀라스 unit_commando_grenade.spriteatlasv2 · 코드가 이름을 조립해 꺼낸다(template)
사용(동적)	Assets/BaseResource/Unit/commando_grenade/unit_commando_grenade_s_die2.png	5562	아틀라스 unit_commando_grenade.spriteatlasv2 · 코드가 이름을 조립해 꺼낸다(template)
사용(동적)	Assets/BaseResource/Unit/commando_grenade/unit_commando_grenade_s_hit.png	8607	아틀라스 unit_commando_grenade.spriteatlasv2 · 코드가 이름을 조립해 꺼낸다(template)
사용(동적)	Assets/BaseResource/Unit/commando_grenade/unit_commando_grenade_s_walk1.png	7173	아틀라스 unit_commando_grenade.spriteatlasv2 · 코드가 이름을 조립해 꺼낸다(template)
사용(동적)	Assets/BaseResource/Unit/commando_grenade/unit_commando_grenade_s_walk2.png	7315	아틀라스 unit_commando_grenade.spriteatlasv2 · 코드가 이름을 조립해 꺼낸다(template)
사용(동적)	Assets/BaseResource/Unit/commando_grenade/unit_commando_grenade_se.png	7727	아틀라스 unit_commando_grenade.spriteatlasv2 · 코드가 이름을 조립해 꺼낸다(template)
사용(동적)	Assets/BaseResource/Unit/commando_grenade/unit_commando_grenade_se_atk1.png	8878	아틀라스 unit_commando_grenade.spriteatlasv2 · 코드가 이름을 조립해 꺼낸다(template)
사용(동적)	Assets/BaseResource/Unit/commando_grenade/unit_commando_grenade_se_atk2.png	7207	아틀라스 unit_commando_grenade.spriteatlasv2 · 코드가 이름을 조립해 꺼낸다(template)
사용(동적)	Assets/BaseResource/Unit/commando_grenade/unit_commando_grenade_se_die1.png	12171	아틀라스 unit_commando_grenade.spriteatlasv2 · 코드가 이름을 조립해 꺼낸다(template)
사용(동적)	Assets/BaseResource/Unit/commando_grenade/unit_commando_grenade_se_die2.png	6794	아틀라스 unit_commando_grenade.spriteatlasv2 · 코드가 이름을 조립해 꺼낸다(template)
사용(동적)	Assets/BaseResource/Unit/commando_grenade/unit_commando_grenade_se_hit.png	8547	아틀라스 unit_commando_grenade.spriteatlasv2 · 코드가 이름을 조립해 꺼낸다(template)
사용(동적)	Assets/BaseResource/Unit/commando_grenade/unit_commando_grenade_se_walk1.png	7231	아틀라스 unit_commando_grenade.spriteatlasv2 · 코드가 이름을 조립해 꺼낸다(template)
사용(동적)	Assets/BaseResource/Unit/commando_grenade/unit_commando_grenade_se_walk2.png	6773	아틀라스 unit_commando_grenade.spriteatlasv2 · 코드가 이름을 조립해 꺼낸다(template)
사용(동적)	Assets/BaseResource/Unit/commando_laser/unit_commando_laser_e.png	6862	아틀라스 unit_commando_laser.spriteatlasv2 · 코드가 이름을 조립해 꺼낸다(template)
사용(동적)	Assets/BaseResource/Unit/commando_laser/unit_commando_laser_e_atk1.png	7577	아틀라스 unit_commando_laser.spriteatlasv2 · 코드가 이름을 조립해 꺼낸다(template)
사용(동적)	Assets/BaseResource/Unit/commando_laser/unit_commando_laser_e_atk2.png	7455	아틀라스 unit_commando_laser.spriteatlasv2 · 코드가 이름을 조립해 꺼낸다(template)
사용(동적)	Assets/BaseResource/Unit/commando_laser/unit_commando_laser_e_die1.png	9704	아틀라스 unit_commando_laser.spriteatlasv2 · 코드가 이름을 조립해 꺼낸다(template)
사용(동적)	Assets/BaseResource/Unit/commando_laser/unit_commando_laser_e_die2.png	4685	아틀라스 unit_commando_laser.spriteatlasv2 · 코드가 이름을 조립해 꺼낸다(template)
사용(동적)	Assets/BaseResource/Unit/commando_laser/unit_commando_laser_e_hit.png	6932	아틀라스 unit_commando_laser.spriteatlasv2 · 코드가 이름을 조립해 꺼낸다(template)
사용(동적)	Assets/BaseResource/Unit/commando_laser/unit_commando_laser_e_walk1.png	7182	아틀라스 unit_commando_laser.spriteatlasv2 · 코드가 이름을 조립해 꺼낸다(template)
사용(동적)	Assets/BaseResource/Unit/commando_laser/unit_commando_laser_e_walk2.png	6701	아틀라스 unit_commando_laser.spriteatlasv2 · 코드가 이름을 조립해 꺼낸다(template)
사용(동적)	Assets/BaseResource/Unit/commando_laser/unit_commando_laser_n.png	6970	아틀라스 unit_commando_laser.spriteatlasv2 · 코드가 이름을 조립해 꺼낸다(template)
사용(동적)	Assets/BaseResource/Unit/commando_laser/unit_commando_laser_n_atk1.png	7359	아틀라스 unit_commando_laser.spriteatlasv2 · 코드가 이름을 조립해 꺼낸다(template)
사용(동적)	Assets/BaseResource/Unit/commando_laser/unit_commando_laser_n_atk2.png	7813	아틀라스 unit_commando_laser.spriteatlasv2 · 코드가 이름을 조립해 꺼낸다(template)
사용(동적)	Assets/BaseResource/Unit/commando_laser/unit_commando_laser_n_die1.png	9740	아틀라스 unit_commando_laser.spriteatlasv2 · 코드가 이름을 조립해 꺼낸다(template)
사용(동적)	Assets/BaseResource/Unit/commando_laser/unit_commando_laser_n_die2.png	5763	아틀라스 unit_commando_laser.spriteatlasv2 · 코드가 이름을 조립해 꺼낸다(template)
사용(동적)	Assets/BaseResource/Unit/commando_laser/unit_commando_laser_n_hit.png	8237	아틀라스 unit_commando_laser.spriteatlasv2 · 코드가 이름을 조립해 꺼낸다(template)
사용(동적)	Assets/BaseResource/Unit/commando_laser/unit_commando_laser_n_walk1.png	6326	아틀라스 unit_commando_laser.spriteatlasv2 · 코드가 이름을 조립해 꺼낸다(template)
사용(동적)	Assets/BaseResource/Unit/commando_laser/unit_commando_laser_n_walk2.png	6001	아틀라스 unit_commando_laser.spriteatlasv2 · 코드가 이름을 조립해 꺼낸다(template)
사용(동적)	Assets/BaseResource/Unit/commando_laser/unit_commando_laser_ne.png	7569	아틀라스 unit_commando_laser.spriteatlasv2 · 코드가 이름을 조립해 꺼낸다(template)
사용(동적)	Assets/BaseResource/Unit/commando_laser/unit_commando_laser_ne_atk1.png	8173	아틀라스 unit_commando_laser.spriteatlasv2 · 코드가 이름을 조립해 꺼낸다(template)
사용(동적)	Assets/BaseResource/Unit/commando_laser/unit_commando_laser_ne_atk2.png	7770	아틀라스 unit_commando_laser.spriteatlasv2 · 코드가 이름을 조립해 꺼낸다(template)
사용(동적)	Assets/BaseResource/Unit/commando_laser/unit_commando_laser_ne_die1.png	8243	아틀라스 unit_commando_laser.spriteatlasv2 · 코드가 이름을 조립해 꺼낸다(template)
사용(동적)	Assets/BaseResource/Unit/commando_laser/unit_commando_laser_ne_die2.png	6118	아틀라스 unit_commando_laser.spriteatlasv2 · 코드가 이름을 조립해 꺼낸다(template)
사용(동적)	Assets/BaseResource/Unit/commando_laser/unit_commando_laser_ne_hit.png	8399	아틀라스 unit_commando_laser.spriteatlasv2 · 코드가 이름을 조립해 꺼낸다(template)
사용(동적)	Assets/BaseResource/Unit/commando_laser/unit_commando_laser_ne_walk1.png	8036	아틀라스 unit_commando_laser.spriteatlasv2 · 코드가 이름을 조립해 꺼낸다(template)
사용(동적)	Assets/BaseResource/Unit/commando_laser/unit_commando_laser_ne_walk2.png	6654	아틀라스 unit_commando_laser.spriteatlasv2 · 코드가 이름을 조립해 꺼낸다(template)
사용(동적)	Assets/BaseResource/Unit/commando_laser/unit_commando_laser_possess1.png	1591	아틀라스 unit_commando_laser.spriteatlasv2 · 코드가 이름을 조립해 꺼낸다(template)
사용(동적)	Assets/BaseResource/Unit/commando_laser/unit_commando_laser_possess2.png	1613	아틀라스 unit_commando_laser.spriteatlasv2 · 코드가 이름을 조립해 꺼낸다(template)
사용(동적)	Assets/BaseResource/Unit/commando_laser/unit_commando_laser_s.png	6719	아틀라스 unit_commando_laser.spriteatlasv2 · 코드가 이름을 조립해 꺼낸다(template)
사용(동적)	Assets/BaseResource/Unit/commando_laser/unit_commando_laser_s_atk1.png	7049	아틀라스 unit_commando_laser.spriteatlasv2 · 코드가 이름을 조립해 꺼낸다(template)
사용(동적)	Assets/BaseResource/Unit/commando_laser/unit_commando_laser_s_atk2.png	7107	아틀라스 unit_commando_laser.spriteatlasv2 · 코드가 이름을 조립해 꺼낸다(template)
사용(동적)	Assets/BaseResource/Unit/commando_laser/unit_commando_laser_s_die1.png	8135	아틀라스 unit_commando_laser.spriteatlasv2 · 코드가 이름을 조립해 꺼낸다(template)
사용(동적)	Assets/BaseResource/Unit/commando_laser/unit_commando_laser_s_die2.png	6700	아틀라스 unit_commando_laser.spriteatlasv2 · 코드가 이름을 조립해 꺼낸다(template)
사용(동적)	Assets/BaseResource/Unit/commando_laser/unit_commando_laser_s_hit.png	8425	아틀라스 unit_commando_laser.spriteatlasv2 · 코드가 이름을 조립해 꺼낸다(template)
사용(동적)	Assets/BaseResource/Unit/commando_laser/unit_commando_laser_s_walk1.png	6349	아틀라스 unit_commando_laser.spriteatlasv2 · 코드가 이름을 조립해 꺼낸다(template)
사용(동적)	Assets/BaseResource/Unit/commando_laser/unit_commando_laser_s_walk2.png	6300	아틀라스 unit_commando_laser.spriteatlasv2 · 코드가 이름을 조립해 꺼낸다(template)
사용(동적)	Assets/BaseResource/Unit/commando_laser/unit_commando_laser_se.png	7103	아틀라스 unit_commando_laser.spriteatlasv2 · 코드가 이름을 조립해 꺼낸다(template)
사용(동적)	Assets/BaseResource/Unit/commando_laser/unit_commando_laser_se_atk1.png	7374	아틀라스 unit_commando_laser.spriteatlasv2 · 코드가 이름을 조립해 꺼낸다(template)
사용(동적)	Assets/BaseResource/Unit/commando_laser/unit_commando_laser_se_atk2.png	7211	아틀라스 unit_commando_laser.spriteatlasv2 · 코드가 이름을 조립해 꺼낸다(template)
사용(동적)	Assets/BaseResource/Unit/commando_laser/unit_commando_laser_se_die1.png	9029	아틀라스 unit_commando_laser.spriteatlasv2 · 코드가 이름을 조립해 꺼낸다(template)
사용(동적)	Assets/BaseResource/Unit/commando_laser/unit_commando_laser_se_die2.png	6793	아틀라스 unit_commando_laser.spriteatlasv2 · 코드가 이름을 조립해 꺼낸다(template)
사용(동적)	Assets/BaseResource/Unit/commando_laser/unit_commando_laser_se_hit.png	7282	아틀라스 unit_commando_laser.spriteatlasv2 · 코드가 이름을 조립해 꺼낸다(template)
사용(동적)	Assets/BaseResource/Unit/commando_laser/unit_commando_laser_se_walk1.png	7124	아틀라스 unit_commando_laser.spriteatlasv2 · 코드가 이름을 조립해 꺼낸다(template)
사용(동적)	Assets/BaseResource/Unit/commando_laser/unit_commando_laser_se_walk2.png	6437	아틀라스 unit_commando_laser.spriteatlasv2 · 코드가 이름을 조립해 꺼낸다(template)
사용(동적)	Assets/BaseResource/Unit/commando_mg/unit_commando_mg_e.png	7312	아틀라스 unit_commando_mg.spriteatlasv2 · 코드가 이름을 조립해 꺼낸다(template)
사용(동적)	Assets/BaseResource/Unit/commando_mg/unit_commando_mg_e_atk1.png	8341	아틀라스 unit_commando_mg.spriteatlasv2 · 코드가 이름을 조립해 꺼낸다(template)
사용(동적)	Assets/BaseResource/Unit/commando_mg/unit_commando_mg_e_atk2.png	7626	아틀라스 unit_commando_mg.spriteatlasv2 · 코드가 이름을 조립해 꺼낸다(template)
사용(동적)	Assets/BaseResource/Unit/commando_mg/unit_commando_mg_e_die1.png	10495	아틀라스 unit_commando_mg.spriteatlasv2 · 코드가 이름을 조립해 꺼낸다(template)
사용(동적)	Assets/BaseResource/Unit/commando_mg/unit_commando_mg_e_die2.png	5588	아틀라스 unit_commando_mg.spriteatlasv2 · 코드가 이름을 조립해 꺼낸다(template)
사용(동적)	Assets/BaseResource/Unit/commando_mg/unit_commando_mg_e_hit.png	7167	아틀라스 unit_commando_mg.spriteatlasv2 · 코드가 이름을 조립해 꺼낸다(template)
사용(동적)	Assets/BaseResource/Unit/commando_mg/unit_commando_mg_e_walk1.png	7526	아틀라스 unit_commando_mg.spriteatlasv2 · 코드가 이름을 조립해 꺼낸다(template)
사용(동적)	Assets/BaseResource/Unit/commando_mg/unit_commando_mg_e_walk2.png	7045	아틀라스 unit_commando_mg.spriteatlasv2 · 코드가 이름을 조립해 꺼낸다(template)
사용(동적)	Assets/BaseResource/Unit/commando_mg/unit_commando_mg_n.png	6639	아틀라스 unit_commando_mg.spriteatlasv2 · 코드가 이름을 조립해 꺼낸다(template)
사용(동적)	Assets/BaseResource/Unit/commando_mg/unit_commando_mg_n_atk1.png	7530	아틀라스 unit_commando_mg.spriteatlasv2 · 코드가 이름을 조립해 꺼낸다(template)
사용(동적)	Assets/BaseResource/Unit/commando_mg/unit_commando_mg_n_atk2.png	7200	아틀라스 unit_commando_mg.spriteatlasv2 · 코드가 이름을 조립해 꺼낸다(template)
사용(동적)	Assets/BaseResource/Unit/commando_mg/unit_commando_mg_n_die1.png	9247	아틀라스 unit_commando_mg.spriteatlasv2 · 코드가 이름을 조립해 꺼낸다(template)
사용(동적)	Assets/BaseResource/Unit/commando_mg/unit_commando_mg_n_die2.png	5605	아틀라스 unit_commando_mg.spriteatlasv2 · 코드가 이름을 조립해 꺼낸다(template)
사용(동적)	Assets/BaseResource/Unit/commando_mg/unit_commando_mg_n_hit.png	7113	아틀라스 unit_commando_mg.spriteatlasv2 · 코드가 이름을 조립해 꺼낸다(template)
사용(동적)	Assets/BaseResource/Unit/commando_mg/unit_commando_mg_n_walk1.png	5896	아틀라스 unit_commando_mg.spriteatlasv2 · 코드가 이름을 조립해 꺼낸다(template)
사용(동적)	Assets/BaseResource/Unit/commando_mg/unit_commando_mg_n_walk2.png	6183	아틀라스 unit_commando_mg.spriteatlasv2 · 코드가 이름을 조립해 꺼낸다(template)
사용(동적)	Assets/BaseResource/Unit/commando_mg/unit_commando_mg_ne.png	6639	아틀라스 unit_commando_mg.spriteatlasv2 · 코드가 이름을 조립해 꺼낸다(template)
사용(동적)	Assets/BaseResource/Unit/commando_mg/unit_commando_mg_ne_atk1.png	7530	아틀라스 unit_commando_mg.spriteatlasv2 · 코드가 이름을 조립해 꺼낸다(template)
사용(동적)	Assets/BaseResource/Unit/commando_mg/unit_commando_mg_ne_atk2.png	7200	아틀라스 unit_commando_mg.spriteatlasv2 · 코드가 이름을 조립해 꺼낸다(template)
사용(동적)	Assets/BaseResource/Unit/commando_mg/unit_commando_mg_ne_die1.png	9247	아틀라스 unit_commando_mg.spriteatlasv2 · 코드가 이름을 조립해 꺼낸다(template)
사용(동적)	Assets/BaseResource/Unit/commando_mg/unit_commando_mg_ne_die2.png	5605	아틀라스 unit_commando_mg.spriteatlasv2 · 코드가 이름을 조립해 꺼낸다(template)
사용(동적)	Assets/BaseResource/Unit/commando_mg/unit_commando_mg_ne_hit.png	7113	아틀라스 unit_commando_mg.spriteatlasv2 · 코드가 이름을 조립해 꺼낸다(template)
사용(동적)	Assets/BaseResource/Unit/commando_mg/unit_commando_mg_ne_walk1.png	5896	아틀라스 unit_commando_mg.spriteatlasv2 · 코드가 이름을 조립해 꺼낸다(template)
사용(동적)	Assets/BaseResource/Unit/commando_mg/unit_commando_mg_ne_walk2.png	6183	아틀라스 unit_commando_mg.spriteatlasv2 · 코드가 이름을 조립해 꺼낸다(template)
사용(동적)	Assets/BaseResource/Unit/commando_mg/unit_commando_mg_possess1.png	1594	아틀라스 unit_commando_mg.spriteatlasv2 · 코드가 이름을 조립해 꺼낸다(template)
사용(동적)	Assets/BaseResource/Unit/commando_mg/unit_commando_mg_possess2.png	1600	아틀라스 unit_commando_mg.spriteatlasv2 · 코드가 이름을 조립해 꺼낸다(template)
사용(동적)	Assets/BaseResource/Unit/commando_mg/unit_commando_mg_s.png	6540	아틀라스 unit_commando_mg.spriteatlasv2 · 코드가 이름을 조립해 꺼낸다(template)
사용(동적)	Assets/BaseResource/Unit/commando_mg/unit_commando_mg_s_atk1.png	8063	아틀라스 unit_commando_mg.spriteatlasv2 · 코드가 이름을 조립해 꺼낸다(template)
사용(동적)	Assets/BaseResource/Unit/commando_mg/unit_commando_mg_s_atk2.png	7395	아틀라스 unit_commando_mg.spriteatlasv2 · 코드가 이름을 조립해 꺼낸다(template)
사용(동적)	Assets/BaseResource/Unit/commando_mg/unit_commando_mg_s_die1.png	11272	아틀라스 unit_commando_mg.spriteatlasv2 · 코드가 이름을 조립해 꺼낸다(template)
사용(동적)	Assets/BaseResource/Unit/commando_mg/unit_commando_mg_s_die2.png	6246	아틀라스 unit_commando_mg.spriteatlasv2 · 코드가 이름을 조립해 꺼낸다(template)
사용(동적)	Assets/BaseResource/Unit/commando_mg/unit_commando_mg_s_hit.png	9707	아틀라스 unit_commando_mg.spriteatlasv2 · 코드가 이름을 조립해 꺼낸다(template)
사용(동적)	Assets/BaseResource/Unit/commando_mg/unit_commando_mg_s_walk1.png	6518	아틀라스 unit_commando_mg.spriteatlasv2 · 코드가 이름을 조립해 꺼낸다(template)
사용(동적)	Assets/BaseResource/Unit/commando_mg/unit_commando_mg_s_walk2.png	6597	아틀라스 unit_commando_mg.spriteatlasv2 · 코드가 이름을 조립해 꺼낸다(template)
사용(동적)	Assets/BaseResource/Unit/commando_mg/unit_commando_mg_se.png	7031	아틀라스 unit_commando_mg.spriteatlasv2 · 코드가 이름을 조립해 꺼낸다(template)
사용(동적)	Assets/BaseResource/Unit/commando_mg/unit_commando_mg_se_atk1.png	8066	아틀라스 unit_commando_mg.spriteatlasv2 · 코드가 이름을 조립해 꺼낸다(template)
사용(동적)	Assets/BaseResource/Unit/commando_mg/unit_commando_mg_se_atk2.png	7782	아틀라스 unit_commando_mg.spriteatlasv2 · 코드가 이름을 조립해 꺼낸다(template)
사용(동적)	Assets/BaseResource/Unit/commando_mg/unit_commando_mg_se_die1.png	9656	아틀라스 unit_commando_mg.spriteatlasv2 · 코드가 이름을 조립해 꺼낸다(template)
사용(동적)	Assets/BaseResource/Unit/commando_mg/unit_commando_mg_se_die2.png	7510	아틀라스 unit_commando_mg.spriteatlasv2 · 코드가 이름을 조립해 꺼낸다(template)
사용(동적)	Assets/BaseResource/Unit/commando_mg/unit_commando_mg_se_hit.png	8050	아틀라스 unit_commando_mg.spriteatlasv2 · 코드가 이름을 조립해 꺼낸다(template)
사용(동적)	Assets/BaseResource/Unit/commando_mg/unit_commando_mg_se_walk1.png	7062	아틀라스 unit_commando_mg.spriteatlasv2 · 코드가 이름을 조립해 꺼낸다(template)
사용(동적)	Assets/BaseResource/Unit/commando_mg/unit_commando_mg_se_walk2.png	7186	아틀라스 unit_commando_mg.spriteatlasv2 · 코드가 이름을 조립해 꺼낸다(template)
사용(동적)	Assets/BaseResource/Unit/commando_missile/unit_commando_missile_e.png	7168	아틀라스 unit_commando_missile.spriteatlasv2 · 코드가 이름을 조립해 꺼낸다(template)
사용(동적)	Assets/BaseResource/Unit/commando_missile/unit_commando_missile_e_atk1.png	8329	아틀라스 unit_commando_missile.spriteatlasv2 · 코드가 이름을 조립해 꺼낸다(template)
사용(동적)	Assets/BaseResource/Unit/commando_missile/unit_commando_missile_e_atk2.png	8797	아틀라스 unit_commando_missile.spriteatlasv2 · 코드가 이름을 조립해 꺼낸다(template)
사용(동적)	Assets/BaseResource/Unit/commando_missile/unit_commando_missile_e_die1.png	8826	아틀라스 unit_commando_missile.spriteatlasv2 · 코드가 이름을 조립해 꺼낸다(template)
사용(동적)	Assets/BaseResource/Unit/commando_missile/unit_commando_missile_e_die2.png	5104	아틀라스 unit_commando_missile.spriteatlasv2 · 코드가 이름을 조립해 꺼낸다(template)
사용(동적)	Assets/BaseResource/Unit/commando_missile/unit_commando_missile_e_hit.png	8102	아틀라스 unit_commando_missile.spriteatlasv2 · 코드가 이름을 조립해 꺼낸다(template)
사용(동적)	Assets/BaseResource/Unit/commando_missile/unit_commando_missile_e_walk1.png	7396	아틀라스 unit_commando_missile.spriteatlasv2 · 코드가 이름을 조립해 꺼낸다(template)
사용(동적)	Assets/BaseResource/Unit/commando_missile/unit_commando_missile_e_walk2.png	7178	아틀라스 unit_commando_missile.spriteatlasv2 · 코드가 이름을 조립해 꺼낸다(template)
사용(동적)	Assets/BaseResource/Unit/commando_missile/unit_commando_missile_n.png	7078	아틀라스 unit_commando_missile.spriteatlasv2 · 코드가 이름을 조립해 꺼낸다(template)
사용(동적)	Assets/BaseResource/Unit/commando_missile/unit_commando_missile_n_atk1.png	8381	아틀라스 unit_commando_missile.spriteatlasv2 · 코드가 이름을 조립해 꺼낸다(template)
사용(동적)	Assets/BaseResource/Unit/commando_missile/unit_commando_missile_n_atk2.png	7434	아틀라스 unit_commando_missile.spriteatlasv2 · 코드가 이름을 조립해 꺼낸다(template)
사용(동적)	Assets/BaseResource/Unit/commando_missile/unit_commando_missile_n_die1.png	8716	아틀라스 unit_commando_missile.spriteatlasv2 · 코드가 이름을 조립해 꺼낸다(template)
사용(동적)	Assets/BaseResource/Unit/commando_missile/unit_commando_missile_n_die2.png	5654	아틀라스 unit_commando_missile.spriteatlasv2 · 코드가 이름을 조립해 꺼낸다(template)
사용(동적)	Assets/BaseResource/Unit/commando_missile/unit_commando_missile_n_hit.png	8007	아틀라스 unit_commando_missile.spriteatlasv2 · 코드가 이름을 조립해 꺼낸다(template)
사용(동적)	Assets/BaseResource/Unit/commando_missile/unit_commando_missile_n_walk1.png	6302	아틀라스 unit_commando_missile.spriteatlasv2 · 코드가 이름을 조립해 꺼낸다(template)
사용(동적)	Assets/BaseResource/Unit/commando_missile/unit_commando_missile_n_walk2.png	7023	아틀라스 unit_commando_missile.spriteatlasv2 · 코드가 이름을 조립해 꺼낸다(template)
사용(동적)	Assets/BaseResource/Unit/commando_missile/unit_commando_missile_ne.png	7304	아틀라스 unit_commando_missile.spriteatlasv2 · 코드가 이름을 조립해 꺼낸다(template)
사용(동적)	Assets/BaseResource/Unit/commando_missile/unit_commando_missile_ne_atk1.png	8411	아틀라스 unit_commando_missile.spriteatlasv2 · 코드가 이름을 조립해 꺼낸다(template)
사용(동적)	Assets/BaseResource/Unit/commando_missile/unit_commando_missile_ne_atk2.png	8387	아틀라스 unit_commando_missile.spriteatlasv2 · 코드가 이름을 조립해 꺼낸다(template)
사용(동적)	Assets/BaseResource/Unit/commando_missile/unit_commando_missile_ne_die1.png	9582	아틀라스 unit_commando_missile.spriteatlasv2 · 코드가 이름을 조립해 꺼낸다(template)
사용(동적)	Assets/BaseResource/Unit/commando_missile/unit_commando_missile_ne_die2.png	5553	아틀라스 unit_commando_missile.spriteatlasv2 · 코드가 이름을 조립해 꺼낸다(template)
사용(동적)	Assets/BaseResource/Unit/commando_missile/unit_commando_missile_ne_hit.png	9190	아틀라스 unit_commando_missile.spriteatlasv2 · 코드가 이름을 조립해 꺼낸다(template)
사용(동적)	Assets/BaseResource/Unit/commando_missile/unit_commando_missile_ne_walk1.png	7435	아틀라스 unit_commando_missile.spriteatlasv2 · 코드가 이름을 조립해 꺼낸다(template)
사용(동적)	Assets/BaseResource/Unit/commando_missile/unit_commando_missile_ne_walk2.png	7009	아틀라스 unit_commando_missile.spriteatlasv2 · 코드가 이름을 조립해 꺼낸다(template)
사용(동적)	Assets/BaseResource/Unit/commando_missile/unit_commando_missile_possess1.png	3966	아틀라스 unit_commando_missile.spriteatlasv2 · 코드가 이름을 조립해 꺼낸다(template)
사용(동적)	Assets/BaseResource/Unit/commando_missile/unit_commando_missile_possess2.png	4056	아틀라스 unit_commando_missile.spriteatlasv2 · 코드가 이름을 조립해 꺼낸다(template)
사용(동적)	Assets/BaseResource/Unit/commando_missile/unit_commando_missile_s.png	6972	아틀라스 unit_commando_missile.spriteatlasv2 · 코드가 이름을 조립해 꺼낸다(template)
사용(동적)	Assets/BaseResource/Unit/commando_missile/unit_commando_missile_s_atk1.png	7313	아틀라스 unit_commando_missile.spriteatlasv2 · 코드가 이름을 조립해 꺼낸다(template)
사용(동적)	Assets/BaseResource/Unit/commando_missile/unit_commando_missile_s_atk2.png	7424	아틀라스 unit_commando_missile.spriteatlasv2 · 코드가 이름을 조립해 꺼낸다(template)
사용(동적)	Assets/BaseResource/Unit/commando_missile/unit_commando_missile_s_die1.png	8897	아틀라스 unit_commando_missile.spriteatlasv2 · 코드가 이름을 조립해 꺼낸다(template)
사용(동적)	Assets/BaseResource/Unit/commando_missile/unit_commando_missile_s_die2.png	7768	아틀라스 unit_commando_missile.spriteatlasv2 · 코드가 이름을 조립해 꺼낸다(template)
사용(동적)	Assets/BaseResource/Unit/commando_missile/unit_commando_missile_s_hit.png	8234	아틀라스 unit_commando_missile.spriteatlasv2 · 코드가 이름을 조립해 꺼낸다(template)
사용(동적)	Assets/BaseResource/Unit/commando_missile/unit_commando_missile_s_walk1.png	6672	아틀라스 unit_commando_missile.spriteatlasv2 · 코드가 이름을 조립해 꺼낸다(template)
사용(동적)	Assets/BaseResource/Unit/commando_missile/unit_commando_missile_s_walk2.png	6750	아틀라스 unit_commando_missile.spriteatlasv2 · 코드가 이름을 조립해 꺼낸다(template)
사용(동적)	Assets/BaseResource/Unit/commando_missile/unit_commando_missile_se.png	7949	아틀라스 unit_commando_missile.spriteatlasv2 · 코드가 이름을 조립해 꺼낸다(template)
사용(동적)	Assets/BaseResource/Unit/commando_missile/unit_commando_missile_se_atk1.png	9430	아틀라스 unit_commando_missile.spriteatlasv2 · 코드가 이름을 조립해 꺼낸다(template)
사용(동적)	Assets/BaseResource/Unit/commando_missile/unit_commando_missile_se_atk2.png	9429	아틀라스 unit_commando_missile.spriteatlasv2 · 코드가 이름을 조립해 꺼낸다(template)
사용(동적)	Assets/BaseResource/Unit/commando_missile/unit_commando_missile_se_die1.png	9288	아틀라스 unit_commando_missile.spriteatlasv2 · 코드가 이름을 조립해 꺼낸다(template)
사용(동적)	Assets/BaseResource/Unit/commando_missile/unit_commando_missile_se_die2.png	7017	아틀라스 unit_commando_missile.spriteatlasv2 · 코드가 이름을 조립해 꺼낸다(template)
사용(동적)	Assets/BaseResource/Unit/commando_missile/unit_commando_missile_se_hit.png	9179	아틀라스 unit_commando_missile.spriteatlasv2 · 코드가 이름을 조립해 꺼낸다(template)
사용(동적)	Assets/BaseResource/Unit/commando_missile/unit_commando_missile_se_walk1.png	7545	아틀라스 unit_commando_missile.spriteatlasv2 · 코드가 이름을 조립해 꺼낸다(template)
사용(동적)	Assets/BaseResource/Unit/commando_missile/unit_commando_missile_se_walk2.png	7598	아틀라스 unit_commando_missile.spriteatlasv2 · 코드가 이름을 조립해 꺼낸다(template)
사용(동적)	Assets/BaseResource/Unit/crusher/unit_crusher_e_atk1.png	21484	아틀라스 unit_crusher.spriteatlasv2 · 코드가 이름을 조립해 꺼낸다(template)
사용(동적)	Assets/BaseResource/Unit/crusher/unit_crusher_e_atk2.png	18504	아틀라스 unit_crusher.spriteatlasv2 · 코드가 이름을 조립해 꺼낸다(template)
사용(동적)	Assets/BaseResource/Unit/crusher/unit_crusher_e_die1.png	15985	아틀라스 unit_crusher.spriteatlasv2 · 코드가 이름을 조립해 꺼낸다(template)
사용(동적)	Assets/BaseResource/Unit/crusher/unit_crusher_e_die2.png	13153	아틀라스 unit_crusher.spriteatlasv2 · 코드가 이름을 조립해 꺼낸다(template)
사용(동적)	Assets/BaseResource/Unit/crusher/unit_crusher_e_hit.png	4022	아틀라스 unit_crusher.spriteatlasv2 · 코드가 이름을 조립해 꺼낸다(template)
사용(동적)	Assets/BaseResource/Unit/crusher/unit_crusher_e_walk1.png	20767	아틀라스 unit_crusher.spriteatlasv2 · 코드가 이름을 조립해 꺼낸다(template)
사용(동적)	Assets/BaseResource/Unit/crusher/unit_crusher_e_walk2.png	21167	아틀라스 unit_crusher.spriteatlasv2 · 코드가 이름을 조립해 꺼낸다(template)
사용(동적)	Assets/BaseResource/Unit/crusher/unit_crusher_n.png	10244	아틀라스 unit_crusher.spriteatlasv2 · 코드가 이름을 조립해 꺼낸다(template)
사용(동적)	Assets/BaseResource/Unit/crusher/unit_crusher_n_atk1.png	12196	아틀라스 unit_crusher.spriteatlasv2 · 코드가 이름을 조립해 꺼낸다(template)
사용(동적)	Assets/BaseResource/Unit/crusher/unit_crusher_n_atk2.png	9466	아틀라스 unit_crusher.spriteatlasv2 · 코드가 이름을 조립해 꺼낸다(template)
사용(동적)	Assets/BaseResource/Unit/crusher/unit_crusher_n_die1.png	10481	아틀라스 unit_crusher.spriteatlasv2 · 코드가 이름을 조립해 꺼낸다(template)
사용(동적)	Assets/BaseResource/Unit/crusher/unit_crusher_n_die2.png	7626	아틀라스 unit_crusher.spriteatlasv2 · 코드가 이름을 조립해 꺼낸다(template)
사용(동적)	Assets/BaseResource/Unit/crusher/unit_crusher_n_hit.png	832	아틀라스 unit_crusher.spriteatlasv2 · 코드가 이름을 조립해 꺼낸다(template)
사용(동적)	Assets/BaseResource/Unit/crusher/unit_crusher_n_walk1.png	11603	아틀라스 unit_crusher.spriteatlasv2 · 코드가 이름을 조립해 꺼낸다(template)
사용(동적)	Assets/BaseResource/Unit/crusher/unit_crusher_n_walk2.png	8941	아틀라스 unit_crusher.spriteatlasv2 · 코드가 이름을 조립해 꺼낸다(template)
사용(동적)	Assets/BaseResource/Unit/crusher/unit_crusher_ne.png	12602	아틀라스 unit_crusher.spriteatlasv2 · 코드가 이름을 조립해 꺼낸다(template)
사용(동적)	Assets/BaseResource/Unit/crusher/unit_crusher_ne_atk1.png	14696	아틀라스 unit_crusher.spriteatlasv2 · 코드가 이름을 조립해 꺼낸다(template)
사용(동적)	Assets/BaseResource/Unit/crusher/unit_crusher_ne_atk2.png	13430	아틀라스 unit_crusher.spriteatlasv2 · 코드가 이름을 조립해 꺼낸다(template)
사용(동적)	Assets/BaseResource/Unit/crusher/unit_crusher_ne_die1.png	14351	아틀라스 unit_crusher.spriteatlasv2 · 코드가 이름을 조립해 꺼낸다(template)
사용(동적)	Assets/BaseResource/Unit/crusher/unit_crusher_ne_die2.png	7453	아틀라스 unit_crusher.spriteatlasv2 · 코드가 이름을 조립해 꺼낸다(template)
사용(동적)	Assets/BaseResource/Unit/crusher/unit_crusher_ne_hit.png	879	아틀라스 unit_crusher.spriteatlasv2 · 코드가 이름을 조립해 꺼낸다(template)
사용(동적)	Assets/BaseResource/Unit/crusher/unit_crusher_ne_walk1.png	15365	아틀라스 unit_crusher.spriteatlasv2 · 코드가 이름을 조립해 꺼낸다(template)
사용(동적)	Assets/BaseResource/Unit/crusher/unit_crusher_ne_walk2.png	14901	아틀라스 unit_crusher.spriteatlasv2 · 코드가 이름을 조립해 꺼낸다(template)
사용(동적)	Assets/BaseResource/Unit/crusher/unit_crusher_s.png	17967	아틀라스 unit_crusher.spriteatlasv2 · 코드가 이름을 조립해 꺼낸다(template)
사용(동적)	Assets/BaseResource/Unit/crusher/unit_crusher_s_atk1.png	18087	아틀라스 unit_crusher.spriteatlasv2 · 코드가 이름을 조립해 꺼낸다(template)
사용(동적)	Assets/BaseResource/Unit/crusher/unit_crusher_s_atk2.png	22045	아틀라스 unit_crusher.spriteatlasv2 · 코드가 이름을 조립해 꺼낸다(template)
사용(동적)	Assets/BaseResource/Unit/crusher/unit_crusher_s_die1.png	14989	아틀라스 unit_crusher.spriteatlasv2 · 코드가 이름을 조립해 꺼낸다(template)
사용(동적)	Assets/BaseResource/Unit/crusher/unit_crusher_s_die2.png	12939	아틀라스 unit_crusher.spriteatlasv2 · 코드가 이름을 조립해 꺼낸다(template)
사용(동적)	Assets/BaseResource/Unit/crusher/unit_crusher_s_hit.png	4165	아틀라스 unit_crusher.spriteatlasv2 · 코드가 이름을 조립해 꺼낸다(template)
사용(동적)	Assets/BaseResource/Unit/crusher/unit_crusher_s_tell.png	16745	아틀라스 unit_crusher.spriteatlasv2 · 코드가 이름을 조립해 꺼낸다(template)
사용(동적)	Assets/BaseResource/Unit/crusher/unit_crusher_s_walk1.png	19366	아틀라스 unit_crusher.spriteatlasv2 · 코드가 이름을 조립해 꺼낸다(template)
사용(동적)	Assets/BaseResource/Unit/crusher/unit_crusher_s_walk2.png	19026	아틀라스 unit_crusher.spriteatlasv2 · 코드가 이름을 조립해 꺼낸다(template)
사용(동적)	Assets/BaseResource/Unit/crusher/unit_crusher_se_atk1.png	22750	아틀라스 unit_crusher.spriteatlasv2 · 코드가 이름을 조립해 꺼낸다(template)
사용(동적)	Assets/BaseResource/Unit/crusher/unit_crusher_se_atk2.png	19159	아틀라스 unit_crusher.spriteatlasv2 · 코드가 이름을 조립해 꺼낸다(template)
사용(동적)	Assets/BaseResource/Unit/crusher/unit_crusher_se_die1.png	17214	아틀라스 unit_crusher.spriteatlasv2 · 코드가 이름을 조립해 꺼낸다(template)
사용(동적)	Assets/BaseResource/Unit/crusher/unit_crusher_se_die2.png	11596	아틀라스 unit_crusher.spriteatlasv2 · 코드가 이름을 조립해 꺼낸다(template)
사용(동적)	Assets/BaseResource/Unit/crusher/unit_crusher_se_hit.png	4749	아틀라스 unit_crusher.spriteatlasv2 · 코드가 이름을 조립해 꺼낸다(template)
사용(동적)	Assets/BaseResource/Unit/crusher/unit_crusher_se_walk1.png	21524	아틀라스 unit_crusher.spriteatlasv2 · 코드가 이름을 조립해 꺼낸다(template)
사용(동적)	Assets/BaseResource/Unit/crusher/unit_crusher_se_walk2.png	21569	아틀라스 unit_crusher.spriteatlasv2 · 코드가 이름을 조립해 꺼낸다(template)
사용(동적)	Assets/BaseResource/Unit/death/unit_death_e.png	7393	아틀라스 unit_death.spriteatlasv2 · 코드가 이름을 조립해 꺼낸다(template)
사용(동적)	Assets/BaseResource/Unit/death/unit_death_e_atk1.png	7398	아틀라스 unit_death.spriteatlasv2 · 코드가 이름을 조립해 꺼낸다(template)
사용(동적)	Assets/BaseResource/Unit/death/unit_death_e_atk2.png	7578	아틀라스 unit_death.spriteatlasv2 · 코드가 이름을 조립해 꺼낸다(template)
사용(동적)	Assets/BaseResource/Unit/death/unit_death_e_die1.png	10374	아틀라스 unit_death.spriteatlasv2 · 코드가 이름을 조립해 꺼낸다(template)
사용(동적)	Assets/BaseResource/Unit/death/unit_death_e_die2.png	6013	아틀라스 unit_death.spriteatlasv2 · 코드가 이름을 조립해 꺼낸다(template)
사용(동적)	Assets/BaseResource/Unit/death/unit_death_e_hit.png	7958	아틀라스 unit_death.spriteatlasv2 · 코드가 이름을 조립해 꺼낸다(template)
사용(동적)	Assets/BaseResource/Unit/death/unit_death_e_walk1.png	8027	아틀라스 unit_death.spriteatlasv2 · 코드가 이름을 조립해 꺼낸다(template)
사용(동적)	Assets/BaseResource/Unit/death/unit_death_e_walk2.png	6431	아틀라스 unit_death.spriteatlasv2 · 코드가 이름을 조립해 꺼낸다(template)
사용(동적)	Assets/BaseResource/Unit/death/unit_death_n.png	7244	아틀라스 unit_death.spriteatlasv2 · 코드가 이름을 조립해 꺼낸다(template)
사용(동적)	Assets/BaseResource/Unit/death/unit_death_n_atk1.png	7934	아틀라스 unit_death.spriteatlasv2 · 코드가 이름을 조립해 꺼낸다(template)
사용(동적)	Assets/BaseResource/Unit/death/unit_death_n_atk2.png	6850	아틀라스 unit_death.spriteatlasv2 · 코드가 이름을 조립해 꺼낸다(template)
사용(동적)	Assets/BaseResource/Unit/death/unit_death_n_die1.png	9324	아틀라스 unit_death.spriteatlasv2 · 코드가 이름을 조립해 꺼낸다(template)
사용(동적)	Assets/BaseResource/Unit/death/unit_death_n_die2.png	6475	아틀라스 unit_death.spriteatlasv2 · 코드가 이름을 조립해 꺼낸다(template)
사용(동적)	Assets/BaseResource/Unit/death/unit_death_n_hit.png	7338	아틀라스 unit_death.spriteatlasv2 · 코드가 이름을 조립해 꺼낸다(template)
사용(동적)	Assets/BaseResource/Unit/death/unit_death_n_walk1.png	6780	아틀라스 unit_death.spriteatlasv2 · 코드가 이름을 조립해 꺼낸다(template)
사용(동적)	Assets/BaseResource/Unit/death/unit_death_n_walk2.png	6821	아틀라스 unit_death.spriteatlasv2 · 코드가 이름을 조립해 꺼낸다(template)
사용(동적)	Assets/BaseResource/Unit/death/unit_death_ne.png	8698	아틀라스 unit_death.spriteatlasv2 · 코드가 이름을 조립해 꺼낸다(template)
사용(동적)	Assets/BaseResource/Unit/death/unit_death_ne_atk1.png	7533	아틀라스 unit_death.spriteatlasv2 · 코드가 이름을 조립해 꺼낸다(template)
사용(동적)	Assets/BaseResource/Unit/death/unit_death_ne_atk2.png	9380	아틀라스 unit_death.spriteatlasv2 · 코드가 이름을 조립해 꺼낸다(template)
사용(동적)	Assets/BaseResource/Unit/death/unit_death_ne_die1.png	11755	아틀라스 unit_death.spriteatlasv2 · 코드가 이름을 조립해 꺼낸다(template)
사용(동적)	Assets/BaseResource/Unit/death/unit_death_ne_die2.png	9116	아틀라스 unit_death.spriteatlasv2 · 코드가 이름을 조립해 꺼낸다(template)
사용(동적)	Assets/BaseResource/Unit/death/unit_death_ne_hit.png	11491	아틀라스 unit_death.spriteatlasv2 · 코드가 이름을 조립해 꺼낸다(template)
사용(동적)	Assets/BaseResource/Unit/death/unit_death_ne_walk1.png	8956	아틀라스 unit_death.spriteatlasv2 · 코드가 이름을 조립해 꺼낸다(template)
사용(동적)	Assets/BaseResource/Unit/death/unit_death_ne_walk2.png	7500	아틀라스 unit_death.spriteatlasv2 · 코드가 이름을 조립해 꺼낸다(template)
사용(동적)	Assets/BaseResource/Unit/death/unit_death_possess1.png	4913	아틀라스 unit_death.spriteatlasv2 · 코드가 이름을 조립해 꺼낸다(template)
사용(동적)	Assets/BaseResource/Unit/death/unit_death_possess2.png	4378	아틀라스 unit_death.spriteatlasv2 · 코드가 이름을 조립해 꺼낸다(template)
사용(동적)	Assets/BaseResource/Unit/death/unit_death_s.png	9244	아틀라스 unit_death.spriteatlasv2 · 코드가 이름을 조립해 꺼낸다(template)
사용(동적)	Assets/BaseResource/Unit/death/unit_death_s_atk1.png	8501	아틀라스 unit_death.spriteatlasv2 · 코드가 이름을 조립해 꺼낸다(template)
사용(동적)	Assets/BaseResource/Unit/death/unit_death_s_atk2.png	8945	아틀라스 unit_death.spriteatlasv2 · 코드가 이름을 조립해 꺼낸다(template)
사용(동적)	Assets/BaseResource/Unit/death/unit_death_s_die1.png	11043	아틀라스 unit_death.spriteatlasv2 · 코드가 이름을 조립해 꺼낸다(template)
사용(동적)	Assets/BaseResource/Unit/death/unit_death_s_die2.png	7343	아틀라스 unit_death.spriteatlasv2 · 코드가 이름을 조립해 꺼낸다(template)
사용(동적)	Assets/BaseResource/Unit/death/unit_death_s_hit.png	10959	아틀라스 unit_death.spriteatlasv2 · 코드가 이름을 조립해 꺼낸다(template)
사용(동적)	Assets/BaseResource/Unit/death/unit_death_s_walk1.png	8747	아틀라스 unit_death.spriteatlasv2 · 코드가 이름을 조립해 꺼낸다(template)
사용(동적)	Assets/BaseResource/Unit/death/unit_death_s_walk2.png	8688	아틀라스 unit_death.spriteatlasv2 · 코드가 이름을 조립해 꺼낸다(template)
사용(동적)	Assets/BaseResource/Unit/death/unit_death_se.png	7126	아틀라스 unit_death.spriteatlasv2 · 코드가 이름을 조립해 꺼낸다(template)
사용(동적)	Assets/BaseResource/Unit/death/unit_death_se_atk1.png	8293	아틀라스 unit_death.spriteatlasv2 · 코드가 이름을 조립해 꺼낸다(template)
사용(동적)	Assets/BaseResource/Unit/death/unit_death_se_atk2.png	6310	아틀라스 unit_death.spriteatlasv2 · 코드가 이름을 조립해 꺼낸다(template)
사용(동적)	Assets/BaseResource/Unit/death/unit_death_se_die1.png	8729	아틀라스 unit_death.spriteatlasv2 · 코드가 이름을 조립해 꺼낸다(template)
사용(동적)	Assets/BaseResource/Unit/death/unit_death_se_die2.png	8885	아틀라스 unit_death.spriteatlasv2 · 코드가 이름을 조립해 꺼낸다(template)
사용(동적)	Assets/BaseResource/Unit/death/unit_death_se_hit.png	8637	아틀라스 unit_death.spriteatlasv2 · 코드가 이름을 조립해 꺼낸다(template)
사용(동적)	Assets/BaseResource/Unit/death/unit_death_se_walk1.png	9261	아틀라스 unit_death.spriteatlasv2 · 코드가 이름을 조립해 꺼낸다(template)
사용(동적)	Assets/BaseResource/Unit/death/unit_death_se_walk2.png	7029	아틀라스 unit_death.spriteatlasv2 · 코드가 이름을 조립해 꺼낸다(template)
사용(동적)	Assets/BaseResource/Unit/dragon_blue/unit_dragon_blue_e.png	8466	아틀라스 unit_dragon_blue.spriteatlasv2 · 코드가 이름을 조립해 꺼낸다(template)
사용(동적)	Assets/BaseResource/Unit/dragon_blue/unit_dragon_blue_e_atk1.png	10461	아틀라스 unit_dragon_blue.spriteatlasv2 · 코드가 이름을 조립해 꺼낸다(template)
사용(동적)	Assets/BaseResource/Unit/dragon_blue/unit_dragon_blue_e_atk2.png	9342	아틀라스 unit_dragon_blue.spriteatlasv2 · 코드가 이름을 조립해 꺼낸다(template)
사용(동적)	Assets/BaseResource/Unit/dragon_blue/unit_dragon_blue_e_die1.png	8230	아틀라스 unit_dragon_blue.spriteatlasv2 · 코드가 이름을 조립해 꺼낸다(template)
사용(동적)	Assets/BaseResource/Unit/dragon_blue/unit_dragon_blue_e_die2.png	7230	아틀라스 unit_dragon_blue.spriteatlasv2 · 코드가 이름을 조립해 꺼낸다(template)
사용(동적)	Assets/BaseResource/Unit/dragon_blue/unit_dragon_blue_e_hit.png	10381	아틀라스 unit_dragon_blue.spriteatlasv2 · 코드가 이름을 조립해 꺼낸다(template)
사용(동적)	Assets/BaseResource/Unit/dragon_blue/unit_dragon_blue_e_walk1.png	8307	아틀라스 unit_dragon_blue.spriteatlasv2 · 코드가 이름을 조립해 꺼낸다(template)
사용(동적)	Assets/BaseResource/Unit/dragon_blue/unit_dragon_blue_e_walk2.png	7772	아틀라스 unit_dragon_blue.spriteatlasv2 · 코드가 이름을 조립해 꺼낸다(template)
사용(동적)	Assets/BaseResource/Unit/dragon_blue/unit_dragon_blue_n.png	6514	아틀라스 unit_dragon_blue.spriteatlasv2 · 코드가 이름을 조립해 꺼낸다(template)
사용(동적)	Assets/BaseResource/Unit/dragon_blue/unit_dragon_blue_n_atk1.png	7394	아틀라스 unit_dragon_blue.spriteatlasv2 · 코드가 이름을 조립해 꺼낸다(template)
사용(동적)	Assets/BaseResource/Unit/dragon_blue/unit_dragon_blue_n_atk2.png	7246	아틀라스 unit_dragon_blue.spriteatlasv2 · 코드가 이름을 조립해 꺼낸다(template)
사용(동적)	Assets/BaseResource/Unit/dragon_blue/unit_dragon_blue_n_die1.png	8797	아틀라스 unit_dragon_blue.spriteatlasv2 · 코드가 이름을 조립해 꺼낸다(template)
사용(동적)	Assets/BaseResource/Unit/dragon_blue/unit_dragon_blue_n_die2.png	7478	아틀라스 unit_dragon_blue.spriteatlasv2 · 코드가 이름을 조립해 꺼낸다(template)
사용(동적)	Assets/BaseResource/Unit/dragon_blue/unit_dragon_blue_n_hit.png	10026	아틀라스 unit_dragon_blue.spriteatlasv2 · 코드가 이름을 조립해 꺼낸다(template)
사용(동적)	Assets/BaseResource/Unit/dragon_blue/unit_dragon_blue_n_walk1.png	6081	아틀라스 unit_dragon_blue.spriteatlasv2 · 코드가 이름을 조립해 꺼낸다(template)
사용(동적)	Assets/BaseResource/Unit/dragon_blue/unit_dragon_blue_n_walk2.png	5892	아틀라스 unit_dragon_blue.spriteatlasv2 · 코드가 이름을 조립해 꺼낸다(template)
사용(동적)	Assets/BaseResource/Unit/dragon_blue/unit_dragon_blue_ne.png	7354	아틀라스 unit_dragon_blue.spriteatlasv2 · 코드가 이름을 조립해 꺼낸다(template)
사용(동적)	Assets/BaseResource/Unit/dragon_blue/unit_dragon_blue_ne_atk1.png	7462	아틀라스 unit_dragon_blue.spriteatlasv2 · 코드가 이름을 조립해 꺼낸다(template)
사용(동적)	Assets/BaseResource/Unit/dragon_blue/unit_dragon_blue_ne_atk2.png	6995	아틀라스 unit_dragon_blue.spriteatlasv2 · 코드가 이름을 조립해 꺼낸다(template)
사용(동적)	Assets/BaseResource/Unit/dragon_blue/unit_dragon_blue_ne_die1.png	7486	아틀라스 unit_dragon_blue.spriteatlasv2 · 코드가 이름을 조립해 꺼낸다(template)
사용(동적)	Assets/BaseResource/Unit/dragon_blue/unit_dragon_blue_ne_die2.png	7460	아틀라스 unit_dragon_blue.spriteatlasv2 · 코드가 이름을 조립해 꺼낸다(template)
사용(동적)	Assets/BaseResource/Unit/dragon_blue/unit_dragon_blue_ne_hit.png	8021	아틀라스 unit_dragon_blue.spriteatlasv2 · 코드가 이름을 조립해 꺼낸다(template)
사용(동적)	Assets/BaseResource/Unit/dragon_blue/unit_dragon_blue_ne_walk1.png	7449	아틀라스 unit_dragon_blue.spriteatlasv2 · 코드가 이름을 조립해 꺼낸다(template)
사용(동적)	Assets/BaseResource/Unit/dragon_blue/unit_dragon_blue_ne_walk2.png	7041	아틀라스 unit_dragon_blue.spriteatlasv2 · 코드가 이름을 조립해 꺼낸다(template)
사용(동적)	Assets/BaseResource/Unit/dragon_blue/unit_dragon_blue_possess1.png	1707	아틀라스 unit_dragon_blue.spriteatlasv2 · 코드가 이름을 조립해 꺼낸다(template)
사용(동적)	Assets/BaseResource/Unit/dragon_blue/unit_dragon_blue_possess2.png	1680	아틀라스 unit_dragon_blue.spriteatlasv2 · 코드가 이름을 조립해 꺼낸다(template)
사용(동적)	Assets/BaseResource/Unit/dragon_blue/unit_dragon_blue_s.png	7552	아틀라스 unit_dragon_blue.spriteatlasv2 · 코드가 이름을 조립해 꺼낸다(template)
사용(동적)	Assets/BaseResource/Unit/dragon_blue/unit_dragon_blue_s_atk1.png	10198	아틀라스 unit_dragon_blue.spriteatlasv2 · 코드가 이름을 조립해 꺼낸다(template)
사용(동적)	Assets/BaseResource/Unit/dragon_blue/unit_dragon_blue_s_atk2.png	8676	아틀라스 unit_dragon_blue.spriteatlasv2 · 코드가 이름을 조립해 꺼낸다(template)
사용(동적)	Assets/BaseResource/Unit/dragon_blue/unit_dragon_blue_s_die1.png	9050	아틀라스 unit_dragon_blue.spriteatlasv2 · 코드가 이름을 조립해 꺼낸다(template)
사용(동적)	Assets/BaseResource/Unit/dragon_blue/unit_dragon_blue_s_die2.png	7344	아틀라스 unit_dragon_blue.spriteatlasv2 · 코드가 이름을 조립해 꺼낸다(template)
사용(동적)	Assets/BaseResource/Unit/dragon_blue/unit_dragon_blue_s_hit.png	9122	아틀라스 unit_dragon_blue.spriteatlasv2 · 코드가 이름을 조립해 꺼낸다(template)
사용(동적)	Assets/BaseResource/Unit/dragon_blue/unit_dragon_blue_s_walk1.png	7119	아틀라스 unit_dragon_blue.spriteatlasv2 · 코드가 이름을 조립해 꺼낸다(template)
사용(동적)	Assets/BaseResource/Unit/dragon_blue/unit_dragon_blue_s_walk2.png	6866	아틀라스 unit_dragon_blue.spriteatlasv2 · 코드가 이름을 조립해 꺼낸다(template)
사용(동적)	Assets/BaseResource/Unit/dragon_blue/unit_dragon_blue_se.png	8057	아틀라스 unit_dragon_blue.spriteatlasv2 · 코드가 이름을 조립해 꺼낸다(template)
사용(동적)	Assets/BaseResource/Unit/dragon_blue/unit_dragon_blue_se_atk1.png	10075	아틀라스 unit_dragon_blue.spriteatlasv2 · 코드가 이름을 조립해 꺼낸다(template)
사용(동적)	Assets/BaseResource/Unit/dragon_blue/unit_dragon_blue_se_atk2.png	8959	아틀라스 unit_dragon_blue.spriteatlasv2 · 코드가 이름을 조립해 꺼낸다(template)
사용(동적)	Assets/BaseResource/Unit/dragon_blue/unit_dragon_blue_se_die1.png	7110	아틀라스 unit_dragon_blue.spriteatlasv2 · 코드가 이름을 조립해 꺼낸다(template)
사용(동적)	Assets/BaseResource/Unit/dragon_blue/unit_dragon_blue_se_die2.png	7011	아틀라스 unit_dragon_blue.spriteatlasv2 · 코드가 이름을 조립해 꺼낸다(template)
사용(동적)	Assets/BaseResource/Unit/dragon_blue/unit_dragon_blue_se_hit.png	8653	아틀라스 unit_dragon_blue.spriteatlasv2 · 코드가 이름을 조립해 꺼낸다(template)
사용(동적)	Assets/BaseResource/Unit/dragon_blue/unit_dragon_blue_se_walk1.png	7733	아틀라스 unit_dragon_blue.spriteatlasv2 · 코드가 이름을 조립해 꺼낸다(template)
사용(동적)	Assets/BaseResource/Unit/dragon_blue/unit_dragon_blue_se_walk2.png	8065	아틀라스 unit_dragon_blue.spriteatlasv2 · 코드가 이름을 조립해 꺼낸다(template)
사용(동적)	Assets/BaseResource/Unit/dragoon/unit_dragoon_e.png	7775	아틀라스 unit_dragoon.spriteatlasv2 · 코드가 이름을 조립해 꺼낸다(template)
사용(동적)	Assets/BaseResource/Unit/dragoon/unit_dragoon_e_atk1.png	8861	아틀라스 unit_dragoon.spriteatlasv2 · 코드가 이름을 조립해 꺼낸다(template)
사용(동적)	Assets/BaseResource/Unit/dragoon/unit_dragoon_e_atk2.png	8318	아틀라스 unit_dragoon.spriteatlasv2 · 코드가 이름을 조립해 꺼낸다(template)
사용(동적)	Assets/BaseResource/Unit/dragoon/unit_dragoon_e_die1.png	6280	아틀라스 unit_dragoon.spriteatlasv2 · 코드가 이름을 조립해 꺼낸다(template)
사용(동적)	Assets/BaseResource/Unit/dragoon/unit_dragoon_e_die2.png	6875	아틀라스 unit_dragoon.spriteatlasv2 · 코드가 이름을 조립해 꺼낸다(template)
사용(동적)	Assets/BaseResource/Unit/dragoon/unit_dragoon_e_hit.png	8864	아틀라스 unit_dragoon.spriteatlasv2 · 코드가 이름을 조립해 꺼낸다(template)
사용(동적)	Assets/BaseResource/Unit/dragoon/unit_dragoon_e_walk1.png	8053	아틀라스 unit_dragoon.spriteatlasv2 · 코드가 이름을 조립해 꺼낸다(template)
사용(동적)	Assets/BaseResource/Unit/dragoon/unit_dragoon_e_walk2.png	7090	아틀라스 unit_dragoon.spriteatlasv2 · 코드가 이름을 조립해 꺼낸다(template)
사용(동적)	Assets/BaseResource/Unit/dragoon/unit_dragoon_n.png	6984	아틀라스 unit_dragoon.spriteatlasv2 · 코드가 이름을 조립해 꺼낸다(template)
사용(동적)	Assets/BaseResource/Unit/dragoon/unit_dragoon_n_atk1.png	8765	아틀라스 unit_dragoon.spriteatlasv2 · 코드가 이름을 조립해 꺼낸다(template)
사용(동적)	Assets/BaseResource/Unit/dragoon/unit_dragoon_n_atk2.png	7490	아틀라스 unit_dragoon.spriteatlasv2 · 코드가 이름을 조립해 꺼낸다(template)
사용(동적)	Assets/BaseResource/Unit/dragoon/unit_dragoon_n_die1.png	7029	아틀라스 unit_dragoon.spriteatlasv2 · 코드가 이름을 조립해 꺼낸다(template)
사용(동적)	Assets/BaseResource/Unit/dragoon/unit_dragoon_n_die2.png	9382	아틀라스 unit_dragoon.spriteatlasv2 · 코드가 이름을 조립해 꺼낸다(template)
사용(동적)	Assets/BaseResource/Unit/dragoon/unit_dragoon_n_hit.png	7932	아틀라스 unit_dragoon.spriteatlasv2 · 코드가 이름을 조립해 꺼낸다(template)
사용(동적)	Assets/BaseResource/Unit/dragoon/unit_dragoon_n_walk1.png	6670	아틀라스 unit_dragoon.spriteatlasv2 · 코드가 이름을 조립해 꺼낸다(template)
사용(동적)	Assets/BaseResource/Unit/dragoon/unit_dragoon_n_walk2.png	6568	아틀라스 unit_dragoon.spriteatlasv2 · 코드가 이름을 조립해 꺼낸다(template)
사용(동적)	Assets/BaseResource/Unit/dragoon/unit_dragoon_ne.png	7486	아틀라스 unit_dragoon.spriteatlasv2 · 코드가 이름을 조립해 꺼낸다(template)
사용(동적)	Assets/BaseResource/Unit/dragoon/unit_dragoon_ne_atk1.png	8879	아틀라스 unit_dragoon.spriteatlasv2 · 코드가 이름을 조립해 꺼낸다(template)
사용(동적)	Assets/BaseResource/Unit/dragoon/unit_dragoon_ne_atk2.png	8274	아틀라스 unit_dragoon.spriteatlasv2 · 코드가 이름을 조립해 꺼낸다(template)
사용(동적)	Assets/BaseResource/Unit/dragoon/unit_dragoon_ne_die1.png	7578	아틀라스 unit_dragoon.spriteatlasv2 · 코드가 이름을 조립해 꺼낸다(template)
사용(동적)	Assets/BaseResource/Unit/dragoon/unit_dragoon_ne_die2.png	7002	아틀라스 unit_dragoon.spriteatlasv2 · 코드가 이름을 조립해 꺼낸다(template)
사용(동적)	Assets/BaseResource/Unit/dragoon/unit_dragoon_ne_hit.png	7937	아틀라스 unit_dragoon.spriteatlasv2 · 코드가 이름을 조립해 꺼낸다(template)
사용(동적)	Assets/BaseResource/Unit/dragoon/unit_dragoon_ne_walk1.png	7630	아틀라스 unit_dragoon.spriteatlasv2 · 코드가 이름을 조립해 꺼낸다(template)
사용(동적)	Assets/BaseResource/Unit/dragoon/unit_dragoon_ne_walk2.png	7427	아틀라스 unit_dragoon.spriteatlasv2 · 코드가 이름을 조립해 꺼낸다(template)
사용(동적)	Assets/BaseResource/Unit/dragoon/unit_dragoon_possess1.png	1781	아틀라스 unit_dragoon.spriteatlasv2 · 코드가 이름을 조립해 꺼낸다(template)
사용(동적)	Assets/BaseResource/Unit/dragoon/unit_dragoon_possess2.png	1784	아틀라스 unit_dragoon.spriteatlasv2 · 코드가 이름을 조립해 꺼낸다(template)
사용(동적)	Assets/BaseResource/Unit/dragoon/unit_dragoon_s.png	7852	아틀라스 unit_dragoon.spriteatlasv2 · 코드가 이름을 조립해 꺼낸다(template)
사용(동적)	Assets/BaseResource/Unit/dragoon/unit_dragoon_s_atk1.png	8434	아틀라스 unit_dragoon.spriteatlasv2 · 코드가 이름을 조립해 꺼낸다(template)
사용(동적)	Assets/BaseResource/Unit/dragoon/unit_dragoon_s_atk2.png	7375	아틀라스 unit_dragoon.spriteatlasv2 · 코드가 이름을 조립해 꺼낸다(template)
사용(동적)	Assets/BaseResource/Unit/dragoon/unit_dragoon_s_die1.png	7341	아틀라스 unit_dragoon.spriteatlasv2 · 코드가 이름을 조립해 꺼낸다(template)
사용(동적)	Assets/BaseResource/Unit/dragoon/unit_dragoon_s_die2.png	6775	아틀라스 unit_dragoon.spriteatlasv2 · 코드가 이름을 조립해 꺼낸다(template)
사용(동적)	Assets/BaseResource/Unit/dragoon/unit_dragoon_s_hit.png	9051	아틀라스 unit_dragoon.spriteatlasv2 · 코드가 이름을 조립해 꺼낸다(template)
사용(동적)	Assets/BaseResource/Unit/dragoon/unit_dragoon_s_walk1.png	7475	아틀라스 unit_dragoon.spriteatlasv2 · 코드가 이름을 조립해 꺼낸다(template)
사용(동적)	Assets/BaseResource/Unit/dragoon/unit_dragoon_s_walk2.png	7323	아틀라스 unit_dragoon.spriteatlasv2 · 코드가 이름을 조립해 꺼낸다(template)
사용(동적)	Assets/BaseResource/Unit/dragoon/unit_dragoon_se.png	7544	아틀라스 unit_dragoon.spriteatlasv2 · 코드가 이름을 조립해 꺼낸다(template)
사용(동적)	Assets/BaseResource/Unit/dragoon/unit_dragoon_se_atk1.png	8364	아틀라스 unit_dragoon.spriteatlasv2 · 코드가 이름을 조립해 꺼낸다(template)
사용(동적)	Assets/BaseResource/Unit/dragoon/unit_dragoon_se_atk2.png	7950	아틀라스 unit_dragoon.spriteatlasv2 · 코드가 이름을 조립해 꺼낸다(template)
사용(동적)	Assets/BaseResource/Unit/dragoon/unit_dragoon_se_die1.png	7699	아틀라스 unit_dragoon.spriteatlasv2 · 코드가 이름을 조립해 꺼낸다(template)
사용(동적)	Assets/BaseResource/Unit/dragoon/unit_dragoon_se_die2.png	7874	아틀라스 unit_dragoon.spriteatlasv2 · 코드가 이름을 조립해 꺼낸다(template)
사용(동적)	Assets/BaseResource/Unit/dragoon/unit_dragoon_se_hit.png	8897	아틀라스 unit_dragoon.spriteatlasv2 · 코드가 이름을 조립해 꺼낸다(template)
사용(동적)	Assets/BaseResource/Unit/dragoon/unit_dragoon_se_walk1.png	7724	아틀라스 unit_dragoon.spriteatlasv2 · 코드가 이름을 조립해 꺼낸다(template)
사용(동적)	Assets/BaseResource/Unit/dragoon/unit_dragoon_se_walk2.png	7164	아틀라스 unit_dragoon.spriteatlasv2 · 코드가 이름을 조립해 꺼낸다(template)
사용(동적)	Assets/BaseResource/Unit/gangster/unit_gangster_e.png	8448	아틀라스 unit_gangster.spriteatlasv2 · 코드가 이름을 조립해 꺼낸다(template)
사용(동적)	Assets/BaseResource/Unit/gangster/unit_gangster_e_atk1.png	9182	아틀라스 unit_gangster.spriteatlasv2 · 코드가 이름을 조립해 꺼낸다(template)
사용(동적)	Assets/BaseResource/Unit/gangster/unit_gangster_e_atk2.png	10439	아틀라스 unit_gangster.spriteatlasv2 · 코드가 이름을 조립해 꺼낸다(template)
사용(동적)	Assets/BaseResource/Unit/gangster/unit_gangster_e_die1.png	9700	아틀라스 unit_gangster.spriteatlasv2 · 코드가 이름을 조립해 꺼낸다(template)
사용(동적)	Assets/BaseResource/Unit/gangster/unit_gangster_e_die2.png	8357	아틀라스 unit_gangster.spriteatlasv2 · 코드가 이름을 조립해 꺼낸다(template)
사용(동적)	Assets/BaseResource/Unit/gangster/unit_gangster_e_hit.png	10116	아틀라스 unit_gangster.spriteatlasv2 · 코드가 이름을 조립해 꺼낸다(template)
사용(동적)	Assets/BaseResource/Unit/gangster/unit_gangster_e_walk1.png	8781	아틀라스 unit_gangster.spriteatlasv2 · 코드가 이름을 조립해 꺼낸다(template)
사용(동적)	Assets/BaseResource/Unit/gangster/unit_gangster_e_walk2.png	8368	아틀라스 unit_gangster.spriteatlasv2 · 코드가 이름을 조립해 꺼낸다(template)
사용(동적)	Assets/BaseResource/Unit/gangster/unit_gangster_n.png	8431	아틀라스 unit_gangster.spriteatlasv2 · 코드가 이름을 조립해 꺼낸다(template)
사용(동적)	Assets/BaseResource/Unit/gangster/unit_gangster_n_atk1.png	9281	아틀라스 unit_gangster.spriteatlasv2 · 코드가 이름을 조립해 꺼낸다(template)
사용(동적)	Assets/BaseResource/Unit/gangster/unit_gangster_n_atk2.png	9085	아틀라스 unit_gangster.spriteatlasv2 · 코드가 이름을 조립해 꺼낸다(template)
사용(동적)	Assets/BaseResource/Unit/gangster/unit_gangster_n_die1.png	10123	아틀라스 unit_gangster.spriteatlasv2 · 코드가 이름을 조립해 꺼낸다(template)
사용(동적)	Assets/BaseResource/Unit/gangster/unit_gangster_n_die2.png	7282	아틀라스 unit_gangster.spriteatlasv2 · 코드가 이름을 조립해 꺼낸다(template)
사용(동적)	Assets/BaseResource/Unit/gangster/unit_gangster_n_hit.png	8462	아틀라스 unit_gangster.spriteatlasv2 · 코드가 이름을 조립해 꺼낸다(template)
사용(동적)	Assets/BaseResource/Unit/gangster/unit_gangster_n_walk1.png	7749	아틀라스 unit_gangster.spriteatlasv2 · 코드가 이름을 조립해 꺼낸다(template)
사용(동적)	Assets/BaseResource/Unit/gangster/unit_gangster_n_walk2.png	8545	아틀라스 unit_gangster.spriteatlasv2 · 코드가 이름을 조립해 꺼낸다(template)
사용(동적)	Assets/BaseResource/Unit/gangster/unit_gangster_ne.png	8291	아틀라스 unit_gangster.spriteatlasv2 · 코드가 이름을 조립해 꺼낸다(template)
사용(동적)	Assets/BaseResource/Unit/gangster/unit_gangster_ne_atk1.png	7998	아틀라스 unit_gangster.spriteatlasv2 · 코드가 이름을 조립해 꺼낸다(template)
사용(동적)	Assets/BaseResource/Unit/gangster/unit_gangster_ne_atk2.png	8856	아틀라스 unit_gangster.spriteatlasv2 · 코드가 이름을 조립해 꺼낸다(template)
사용(동적)	Assets/BaseResource/Unit/gangster/unit_gangster_ne_die1.png	10028	아틀라스 unit_gangster.spriteatlasv2 · 코드가 이름을 조립해 꺼낸다(template)
사용(동적)	Assets/BaseResource/Unit/gangster/unit_gangster_ne_die2.png	8497	아틀라스 unit_gangster.spriteatlasv2 · 코드가 이름을 조립해 꺼낸다(template)
사용(동적)	Assets/BaseResource/Unit/gangster/unit_gangster_ne_hit.png	8851	아틀라스 unit_gangster.spriteatlasv2 · 코드가 이름을 조립해 꺼낸다(template)
사용(동적)	Assets/BaseResource/Unit/gangster/unit_gangster_ne_walk1.png	7872	아틀라스 unit_gangster.spriteatlasv2 · 코드가 이름을 조립해 꺼낸다(template)
사용(동적)	Assets/BaseResource/Unit/gangster/unit_gangster_ne_walk2.png	7756	아틀라스 unit_gangster.spriteatlasv2 · 코드가 이름을 조립해 꺼낸다(template)
사용(동적)	Assets/BaseResource/Unit/gangster/unit_gangster_possess1.png	1757	아틀라스 unit_gangster.spriteatlasv2 · 코드가 이름을 조립해 꺼낸다(template)
사용(동적)	Assets/BaseResource/Unit/gangster/unit_gangster_possess2.png	1709	아틀라스 unit_gangster.spriteatlasv2 · 코드가 이름을 조립해 꺼낸다(template)
사용(동적)	Assets/BaseResource/Unit/gangster/unit_gangster_s.png	9284	아틀라스 unit_gangster.spriteatlasv2 · 코드가 이름을 조립해 꺼낸다(template)
사용(동적)	Assets/BaseResource/Unit/gangster/unit_gangster_s_atk1.png	9593	아틀라스 unit_gangster.spriteatlasv2 · 코드가 이름을 조립해 꺼낸다(template)
사용(동적)	Assets/BaseResource/Unit/gangster/unit_gangster_s_atk2.png	8312	아틀라스 unit_gangster.spriteatlasv2 · 코드가 이름을 조립해 꺼낸다(template)
사용(동적)	Assets/BaseResource/Unit/gangster/unit_gangster_s_die1.png	11090	아틀라스 unit_gangster.spriteatlasv2 · 코드가 이름을 조립해 꺼낸다(template)
사용(동적)	Assets/BaseResource/Unit/gangster/unit_gangster_s_die2.png	8112	아틀라스 unit_gangster.spriteatlasv2 · 코드가 이름을 조립해 꺼낸다(template)
사용(동적)	Assets/BaseResource/Unit/gangster/unit_gangster_s_hit.png	9099	아틀라스 unit_gangster.spriteatlasv2 · 코드가 이름을 조립해 꺼낸다(template)
사용(동적)	Assets/BaseResource/Unit/gangster/unit_gangster_s_walk1.png	8693	아틀라스 unit_gangster.spriteatlasv2 · 코드가 이름을 조립해 꺼낸다(template)
사용(동적)	Assets/BaseResource/Unit/gangster/unit_gangster_s_walk2.png	8907	아틀라스 unit_gangster.spriteatlasv2 · 코드가 이름을 조립해 꺼낸다(template)
사용(동적)	Assets/BaseResource/Unit/gangster/unit_gangster_se.png	8883	아틀라스 unit_gangster.spriteatlasv2 · 코드가 이름을 조립해 꺼낸다(template)
사용(동적)	Assets/BaseResource/Unit/gangster/unit_gangster_se_atk1.png	8657	아틀라스 unit_gangster.spriteatlasv2 · 코드가 이름을 조립해 꺼낸다(template)
사용(동적)	Assets/BaseResource/Unit/gangster/unit_gangster_se_atk2.png	9465	아틀라스 unit_gangster.spriteatlasv2 · 코드가 이름을 조립해 꺼낸다(template)
사용(동적)	Assets/BaseResource/Unit/gangster/unit_gangster_se_die1.png	9762	아틀라스 unit_gangster.spriteatlasv2 · 코드가 이름을 조립해 꺼낸다(template)
사용(동적)	Assets/BaseResource/Unit/gangster/unit_gangster_se_die2.png	8047	아틀라스 unit_gangster.spriteatlasv2 · 코드가 이름을 조립해 꺼낸다(template)
사용(동적)	Assets/BaseResource/Unit/gangster/unit_gangster_se_hit.png	9325	아틀라스 unit_gangster.spriteatlasv2 · 코드가 이름을 조립해 꺼낸다(template)
사용(동적)	Assets/BaseResource/Unit/gangster/unit_gangster_se_walk1.png	8231	아틀라스 unit_gangster.spriteatlasv2 · 코드가 이름을 조립해 꺼낸다(template)
사용(동적)	Assets/BaseResource/Unit/gangster/unit_gangster_se_walk2.png	9638	아틀라스 unit_gangster.spriteatlasv2 · 코드가 이름을 조립해 꺼낸다(template)
사용(동적)	Assets/BaseResource/Unit/ghost/unit_ghost_e.png	8381	아틀라스 unit_ghost.spriteatlasv2 · 코드가 이름을 조립해 꺼낸다(template)
사용(동적)	Assets/BaseResource/Unit/ghost/unit_ghost_e_atk1.png	7362	아틀라스 unit_ghost.spriteatlasv2 · 코드가 이름을 조립해 꺼낸다(template)
사용(동적)	Assets/BaseResource/Unit/ghost/unit_ghost_e_atk2.png	8215	아틀라스 unit_ghost.spriteatlasv2 · 코드가 이름을 조립해 꺼낸다(template)
사용(동적)	Assets/BaseResource/Unit/ghost/unit_ghost_e_die1.png	11277	아틀라스 unit_ghost.spriteatlasv2 · 코드가 이름을 조립해 꺼낸다(template)
사용(동적)	Assets/BaseResource/Unit/ghost/unit_ghost_e_die2.png	6234	아틀라스 unit_ghost.spriteatlasv2 · 코드가 이름을 조립해 꺼낸다(template)
사용(동적)	Assets/BaseResource/Unit/ghost/unit_ghost_e_hit.png	8541	아틀라스 unit_ghost.spriteatlasv2 · 코드가 이름을 조립해 꺼낸다(template)
사용(동적)	Assets/BaseResource/Unit/ghost/unit_ghost_e_walk1.png	7223	아틀라스 unit_ghost.spriteatlasv2 · 코드가 이름을 조립해 꺼낸다(template)
사용(동적)	Assets/BaseResource/Unit/ghost/unit_ghost_e_walk2.png	8262	아틀라스 unit_ghost.spriteatlasv2 · 코드가 이름을 조립해 꺼낸다(template)
사용(동적)	Assets/BaseResource/Unit/ghost/unit_ghost_n.png	8108	아틀라스 unit_ghost.spriteatlasv2 · 코드가 이름을 조립해 꺼낸다(template)
사용(동적)	Assets/BaseResource/Unit/ghost/unit_ghost_n_atk1.png	6162	아틀라스 unit_ghost.spriteatlasv2 · 코드가 이름을 조립해 꺼낸다(template)
사용(동적)	Assets/BaseResource/Unit/ghost/unit_ghost_n_atk2.png	6862	아틀라스 unit_ghost.spriteatlasv2 · 코드가 이름을 조립해 꺼낸다(template)
사용(동적)	Assets/BaseResource/Unit/ghost/unit_ghost_n_die1.png	9142	아틀라스 unit_ghost.spriteatlasv2 · 코드가 이름을 조립해 꺼낸다(template)
사용(동적)	Assets/BaseResource/Unit/ghost/unit_ghost_n_die2.png	7260	아틀라스 unit_ghost.spriteatlasv2 · 코드가 이름을 조립해 꺼낸다(template)
사용(동적)	Assets/BaseResource/Unit/ghost/unit_ghost_n_hit.png	7708	아틀라스 unit_ghost.spriteatlasv2 · 코드가 이름을 조립해 꺼낸다(template)
사용(동적)	Assets/BaseResource/Unit/ghost/unit_ghost_n_walk1.png	8382	아틀라스 unit_ghost.spriteatlasv2 · 코드가 이름을 조립해 꺼낸다(template)
사용(동적)	Assets/BaseResource/Unit/ghost/unit_ghost_n_walk2.png	8022	아틀라스 unit_ghost.spriteatlasv2 · 코드가 이름을 조립해 꺼낸다(template)
사용(동적)	Assets/BaseResource/Unit/ghost/unit_ghost_ne.png	8826	아틀라스 unit_ghost.spriteatlasv2 · 코드가 이름을 조립해 꺼낸다(template)
사용(동적)	Assets/BaseResource/Unit/ghost/unit_ghost_ne_atk1.png	7829	아틀라스 unit_ghost.spriteatlasv2 · 코드가 이름을 조립해 꺼낸다(template)
사용(동적)	Assets/BaseResource/Unit/ghost/unit_ghost_ne_atk2.png	8200	아틀라스 unit_ghost.spriteatlasv2 · 코드가 이름을 조립해 꺼낸다(template)
사용(동적)	Assets/BaseResource/Unit/ghost/unit_ghost_ne_die1.png	10907	아틀라스 unit_ghost.spriteatlasv2 · 코드가 이름을 조립해 꺼낸다(template)
사용(동적)	Assets/BaseResource/Unit/ghost/unit_ghost_ne_die2.png	8612	아틀라스 unit_ghost.spriteatlasv2 · 코드가 이름을 조립해 꺼낸다(template)
사용(동적)	Assets/BaseResource/Unit/ghost/unit_ghost_ne_hit.png	9400	아틀라스 unit_ghost.spriteatlasv2 · 코드가 이름을 조립해 꺼낸다(template)
사용(동적)	Assets/BaseResource/Unit/ghost/unit_ghost_ne_walk1.png	9025	아틀라스 unit_ghost.spriteatlasv2 · 코드가 이름을 조립해 꺼낸다(template)
사용(동적)	Assets/BaseResource/Unit/ghost/unit_ghost_ne_walk2.png	8451	아틀라스 unit_ghost.spriteatlasv2 · 코드가 이름을 조립해 꺼낸다(template)
사용(동적)	Assets/BaseResource/Unit/ghost/unit_ghost_s_atk1.png	8345	아틀라스 unit_ghost.spriteatlasv2 · 코드가 이름을 조립해 꺼낸다(template)
사용(동적)	Assets/BaseResource/Unit/ghost/unit_ghost_s_atk2.png	9789	아틀라스 unit_ghost.spriteatlasv2 · 코드가 이름을 조립해 꺼낸다(template)
사용(동적)	Assets/BaseResource/Unit/ghost/unit_ghost_s_die1.png	9581	아틀라스 unit_ghost.spriteatlasv2 · 코드가 이름을 조립해 꺼낸다(template)
사용(동적)	Assets/BaseResource/Unit/ghost/unit_ghost_s_die2.png	7840	아틀라스 unit_ghost.spriteatlasv2 · 코드가 이름을 조립해 꺼낸다(template)
사용(동적)	Assets/BaseResource/Unit/ghost/unit_ghost_s_hit.png	8910	아틀라스 unit_ghost.spriteatlasv2 · 코드가 이름을 조립해 꺼낸다(template)
사용(동적)	Assets/BaseResource/Unit/ghost/unit_ghost_se_atk1.png	9963	아틀라스 unit_ghost.spriteatlasv2 · 코드가 이름을 조립해 꺼낸다(template)
사용(동적)	Assets/BaseResource/Unit/ghost/unit_ghost_se_atk2.png	10154	아틀라스 unit_ghost.spriteatlasv2 · 코드가 이름을 조립해 꺼낸다(template)
사용(동적)	Assets/BaseResource/Unit/ghost/unit_ghost_se_die1.png	11151	아틀라스 unit_ghost.spriteatlasv2 · 코드가 이름을 조립해 꺼낸다(template)
사용(동적)	Assets/BaseResource/Unit/ghost/unit_ghost_se_die2.png	7963	아틀라스 unit_ghost.spriteatlasv2 · 코드가 이름을 조립해 꺼낸다(template)
사용(동적)	Assets/BaseResource/Unit/ghost/unit_ghost_se_hit.png	11763	아틀라스 unit_ghost.spriteatlasv2 · 코드가 이름을 조립해 꺼낸다(template)
사용(동적)	Assets/BaseResource/Unit/ghost/unit_ghost_se_walk1.png	10948	아틀라스 unit_ghost.spriteatlasv2 · 코드가 이름을 조립해 꺼낸다(template)
사용(동적)	Assets/BaseResource/Unit/ghost/unit_ghost_se_walk2.png	11555	아틀라스 unit_ghost.spriteatlasv2 · 코드가 이름을 조립해 꺼낸다(template)
사용(동적)	Assets/BaseResource/Unit/ghost/unit_ghost_shrink1.png	1282	아틀라스 unit_ghost.spriteatlasv2 · 코드가 이름을 조립해 꺼낸다(template)
사용(동적)	Assets/BaseResource/Unit/ghost/unit_ghost_shrink2.png	740	아틀라스 unit_ghost.spriteatlasv2 · 코드가 이름을 조립해 꺼낸다(template)
사용(동적)	Assets/BaseResource/Unit/ghost/unit_ghost_shrink3.png	440	아틀라스 unit_ghost.spriteatlasv2 · 코드가 이름을 조립해 꺼낸다(template)
사용(동적)	Assets/BaseResource/Unit/golem/unit_golem_blast_1.png	11443	아틀라스 unit_golem.spriteatlasv2 · 코드가 이름을 조립해 꺼낸다(template)
사용(동적)	Assets/BaseResource/Unit/golem/unit_golem_blast_2.png	16335	아틀라스 unit_golem.spriteatlasv2 · 코드가 이름을 조립해 꺼낸다(template)
사용(동적)	Assets/BaseResource/Unit/golem/unit_golem_e_atk1.png	9668	아틀라스 unit_golem.spriteatlasv2 · 코드가 이름을 조립해 꺼낸다(template)
사용(동적)	Assets/BaseResource/Unit/golem/unit_golem_e_atk2.png	10366	아틀라스 unit_golem.spriteatlasv2 · 코드가 이름을 조립해 꺼낸다(template)
사용(동적)	Assets/BaseResource/Unit/golem/unit_golem_e_die1.png	11862	아틀라스 unit_golem.spriteatlasv2 · 코드가 이름을 조립해 꺼낸다(template)
사용(동적)	Assets/BaseResource/Unit/golem/unit_golem_e_die2.png	6397	아틀라스 unit_golem.spriteatlasv2 · 코드가 이름을 조립해 꺼낸다(template)
사용(동적)	Assets/BaseResource/Unit/golem/unit_golem_e_hit.png	8631	아틀라스 unit_golem.spriteatlasv2 · 코드가 이름을 조립해 꺼낸다(template)
사용(동적)	Assets/BaseResource/Unit/golem/unit_golem_e_walk1.png	9006	아틀라스 unit_golem.spriteatlasv2 · 코드가 이름을 조립해 꺼낸다(template)
사용(동적)	Assets/BaseResource/Unit/golem/unit_golem_e_walk2.png	7779	아틀라스 unit_golem.spriteatlasv2 · 코드가 이름을 조립해 꺼낸다(template)
사용(동적)	Assets/BaseResource/Unit/golem/unit_golem_n.png	10343	아틀라스 unit_golem.spriteatlasv2 · 코드가 이름을 조립해 꺼낸다(template)
사용(동적)	Assets/BaseResource/Unit/golem/unit_golem_n_atk1.png	10632	아틀라스 unit_golem.spriteatlasv2 · 코드가 이름을 조립해 꺼낸다(template)
사용(동적)	Assets/BaseResource/Unit/golem/unit_golem_n_atk2.png	9665	아틀라스 unit_golem.spriteatlasv2 · 코드가 이름을 조립해 꺼낸다(template)
사용(동적)	Assets/BaseResource/Unit/golem/unit_golem_n_die1.png	12847	아틀라스 unit_golem.spriteatlasv2 · 코드가 이름을 조립해 꺼낸다(template)
사용(동적)	Assets/BaseResource/Unit/golem/unit_golem_n_die2.png	7489	아틀라스 unit_golem.spriteatlasv2 · 코드가 이름을 조립해 꺼낸다(template)
사용(동적)	Assets/BaseResource/Unit/golem/unit_golem_n_hit.png	11867	아틀라스 unit_golem.spriteatlasv2 · 코드가 이름을 조립해 꺼낸다(template)
사용(동적)	Assets/BaseResource/Unit/golem/unit_golem_n_walk1.png	8977	아틀라스 unit_golem.spriteatlasv2 · 코드가 이름을 조립해 꺼낸다(template)
사용(동적)	Assets/BaseResource/Unit/golem/unit_golem_n_walk2.png	9738	아틀라스 unit_golem.spriteatlasv2 · 코드가 이름을 조립해 꺼낸다(template)
사용(동적)	Assets/BaseResource/Unit/golem/unit_golem_ne.png	10069	아틀라스 unit_golem.spriteatlasv2 · 코드가 이름을 조립해 꺼낸다(template)
사용(동적)	Assets/BaseResource/Unit/golem/unit_golem_ne_atk1.png	9681	아틀라스 unit_golem.spriteatlasv2 · 코드가 이름을 조립해 꺼낸다(template)
사용(동적)	Assets/BaseResource/Unit/golem/unit_golem_ne_atk2.png	10111	아틀라스 unit_golem.spriteatlasv2 · 코드가 이름을 조립해 꺼낸다(template)
사용(동적)	Assets/BaseResource/Unit/golem/unit_golem_ne_die1.png	13251	아틀라스 unit_golem.spriteatlasv2 · 코드가 이름을 조립해 꺼낸다(template)
사용(동적)	Assets/BaseResource/Unit/golem/unit_golem_ne_die2.png	6719	아틀라스 unit_golem.spriteatlasv2 · 코드가 이름을 조립해 꺼낸다(template)
사용(동적)	Assets/BaseResource/Unit/golem/unit_golem_ne_hit.png	9249	아틀라스 unit_golem.spriteatlasv2 · 코드가 이름을 조립해 꺼낸다(template)
사용(동적)	Assets/BaseResource/Unit/golem/unit_golem_ne_walk1.png	9706	아틀라스 unit_golem.spriteatlasv2 · 코드가 이름을 조립해 꺼낸다(template)
사용(동적)	Assets/BaseResource/Unit/golem/unit_golem_ne_walk2.png	8849	아틀라스 unit_golem.spriteatlasv2 · 코드가 이름을 조립해 꺼낸다(template)
사용(동적)	Assets/BaseResource/Unit/golem/unit_golem_s.png	10520	아틀라스 unit_golem.spriteatlasv2 · 코드가 이름을 조립해 꺼낸다(template)
사용(동적)	Assets/BaseResource/Unit/golem/unit_golem_s_atk1.png	9983	아틀라스 unit_golem.spriteatlasv2 · 코드가 이름을 조립해 꺼낸다(template)
사용(동적)	Assets/BaseResource/Unit/golem/unit_golem_s_atk2.png	9478	아틀라스 unit_golem.spriteatlasv2 · 코드가 이름을 조립해 꺼낸다(template)
사용(동적)	Assets/BaseResource/Unit/golem/unit_golem_s_die1.png	9803	아틀라스 unit_golem.spriteatlasv2 · 코드가 이름을 조립해 꺼낸다(template)
사용(동적)	Assets/BaseResource/Unit/golem/unit_golem_s_die2.png	5880	아틀라스 unit_golem.spriteatlasv2 · 코드가 이름을 조립해 꺼낸다(template)
사용(동적)	Assets/BaseResource/Unit/golem/unit_golem_s_hit.png	11178	아틀라스 unit_golem.spriteatlasv2 · 코드가 이름을 조립해 꺼낸다(template)
사용(동적)	Assets/BaseResource/Unit/golem/unit_golem_s_walk1.png	9836	아틀라스 unit_golem.spriteatlasv2 · 코드가 이름을 조립해 꺼낸다(template)
사용(동적)	Assets/BaseResource/Unit/golem/unit_golem_s_walk2.png	9777	아틀라스 unit_golem.spriteatlasv2 · 코드가 이름을 조립해 꺼낸다(template)
사용(동적)	Assets/BaseResource/Unit/golem/unit_golem_se_atk1.png	9149	아틀라스 unit_golem.spriteatlasv2 · 코드가 이름을 조립해 꺼낸다(template)
사용(동적)	Assets/BaseResource/Unit/golem/unit_golem_se_atk2.png	9115	아틀라스 unit_golem.spriteatlasv2 · 코드가 이름을 조립해 꺼낸다(template)
사용(동적)	Assets/BaseResource/Unit/golem/unit_golem_se_die1.png	9193	아틀라스 unit_golem.spriteatlasv2 · 코드가 이름을 조립해 꺼낸다(template)
사용(동적)	Assets/BaseResource/Unit/golem/unit_golem_se_die2.png	5413	아틀라스 unit_golem.spriteatlasv2 · 코드가 이름을 조립해 꺼낸다(template)
사용(동적)	Assets/BaseResource/Unit/golem/unit_golem_se_hit.png	9064	아틀라스 unit_golem.spriteatlasv2 · 코드가 이름을 조립해 꺼낸다(template)
사용(동적)	Assets/BaseResource/Unit/golem/unit_golem_se_walk1.png	9138	아틀라스 unit_golem.spriteatlasv2 · 코드가 이름을 조립해 꺼낸다(template)
사용(동적)	Assets/BaseResource/Unit/golem/unit_golem_se_walk2.png	9222	아틀라스 unit_golem.spriteatlasv2 · 코드가 이름을 조립해 꺼낸다(template)
사용(동적)	Assets/BaseResource/Unit/guardian/unit_guardian_coil1.png	64730	아틀라스 unit_guardian.spriteatlasv2 · 코드가 이름을 조립해 꺼낸다(template)
사용(동적)	Assets/BaseResource/Unit/guardian/unit_guardian_coil2.png	55607	아틀라스 unit_guardian.spriteatlasv2 · 코드가 이름을 조립해 꺼낸다(template)
사용(동적)	Assets/BaseResource/Unit/guardian/unit_guardian_coil3.png	44645	아틀라스 unit_guardian.spriteatlasv2 · 코드가 이름을 조립해 꺼낸다(template)
사용(동적)	Assets/BaseResource/Unit/guardian/unit_guardian_coil4.png	37899	아틀라스 unit_guardian.spriteatlasv2 · 코드가 이름을 조립해 꺼낸다(template)
사용(동적)	Assets/BaseResource/Unit/guardian/unit_guardian_e_atk1.png	15049	아틀라스 unit_guardian.spriteatlasv2 · 코드가 이름을 조립해 꺼낸다(template)
사용(동적)	Assets/BaseResource/Unit/guardian/unit_guardian_e_atk2.png	11580	아틀라스 unit_guardian.spriteatlasv2 · 코드가 이름을 조립해 꺼낸다(template)
사용(동적)	Assets/BaseResource/Unit/guardian/unit_guardian_e_bite.png	40553	아틀라스 unit_guardian.spriteatlasv2 · 코드가 이름을 조립해 꺼낸다(template)
사용(동적)	Assets/BaseResource/Unit/guardian/unit_guardian_e_die1.png	44081	아틀라스 unit_guardian.spriteatlasv2 · 코드가 이름을 조립해 꺼낸다(template)
사용(동적)	Assets/BaseResource/Unit/guardian/unit_guardian_e_die2.png	31607	아틀라스 unit_guardian.spriteatlasv2 · 코드가 이름을 조립해 꺼낸다(template)
사용(동적)	Assets/BaseResource/Unit/guardian/unit_guardian_e_launch.png	46202	아틀라스 unit_guardian.spriteatlasv2 · 코드가 이름을 조립해 꺼낸다(template)
사용(동적)	Assets/BaseResource/Unit/guardian/unit_guardian_e_thrust.png	50585	아틀라스 unit_guardian.spriteatlasv2 · 코드가 이름을 조립해 꺼낸다(template)
사용(동적)	Assets/BaseResource/Unit/guardian/unit_guardian_e_walk1.png	13625	아틀라스 unit_guardian.spriteatlasv2 · 코드가 이름을 조립해 꺼낸다(template)
사용(동적)	Assets/BaseResource/Unit/guardian/unit_guardian_e_walk2.png	13174	아틀라스 unit_guardian.spriteatlasv2 · 코드가 이름을 조립해 꺼낸다(template)
사용(동적)	Assets/BaseResource/Unit/guardian/unit_guardian_n.png	22117	아틀라스 unit_guardian.spriteatlasv2 · 코드가 이름을 조립해 꺼낸다(template)
사용(동적)	Assets/BaseResource/Unit/guardian/unit_guardian_n_atk1.png	22808	아틀라스 unit_guardian.spriteatlasv2 · 코드가 이름을 조립해 꺼낸다(template)
사용(동적)	Assets/BaseResource/Unit/guardian/unit_guardian_n_atk2.png	22234	아틀라스 unit_guardian.spriteatlasv2 · 코드가 이름을 조립해 꺼낸다(template)
사용(동적)	Assets/BaseResource/Unit/guardian/unit_guardian_n_bite.png	22302	아틀라스 unit_guardian.spriteatlasv2 · 코드가 이름을 조립해 꺼낸다(template)
사용(동적)	Assets/BaseResource/Unit/guardian/unit_guardian_n_die1.png	29977	아틀라스 unit_guardian.spriteatlasv2 · 코드가 이름을 조립해 꺼낸다(template)
사용(동적)	Assets/BaseResource/Unit/guardian/unit_guardian_n_die2.png	31058	아틀라스 unit_guardian.spriteatlasv2 · 코드가 이름을 조립해 꺼낸다(template)
사용(동적)	Assets/BaseResource/Unit/guardian/unit_guardian_n_launch.png	16755	아틀라스 unit_guardian.spriteatlasv2 · 코드가 이름을 조립해 꺼낸다(template)
사용(동적)	Assets/BaseResource/Unit/guardian/unit_guardian_n_thrust.png	18574	아틀라스 unit_guardian.spriteatlasv2 · 코드가 이름을 조립해 꺼낸다(template)
사용(동적)	Assets/BaseResource/Unit/guardian/unit_guardian_n_walk1.png	22630	아틀라스 unit_guardian.spriteatlasv2 · 코드가 이름을 조립해 꺼낸다(template)
사용(동적)	Assets/BaseResource/Unit/guardian/unit_guardian_n_walk2.png	21728	아틀라스 unit_guardian.spriteatlasv2 · 코드가 이름을 조립해 꺼낸다(template)
사용(동적)	Assets/BaseResource/Unit/guardian/unit_guardian_ne.png	41761	아틀라스 unit_guardian.spriteatlasv2 · 코드가 이름을 조립해 꺼낸다(template)
사용(동적)	Assets/BaseResource/Unit/guardian/unit_guardian_ne_atk1.png	40915	아틀라스 unit_guardian.spriteatlasv2 · 코드가 이름을 조립해 꺼낸다(template)
사용(동적)	Assets/BaseResource/Unit/guardian/unit_guardian_ne_atk2.png	43343	아틀라스 unit_guardian.spriteatlasv2 · 코드가 이름을 조립해 꺼낸다(template)
사용(동적)	Assets/BaseResource/Unit/guardian/unit_guardian_ne_bite.png	36189	아틀라스 unit_guardian.spriteatlasv2 · 코드가 이름을 조립해 꺼낸다(template)
사용(동적)	Assets/BaseResource/Unit/guardian/unit_guardian_ne_die1.png	43785	아틀라스 unit_guardian.spriteatlasv2 · 코드가 이름을 조립해 꺼낸다(template)
사용(동적)	Assets/BaseResource/Unit/guardian/unit_guardian_ne_die2.png	14696	아틀라스 unit_guardian.spriteatlasv2 · 코드가 이름을 조립해 꺼낸다(template)
사용(동적)	Assets/BaseResource/Unit/guardian/unit_guardian_ne_launch.png	37557	아틀라스 unit_guardian.spriteatlasv2 · 코드가 이름을 조립해 꺼낸다(template)
사용(동적)	Assets/BaseResource/Unit/guardian/unit_guardian_ne_thrust.png	25249	아틀라스 unit_guardian.spriteatlasv2 · 코드가 이름을 조립해 꺼낸다(template)
사용(동적)	Assets/BaseResource/Unit/guardian/unit_guardian_ne_walk1.png	40542	아틀라스 unit_guardian.spriteatlasv2 · 코드가 이름을 조립해 꺼낸다(template)
사용(동적)	Assets/BaseResource/Unit/guardian/unit_guardian_ne_walk2.png	35727	아틀라스 unit_guardian.spriteatlasv2 · 코드가 이름을 조립해 꺼낸다(template)
사용(동적)	Assets/BaseResource/Unit/guardian/unit_guardian_s.png	10648	아틀라스 unit_guardian.spriteatlasv2 · 코드가 이름을 조립해 꺼낸다(template)
사용(동적)	Assets/BaseResource/Unit/guardian/unit_guardian_s_atk1.png	20928	아틀라스 unit_guardian.spriteatlasv2 · 코드가 이름을 조립해 꺼낸다(template)
사용(동적)	Assets/BaseResource/Unit/guardian/unit_guardian_s_atk2.png	11430	아틀라스 unit_guardian.spriteatlasv2 · 코드가 이름을 조립해 꺼낸다(template)
사용(동적)	Assets/BaseResource/Unit/guardian/unit_guardian_s_bite.png	31664	아틀라스 unit_guardian.spriteatlasv2 · 코드가 이름을 조립해 꺼낸다(template)
사용(동적)	Assets/BaseResource/Unit/guardian/unit_guardian_s_die1.png	17391	아틀라스 unit_guardian.spriteatlasv2 · 코드가 이름을 조립해 꺼낸다(template)
사용(동적)	Assets/BaseResource/Unit/guardian/unit_guardian_s_die2.png	13496	아틀라스 unit_guardian.spriteatlasv2 · 코드가 이름을 조립해 꺼낸다(template)
사용(동적)	Assets/BaseResource/Unit/guardian/unit_guardian_s_launch.png	22829	아틀라스 unit_guardian.spriteatlasv2 · 코드가 이름을 조립해 꺼낸다(template)
사용(동적)	Assets/BaseResource/Unit/guardian/unit_guardian_s_thrust.png	18123	아틀라스 unit_guardian.spriteatlasv2 · 코드가 이름을 조립해 꺼낸다(template)
사용(동적)	Assets/BaseResource/Unit/guardian/unit_guardian_s_walk1.png	9952	아틀라스 unit_guardian.spriteatlasv2 · 코드가 이름을 조립해 꺼낸다(template)
사용(동적)	Assets/BaseResource/Unit/guardian/unit_guardian_s_walk2.png	10198	아틀라스 unit_guardian.spriteatlasv2 · 코드가 이름을 조립해 꺼낸다(template)
사용(동적)	Assets/BaseResource/Unit/guardian/unit_guardian_se_atk1.png	12617	아틀라스 unit_guardian.spriteatlasv2 · 코드가 이름을 조립해 꺼낸다(template)
사용(동적)	Assets/BaseResource/Unit/guardian/unit_guardian_se_atk2.png	11283	아틀라스 unit_guardian.spriteatlasv2 · 코드가 이름을 조립해 꺼낸다(template)
사용(동적)	Assets/BaseResource/Unit/guardian/unit_guardian_se_bite.png	40475	아틀라스 unit_guardian.spriteatlasv2 · 코드가 이름을 조립해 꺼낸다(template)
사용(동적)	Assets/BaseResource/Unit/guardian/unit_guardian_se_die1.png	51445	아틀라스 unit_guardian.spriteatlasv2 · 코드가 이름을 조립해 꺼낸다(template)
사용(동적)	Assets/BaseResource/Unit/guardian/unit_guardian_se_die2.png	37033	아틀라스 unit_guardian.spriteatlasv2 · 코드가 이름을 조립해 꺼낸다(template)
사용(동적)	Assets/BaseResource/Unit/guardian/unit_guardian_se_launch.png	49118	아틀라스 unit_guardian.spriteatlasv2 · 코드가 이름을 조립해 꺼낸다(template)
사용(동적)	Assets/BaseResource/Unit/guardian/unit_guardian_se_thrust.png	34726	아틀라스 unit_guardian.spriteatlasv2 · 코드가 이름을 조립해 꺼낸다(template)
사용(동적)	Assets/BaseResource/Unit/guardian/unit_guardian_se_walk1.png	11868	아틀라스 unit_guardian.spriteatlasv2 · 코드가 이름을 조립해 꺼낸다(template)
사용(동적)	Assets/BaseResource/Unit/guardian/unit_guardian_se_walk2.png	11335	아틀라스 unit_guardian.spriteatlasv2 · 코드가 이름을 조립해 꺼낸다(template)
사용(동적)	Assets/BaseResource/Unit/guru/unit_guru_e.png	7599	아틀라스 unit_guru.spriteatlasv2 · 코드가 이름을 조립해 꺼낸다(template)
사용(동적)	Assets/BaseResource/Unit/guru/unit_guru_e_atk1.png	9065	아틀라스 unit_guru.spriteatlasv2 · 코드가 이름을 조립해 꺼낸다(template)
사용(동적)	Assets/BaseResource/Unit/guru/unit_guru_e_atk2.png	7731	아틀라스 unit_guru.spriteatlasv2 · 코드가 이름을 조립해 꺼낸다(template)
사용(동적)	Assets/BaseResource/Unit/guru/unit_guru_e_die1.png	8657	아틀라스 unit_guru.spriteatlasv2 · 코드가 이름을 조립해 꺼낸다(template)
사용(동적)	Assets/BaseResource/Unit/guru/unit_guru_e_die2.png	5552	아틀라스 unit_guru.spriteatlasv2 · 코드가 이름을 조립해 꺼낸다(template)
사용(동적)	Assets/BaseResource/Unit/guru/unit_guru_e_hit.png	8799	아틀라스 unit_guru.spriteatlasv2 · 코드가 이름을 조립해 꺼낸다(template)
사용(동적)	Assets/BaseResource/Unit/guru/unit_guru_e_walk1.png	7917	아틀라스 unit_guru.spriteatlasv2 · 코드가 이름을 조립해 꺼낸다(template)
사용(동적)	Assets/BaseResource/Unit/guru/unit_guru_e_walk2.png	5990	아틀라스 unit_guru.spriteatlasv2 · 코드가 이름을 조립해 꺼낸다(template)
사용(동적)	Assets/BaseResource/Unit/guru/unit_guru_n.png	9366	아틀라스 unit_guru.spriteatlasv2 · 코드가 이름을 조립해 꺼낸다(template)
사용(동적)	Assets/BaseResource/Unit/guru/unit_guru_n_atk1.png	10084	아틀라스 unit_guru.spriteatlasv2 · 코드가 이름을 조립해 꺼낸다(template)
사용(동적)	Assets/BaseResource/Unit/guru/unit_guru_n_atk2.png	8268	아틀라스 unit_guru.spriteatlasv2 · 코드가 이름을 조립해 꺼낸다(template)
사용(동적)	Assets/BaseResource/Unit/guru/unit_guru_n_die1.png	11668	아틀라스 unit_guru.spriteatlasv2 · 코드가 이름을 조립해 꺼낸다(template)
사용(동적)	Assets/BaseResource/Unit/guru/unit_guru_n_die2.png	6927	아틀라스 unit_guru.spriteatlasv2 · 코드가 이름을 조립해 꺼낸다(template)
사용(동적)	Assets/BaseResource/Unit/guru/unit_guru_n_hit.png	11223	아틀라스 unit_guru.spriteatlasv2 · 코드가 이름을 조립해 꺼낸다(template)
사용(동적)	Assets/BaseResource/Unit/guru/unit_guru_n_walk1.png	6700	아틀라스 unit_guru.spriteatlasv2 · 코드가 이름을 조립해 꺼낸다(template)
사용(동적)	Assets/BaseResource/Unit/guru/unit_guru_n_walk2.png	6631	아틀라스 unit_guru.spriteatlasv2 · 코드가 이름을 조립해 꺼낸다(template)
사용(동적)	Assets/BaseResource/Unit/guru/unit_guru_ne.png	7941	아틀라스 unit_guru.spriteatlasv2 · 코드가 이름을 조립해 꺼낸다(template)
사용(동적)	Assets/BaseResource/Unit/guru/unit_guru_ne_atk1.png	8642	아틀라스 unit_guru.spriteatlasv2 · 코드가 이름을 조립해 꺼낸다(template)
사용(동적)	Assets/BaseResource/Unit/guru/unit_guru_ne_atk2.png	8309	아틀라스 unit_guru.spriteatlasv2 · 코드가 이름을 조립해 꺼낸다(template)
사용(동적)	Assets/BaseResource/Unit/guru/unit_guru_ne_die1.png	9994	아틀라스 unit_guru.spriteatlasv2 · 코드가 이름을 조립해 꺼낸다(template)
사용(동적)	Assets/BaseResource/Unit/guru/unit_guru_ne_die2.png	6937	아틀라스 unit_guru.spriteatlasv2 · 코드가 이름을 조립해 꺼낸다(template)
사용(동적)	Assets/BaseResource/Unit/guru/unit_guru_ne_hit.png	9369	아틀라스 unit_guru.spriteatlasv2 · 코드가 이름을 조립해 꺼낸다(template)
사용(동적)	Assets/BaseResource/Unit/guru/unit_guru_ne_walk1.png	7772	아틀라스 unit_guru.spriteatlasv2 · 코드가 이름을 조립해 꺼낸다(template)
사용(동적)	Assets/BaseResource/Unit/guru/unit_guru_ne_walk2.png	6112	아틀라스 unit_guru.spriteatlasv2 · 코드가 이름을 조립해 꺼낸다(template)
사용(동적)	Assets/BaseResource/Unit/guru/unit_guru_possess1.png	1458	아틀라스 unit_guru.spriteatlasv2 · 코드가 이름을 조립해 꺼낸다(template)
사용(동적)	Assets/BaseResource/Unit/guru/unit_guru_possess2.png	1481	아틀라스 unit_guru.spriteatlasv2 · 코드가 이름을 조립해 꺼낸다(template)
사용(동적)	Assets/BaseResource/Unit/guru/unit_guru_s.png	8756	아틀라스 unit_guru.spriteatlasv2 · 코드가 이름을 조립해 꺼낸다(template)
사용(동적)	Assets/BaseResource/Unit/guru/unit_guru_s_atk1.png	8435	아틀라스 unit_guru.spriteatlasv2 · 코드가 이름을 조립해 꺼낸다(template)
사용(동적)	Assets/BaseResource/Unit/guru/unit_guru_s_atk2.png	8836	아틀라스 unit_guru.spriteatlasv2 · 코드가 이름을 조립해 꺼낸다(template)
사용(동적)	Assets/BaseResource/Unit/guru/unit_guru_s_die1.png	10551	아틀라스 unit_guru.spriteatlasv2 · 코드가 이름을 조립해 꺼낸다(template)
사용(동적)	Assets/BaseResource/Unit/guru/unit_guru_s_die2.png	7582	아틀라스 unit_guru.spriteatlasv2 · 코드가 이름을 조립해 꺼낸다(template)
사용(동적)	Assets/BaseResource/Unit/guru/unit_guru_s_hit.png	10236	아틀라스 unit_guru.spriteatlasv2 · 코드가 이름을 조립해 꺼낸다(template)
사용(동적)	Assets/BaseResource/Unit/guru/unit_guru_s_walk1.png	7310	아틀라스 unit_guru.spriteatlasv2 · 코드가 이름을 조립해 꺼낸다(template)
사용(동적)	Assets/BaseResource/Unit/guru/unit_guru_s_walk2.png	7261	아틀라스 unit_guru.spriteatlasv2 · 코드가 이름을 조립해 꺼낸다(template)
사용(동적)	Assets/BaseResource/Unit/guru/unit_guru_se.png	8666	아틀라스 unit_guru.spriteatlasv2 · 코드가 이름을 조립해 꺼낸다(template)
사용(동적)	Assets/BaseResource/Unit/guru/unit_guru_se_atk1.png	8587	아틀라스 unit_guru.spriteatlasv2 · 코드가 이름을 조립해 꺼낸다(template)
사용(동적)	Assets/BaseResource/Unit/guru/unit_guru_se_atk2.png	7226	아틀라스 unit_guru.spriteatlasv2 · 코드가 이름을 조립해 꺼낸다(template)
사용(동적)	Assets/BaseResource/Unit/guru/unit_guru_se_die1.png	9876	아틀라스 unit_guru.spriteatlasv2 · 코드가 이름을 조립해 꺼낸다(template)
사용(동적)	Assets/BaseResource/Unit/guru/unit_guru_se_die2.png	6864	아틀라스 unit_guru.spriteatlasv2 · 코드가 이름을 조립해 꺼낸다(template)
사용(동적)	Assets/BaseResource/Unit/guru/unit_guru_se_hit.png	10014	아틀라스 unit_guru.spriteatlasv2 · 코드가 이름을 조립해 꺼낸다(template)
사용(동적)	Assets/BaseResource/Unit/guru/unit_guru_se_walk1.png	8668	아틀라스 unit_guru.spriteatlasv2 · 코드가 이름을 조립해 꺼낸다(template)
사용(동적)	Assets/BaseResource/Unit/guru/unit_guru_se_walk2.png	7860	아틀라스 unit_guru.spriteatlasv2 · 코드가 이름을 조립해 꺼낸다(template)
사용(동적)	Assets/BaseResource/Unit/hopper/unit_hopper_e.png	6005	아틀라스 unit_hopper.spriteatlasv2 · 코드가 이름을 조립해 꺼낸다(template)
사용(동적)	Assets/BaseResource/Unit/hopper/unit_hopper_e_atk1.png	6101	아틀라스 unit_hopper.spriteatlasv2 · 코드가 이름을 조립해 꺼낸다(template)
사용(동적)	Assets/BaseResource/Unit/hopper/unit_hopper_e_atk2.png	6420	아틀라스 unit_hopper.spriteatlasv2 · 코드가 이름을 조립해 꺼낸다(template)
사용(동적)	Assets/BaseResource/Unit/hopper/unit_hopper_e_die1.png	7692	아틀라스 unit_hopper.spriteatlasv2 · 코드가 이름을 조립해 꺼낸다(template)
사용(동적)	Assets/BaseResource/Unit/hopper/unit_hopper_e_die2.png	5008	아틀라스 unit_hopper.spriteatlasv2 · 코드가 이름을 조립해 꺼낸다(template)
사용(동적)	Assets/BaseResource/Unit/hopper/unit_hopper_e_hit.png	5889	아틀라스 unit_hopper.spriteatlasv2 · 코드가 이름을 조립해 꺼낸다(template)
사용(동적)	Assets/BaseResource/Unit/hopper/unit_hopper_e_walk1.png	5976	아틀라스 unit_hopper.spriteatlasv2 · 코드가 이름을 조립해 꺼낸다(template)
사용(동적)	Assets/BaseResource/Unit/hopper/unit_hopper_e_walk2.png	5676	아틀라스 unit_hopper.spriteatlasv2 · 코드가 이름을 조립해 꺼낸다(template)
사용(동적)	Assets/BaseResource/Unit/hopper/unit_hopper_n.png	4677	아틀라스 unit_hopper.spriteatlasv2 · 코드가 이름을 조립해 꺼낸다(template)
사용(동적)	Assets/BaseResource/Unit/hopper/unit_hopper_n_atk1.png	5505	아틀라스 unit_hopper.spriteatlasv2 · 코드가 이름을 조립해 꺼낸다(template)
사용(동적)	Assets/BaseResource/Unit/hopper/unit_hopper_n_atk2.png	5200	아틀라스 unit_hopper.spriteatlasv2 · 코드가 이름을 조립해 꺼낸다(template)
사용(동적)	Assets/BaseResource/Unit/hopper/unit_hopper_n_die1.png	7766	아틀라스 unit_hopper.spriteatlasv2 · 코드가 이름을 조립해 꺼낸다(template)
사용(동적)	Assets/BaseResource/Unit/hopper/unit_hopper_n_die2.png	6602	아틀라스 unit_hopper.spriteatlasv2 · 코드가 이름을 조립해 꺼낸다(template)
사용(동적)	Assets/BaseResource/Unit/hopper/unit_hopper_n_hit.png	5636	아틀라스 unit_hopper.spriteatlasv2 · 코드가 이름을 조립해 꺼낸다(template)
사용(동적)	Assets/BaseResource/Unit/hopper/unit_hopper_n_walk1.png	4799	아틀라스 unit_hopper.spriteatlasv2 · 코드가 이름을 조립해 꺼낸다(template)
사용(동적)	Assets/BaseResource/Unit/hopper/unit_hopper_n_walk2.png	3807	아틀라스 unit_hopper.spriteatlasv2 · 코드가 이름을 조립해 꺼낸다(template)
사용(동적)	Assets/BaseResource/Unit/hopper/unit_hopper_ne.png	5588	아틀라스 unit_hopper.spriteatlasv2 · 코드가 이름을 조립해 꺼낸다(template)
사용(동적)	Assets/BaseResource/Unit/hopper/unit_hopper_ne_atk1.png	6621	아틀라스 unit_hopper.spriteatlasv2 · 코드가 이름을 조립해 꺼낸다(template)
사용(동적)	Assets/BaseResource/Unit/hopper/unit_hopper_ne_atk2.png	5949	아틀라스 unit_hopper.spriteatlasv2 · 코드가 이름을 조립해 꺼낸다(template)
사용(동적)	Assets/BaseResource/Unit/hopper/unit_hopper_ne_die1.png	6909	아틀라스 unit_hopper.spriteatlasv2 · 코드가 이름을 조립해 꺼낸다(template)
사용(동적)	Assets/BaseResource/Unit/hopper/unit_hopper_ne_die2.png	6033	아틀라스 unit_hopper.spriteatlasv2 · 코드가 이름을 조립해 꺼낸다(template)
사용(동적)	Assets/BaseResource/Unit/hopper/unit_hopper_ne_hit.png	6022	아틀라스 unit_hopper.spriteatlasv2 · 코드가 이름을 조립해 꺼낸다(template)
사용(동적)	Assets/BaseResource/Unit/hopper/unit_hopper_ne_walk1.png	5492	아틀라스 unit_hopper.spriteatlasv2 · 코드가 이름을 조립해 꺼낸다(template)
사용(동적)	Assets/BaseResource/Unit/hopper/unit_hopper_ne_walk2.png	5332	아틀라스 unit_hopper.spriteatlasv2 · 코드가 이름을 조립해 꺼낸다(template)
사용(동적)	Assets/BaseResource/Unit/hopper/unit_hopper_possess1.png	1450	아틀라스 unit_hopper.spriteatlasv2 · 코드가 이름을 조립해 꺼낸다(template)
사용(동적)	Assets/BaseResource/Unit/hopper/unit_hopper_possess2.png	1476	아틀라스 unit_hopper.spriteatlasv2 · 코드가 이름을 조립해 꺼낸다(template)
사용(동적)	Assets/BaseResource/Unit/hopper/unit_hopper_s.png	4739	아틀라스 unit_hopper.spriteatlasv2 · 코드가 이름을 조립해 꺼낸다(template)
사용(동적)	Assets/BaseResource/Unit/hopper/unit_hopper_s_atk1.png	5830	아틀라스 unit_hopper.spriteatlasv2 · 코드가 이름을 조립해 꺼낸다(template)
사용(동적)	Assets/BaseResource/Unit/hopper/unit_hopper_s_atk2.png	5235	아틀라스 unit_hopper.spriteatlasv2 · 코드가 이름을 조립해 꺼낸다(template)
사용(동적)	Assets/BaseResource/Unit/hopper/unit_hopper_s_die1.png	6928	아틀라스 unit_hopper.spriteatlasv2 · 코드가 이름을 조립해 꺼낸다(template)
사용(동적)	Assets/BaseResource/Unit/hopper/unit_hopper_s_die2.png	4602	아틀라스 unit_hopper.spriteatlasv2 · 코드가 이름을 조립해 꺼낸다(template)
사용(동적)	Assets/BaseResource/Unit/hopper/unit_hopper_s_hit.png	7189	아틀라스 unit_hopper.spriteatlasv2 · 코드가 이름을 조립해 꺼낸다(template)
사용(동적)	Assets/BaseResource/Unit/hopper/unit_hopper_s_walk1.png	4398	아틀라스 unit_hopper.spriteatlasv2 · 코드가 이름을 조립해 꺼낸다(template)
사용(동적)	Assets/BaseResource/Unit/hopper/unit_hopper_s_walk2.png	4145	아틀라스 unit_hopper.spriteatlasv2 · 코드가 이름을 조립해 꺼낸다(template)
사용(동적)	Assets/BaseResource/Unit/hopper/unit_hopper_se.png	6079	아틀라스 unit_hopper.spriteatlasv2 · 코드가 이름을 조립해 꺼낸다(template)
사용(동적)	Assets/BaseResource/Unit/hopper/unit_hopper_se_atk1.png	6257	아틀라스 unit_hopper.spriteatlasv2 · 코드가 이름을 조립해 꺼낸다(template)
사용(동적)	Assets/BaseResource/Unit/hopper/unit_hopper_se_atk2.png	6874	아틀라스 unit_hopper.spriteatlasv2 · 코드가 이름을 조립해 꺼낸다(template)
사용(동적)	Assets/BaseResource/Unit/hopper/unit_hopper_se_die1.png	9052	아틀라스 unit_hopper.spriteatlasv2 · 코드가 이름을 조립해 꺼낸다(template)
사용(동적)	Assets/BaseResource/Unit/hopper/unit_hopper_se_die2.png	5068	아틀라스 unit_hopper.spriteatlasv2 · 코드가 이름을 조립해 꺼낸다(template)
사용(동적)	Assets/BaseResource/Unit/hopper/unit_hopper_se_hit.png	6563	아틀라스 unit_hopper.spriteatlasv2 · 코드가 이름을 조립해 꺼낸다(template)
사용(동적)	Assets/BaseResource/Unit/hopper/unit_hopper_se_walk1.png	6199	아틀라스 unit_hopper.spriteatlasv2 · 코드가 이름을 조립해 꺼낸다(template)
사용(동적)	Assets/BaseResource/Unit/hopper/unit_hopper_se_walk2.png	5516	아틀라스 unit_hopper.spriteatlasv2 · 코드가 이름을 조립해 꺼낸다(template)
사용(동적)	Assets/BaseResource/Unit/hopper_smg/unit_hopper_smg_e.png	5157	아틀라스 unit_hopper_smg.spriteatlasv2 · 코드가 이름을 조립해 꺼낸다(template)
사용(동적)	Assets/BaseResource/Unit/hopper_smg/unit_hopper_smg_e_atk1.png	6330	아틀라스 unit_hopper_smg.spriteatlasv2 · 코드가 이름을 조립해 꺼낸다(template)
사용(동적)	Assets/BaseResource/Unit/hopper_smg/unit_hopper_smg_e_atk2.png	6090	아틀라스 unit_hopper_smg.spriteatlasv2 · 코드가 이름을 조립해 꺼낸다(template)
사용(동적)	Assets/BaseResource/Unit/hopper_smg/unit_hopper_smg_e_die1.png	7350	아틀라스 unit_hopper_smg.spriteatlasv2 · 코드가 이름을 조립해 꺼낸다(template)
사용(동적)	Assets/BaseResource/Unit/hopper_smg/unit_hopper_smg_e_die2.png	4352	아틀라스 unit_hopper_smg.spriteatlasv2 · 코드가 이름을 조립해 꺼낸다(template)
사용(동적)	Assets/BaseResource/Unit/hopper_smg/unit_hopper_smg_e_hit.png	5436	아틀라스 unit_hopper_smg.spriteatlasv2 · 코드가 이름을 조립해 꺼낸다(template)
사용(동적)	Assets/BaseResource/Unit/hopper_smg/unit_hopper_smg_e_walk1.png	5547	아틀라스 unit_hopper_smg.spriteatlasv2 · 코드가 이름을 조립해 꺼낸다(template)
사용(동적)	Assets/BaseResource/Unit/hopper_smg/unit_hopper_smg_e_walk2.png	5036	아틀라스 unit_hopper_smg.spriteatlasv2 · 코드가 이름을 조립해 꺼낸다(template)
사용(동적)	Assets/BaseResource/Unit/hopper_smg/unit_hopper_smg_n.png	5199	아틀라스 unit_hopper_smg.spriteatlasv2 · 코드가 이름을 조립해 꺼낸다(template)
사용(동적)	Assets/BaseResource/Unit/hopper_smg/unit_hopper_smg_n_atk1.png	6124	아틀라스 unit_hopper_smg.spriteatlasv2 · 코드가 이름을 조립해 꺼낸다(template)
사용(동적)	Assets/BaseResource/Unit/hopper_smg/unit_hopper_smg_n_atk2.png	5814	아틀라스 unit_hopper_smg.spriteatlasv2 · 코드가 이름을 조립해 꺼낸다(template)
사용(동적)	Assets/BaseResource/Unit/hopper_smg/unit_hopper_smg_n_die1.png	8186	아틀라스 unit_hopper_smg.spriteatlasv2 · 코드가 이름을 조립해 꺼낸다(template)
사용(동적)	Assets/BaseResource/Unit/hopper_smg/unit_hopper_smg_n_die2.png	5445	아틀라스 unit_hopper_smg.spriteatlasv2 · 코드가 이름을 조립해 꺼낸다(template)
사용(동적)	Assets/BaseResource/Unit/hopper_smg/unit_hopper_smg_n_hit.png	6512	아틀라스 unit_hopper_smg.spriteatlasv2 · 코드가 이름을 조립해 꺼낸다(template)
사용(동적)	Assets/BaseResource/Unit/hopper_smg/unit_hopper_smg_n_walk1.png	5103	아틀라스 unit_hopper_smg.spriteatlasv2 · 코드가 이름을 조립해 꺼낸다(template)
사용(동적)	Assets/BaseResource/Unit/hopper_smg/unit_hopper_smg_n_walk2.png	4454	아틀라스 unit_hopper_smg.spriteatlasv2 · 코드가 이름을 조립해 꺼낸다(template)
사용(동적)	Assets/BaseResource/Unit/hopper_smg/unit_hopper_smg_ne.png	5301	아틀라스 unit_hopper_smg.spriteatlasv2 · 코드가 이름을 조립해 꺼낸다(template)
사용(동적)	Assets/BaseResource/Unit/hopper_smg/unit_hopper_smg_ne_atk1.png	6407	아틀라스 unit_hopper_smg.spriteatlasv2 · 코드가 이름을 조립해 꺼낸다(template)
사용(동적)	Assets/BaseResource/Unit/hopper_smg/unit_hopper_smg_ne_atk2.png	5786	아틀라스 unit_hopper_smg.spriteatlasv2 · 코드가 이름을 조립해 꺼낸다(template)
사용(동적)	Assets/BaseResource/Unit/hopper_smg/unit_hopper_smg_ne_die1.png	7192	아틀라스 unit_hopper_smg.spriteatlasv2 · 코드가 이름을 조립해 꺼낸다(template)
사용(동적)	Assets/BaseResource/Unit/hopper_smg/unit_hopper_smg_ne_die2.png	7909	아틀라스 unit_hopper_smg.spriteatlasv2 · 코드가 이름을 조립해 꺼낸다(template)
사용(동적)	Assets/BaseResource/Unit/hopper_smg/unit_hopper_smg_ne_hit.png	6144	아틀라스 unit_hopper_smg.spriteatlasv2 · 코드가 이름을 조립해 꺼낸다(template)
사용(동적)	Assets/BaseResource/Unit/hopper_smg/unit_hopper_smg_ne_walk1.png	5509	아틀라스 unit_hopper_smg.spriteatlasv2 · 코드가 이름을 조립해 꺼낸다(template)
사용(동적)	Assets/BaseResource/Unit/hopper_smg/unit_hopper_smg_ne_walk2.png	4806	아틀라스 unit_hopper_smg.spriteatlasv2 · 코드가 이름을 조립해 꺼낸다(template)
사용(동적)	Assets/BaseResource/Unit/hopper_smg/unit_hopper_smg_possess1.png	1483	아틀라스 unit_hopper_smg.spriteatlasv2 · 코드가 이름을 조립해 꺼낸다(template)
사용(동적)	Assets/BaseResource/Unit/hopper_smg/unit_hopper_smg_possess2.png	1496	아틀라스 unit_hopper_smg.spriteatlasv2 · 코드가 이름을 조립해 꺼낸다(template)
사용(동적)	Assets/BaseResource/Unit/hopper_smg/unit_hopper_smg_s.png	6092	아틀라스 unit_hopper_smg.spriteatlasv2 · 코드가 이름을 조립해 꺼낸다(template)
사용(동적)	Assets/BaseResource/Unit/hopper_smg/unit_hopper_smg_s_atk1.png	6856	아틀라스 unit_hopper_smg.spriteatlasv2 · 코드가 이름을 조립해 꺼낸다(template)
사용(동적)	Assets/BaseResource/Unit/hopper_smg/unit_hopper_smg_s_atk2.png	6288	아틀라스 unit_hopper_smg.spriteatlasv2 · 코드가 이름을 조립해 꺼낸다(template)
사용(동적)	Assets/BaseResource/Unit/hopper_smg/unit_hopper_smg_s_die1.png	8693	아틀라스 unit_hopper_smg.spriteatlasv2 · 코드가 이름을 조립해 꺼낸다(template)
사용(동적)	Assets/BaseResource/Unit/hopper_smg/unit_hopper_smg_s_die2.png	6268	아틀라스 unit_hopper_smg.spriteatlasv2 · 코드가 이름을 조립해 꺼낸다(template)
사용(동적)	Assets/BaseResource/Unit/hopper_smg/unit_hopper_smg_s_hit.png	7618	아틀라스 unit_hopper_smg.spriteatlasv2 · 코드가 이름을 조립해 꺼낸다(template)
사용(동적)	Assets/BaseResource/Unit/hopper_smg/unit_hopper_smg_s_walk1.png	5642	아틀라스 unit_hopper_smg.spriteatlasv2 · 코드가 이름을 조립해 꺼낸다(template)
사용(동적)	Assets/BaseResource/Unit/hopper_smg/unit_hopper_smg_s_walk2.png	5570	아틀라스 unit_hopper_smg.spriteatlasv2 · 코드가 이름을 조립해 꺼낸다(template)
사용(동적)	Assets/BaseResource/Unit/hopper_smg/unit_hopper_smg_se.png	5775	아틀라스 unit_hopper_smg.spriteatlasv2 · 코드가 이름을 조립해 꺼낸다(template)
사용(동적)	Assets/BaseResource/Unit/hopper_smg/unit_hopper_smg_se_atk1.png	6414	아틀라스 unit_hopper_smg.spriteatlasv2 · 코드가 이름을 조립해 꺼낸다(template)
사용(동적)	Assets/BaseResource/Unit/hopper_smg/unit_hopper_smg_se_atk2.png	6118	아틀라스 unit_hopper_smg.spriteatlasv2 · 코드가 이름을 조립해 꺼낸다(template)
사용(동적)	Assets/BaseResource/Unit/hopper_smg/unit_hopper_smg_se_die1.png	7943	아틀라스 unit_hopper_smg.spriteatlasv2 · 코드가 이름을 조립해 꺼낸다(template)
사용(동적)	Assets/BaseResource/Unit/hopper_smg/unit_hopper_smg_se_die2.png	5026	아틀라스 unit_hopper_smg.spriteatlasv2 · 코드가 이름을 조립해 꺼낸다(template)
사용(동적)	Assets/BaseResource/Unit/hopper_smg/unit_hopper_smg_se_hit.png	6512	아틀라스 unit_hopper_smg.spriteatlasv2 · 코드가 이름을 조립해 꺼낸다(template)
사용(동적)	Assets/BaseResource/Unit/hopper_smg/unit_hopper_smg_se_walk1.png	6142	아틀라스 unit_hopper_smg.spriteatlasv2 · 코드가 이름을 조립해 꺼낸다(template)
사용(동적)	Assets/BaseResource/Unit/hopper_smg/unit_hopper_smg_se_walk2.png	5578	아틀라스 unit_hopper_smg.spriteatlasv2 · 코드가 이름을 조립해 꺼낸다(template)
사용(동적)	Assets/BaseResource/Unit/kingpin/unit_kingpin_e_atk1.png	14192	아틀라스 unit_kingpin.spriteatlasv2 · 코드가 이름을 조립해 꺼낸다(template)
사용(동적)	Assets/BaseResource/Unit/kingpin/unit_kingpin_e_atk2.png	15311	아틀라스 unit_kingpin.spriteatlasv2 · 코드가 이름을 조립해 꺼낸다(template)
사용(동적)	Assets/BaseResource/Unit/kingpin/unit_kingpin_e_die1.png	66689	아틀라스 unit_kingpin.spriteatlasv2 · 코드가 이름을 조립해 꺼낸다(template)
사용(동적)	Assets/BaseResource/Unit/kingpin/unit_kingpin_e_die2.png	54680	아틀라스 unit_kingpin.spriteatlasv2 · 코드가 이름을 조립해 꺼낸다(template)
사용(동적)	Assets/BaseResource/Unit/kingpin/unit_kingpin_e_glide.png	12128	아틀라스 unit_kingpin.spriteatlasv2 · 코드가 이름을 조립해 꺼낸다(template)
사용(동적)	Assets/BaseResource/Unit/kingpin/unit_kingpin_e_hit.png	13853	아틀라스 unit_kingpin.spriteatlasv2 · 코드가 이름을 조립해 꺼낸다(template)
사용(동적)	Assets/BaseResource/Unit/kingpin/unit_kingpin_e_lock.png	12288	아틀라스 unit_kingpin.spriteatlasv2 · 코드가 이름을 조립해 꺼낸다(template)
사용(동적)	Assets/BaseResource/Unit/kingpin/unit_kingpin_e_rise.png	11597	아틀라스 unit_kingpin.spriteatlasv2 · 코드가 이름을 조립해 꺼낸다(template)
사용(동적)	Assets/BaseResource/Unit/kingpin/unit_kingpin_e_salvo.png	42019	아틀라스 unit_kingpin.spriteatlasv2 · 코드가 이름을 조립해 꺼낸다(template)
사용(동적)	Assets/BaseResource/Unit/kingpin/unit_kingpin_e_walk1.png	13083	아틀라스 unit_kingpin.spriteatlasv2 · 코드가 이름을 조립해 꺼낸다(template)
사용(동적)	Assets/BaseResource/Unit/kingpin/unit_kingpin_e_walk2.png	13181	아틀라스 unit_kingpin.spriteatlasv2 · 코드가 이름을 조립해 꺼낸다(template)
사용(동적)	Assets/BaseResource/Unit/kingpin/unit_kingpin_n.png	48130	아틀라스 unit_kingpin.spriteatlasv2 · 코드가 이름을 조립해 꺼낸다(template)
사용(동적)	Assets/BaseResource/Unit/kingpin/unit_kingpin_n_atk1.png	48703	아틀라스 unit_kingpin.spriteatlasv2 · 코드가 이름을 조립해 꺼낸다(template)
사용(동적)	Assets/BaseResource/Unit/kingpin/unit_kingpin_n_atk2.png	35195	아틀라스 unit_kingpin.spriteatlasv2 · 코드가 이름을 조립해 꺼낸다(template)
사용(동적)	Assets/BaseResource/Unit/kingpin/unit_kingpin_n_die1.png	43405	아틀라스 unit_kingpin.spriteatlasv2 · 코드가 이름을 조립해 꺼낸다(template)
사용(동적)	Assets/BaseResource/Unit/kingpin/unit_kingpin_n_die2.png	53963	아틀라스 unit_kingpin.spriteatlasv2 · 코드가 이름을 조립해 꺼낸다(template)
사용(동적)	Assets/BaseResource/Unit/kingpin/unit_kingpin_n_glide.png	44007	아틀라스 unit_kingpin.spriteatlasv2 · 코드가 이름을 조립해 꺼낸다(template)
사용(동적)	Assets/BaseResource/Unit/kingpin/unit_kingpin_n_hit.png	44470	아틀라스 unit_kingpin.spriteatlasv2 · 코드가 이름을 조립해 꺼낸다(template)
사용(동적)	Assets/BaseResource/Unit/kingpin/unit_kingpin_n_lock.png	45844	아틀라스 unit_kingpin.spriteatlasv2 · 코드가 이름을 조립해 꺼낸다(template)
사용(동적)	Assets/BaseResource/Unit/kingpin/unit_kingpin_n_rise.png	39387	아틀라스 unit_kingpin.spriteatlasv2 · 코드가 이름을 조립해 꺼낸다(template)
사용(동적)	Assets/BaseResource/Unit/kingpin/unit_kingpin_n_salvo.png	43849	아틀라스 unit_kingpin.spriteatlasv2 · 코드가 이름을 조립해 꺼낸다(template)
사용(동적)	Assets/BaseResource/Unit/kingpin/unit_kingpin_n_walk1.png	43432	아틀라스 unit_kingpin.spriteatlasv2 · 코드가 이름을 조립해 꺼낸다(template)
사용(동적)	Assets/BaseResource/Unit/kingpin/unit_kingpin_n_walk2.png	48100	아틀라스 unit_kingpin.spriteatlasv2 · 코드가 이름을 조립해 꺼낸다(template)
사용(동적)	Assets/BaseResource/Unit/kingpin/unit_kingpin_ne.png	50037	아틀라스 unit_kingpin.spriteatlasv2 · 코드가 이름을 조립해 꺼낸다(template)
사용(동적)	Assets/BaseResource/Unit/kingpin/unit_kingpin_ne_atk1.png	45800	아틀라스 unit_kingpin.spriteatlasv2 · 코드가 이름을 조립해 꺼낸다(template)
사용(동적)	Assets/BaseResource/Unit/kingpin/unit_kingpin_ne_atk2.png	36300	아틀라스 unit_kingpin.spriteatlasv2 · 코드가 이름을 조립해 꺼낸다(template)
사용(동적)	Assets/BaseResource/Unit/kingpin/unit_kingpin_ne_die1.png	54203	아틀라스 unit_kingpin.spriteatlasv2 · 코드가 이름을 조립해 꺼낸다(template)
사용(동적)	Assets/BaseResource/Unit/kingpin/unit_kingpin_ne_die2.png	54669	아틀라스 unit_kingpin.spriteatlasv2 · 코드가 이름을 조립해 꺼낸다(template)
사용(동적)	Assets/BaseResource/Unit/kingpin/unit_kingpin_ne_glide.png	45773	아틀라스 unit_kingpin.spriteatlasv2 · 코드가 이름을 조립해 꺼낸다(template)
사용(동적)	Assets/BaseResource/Unit/kingpin/unit_kingpin_ne_hit.png	47868	아틀라스 unit_kingpin.spriteatlasv2 · 코드가 이름을 조립해 꺼낸다(template)
사용(동적)	Assets/BaseResource/Unit/kingpin/unit_kingpin_ne_lock.png	47305	아틀라스 unit_kingpin.spriteatlasv2 · 코드가 이름을 조립해 꺼낸다(template)
사용(동적)	Assets/BaseResource/Unit/kingpin/unit_kingpin_ne_rise.png	41469	아틀라스 unit_kingpin.spriteatlasv2 · 코드가 이름을 조립해 꺼낸다(template)
사용(동적)	Assets/BaseResource/Unit/kingpin/unit_kingpin_ne_salvo.png	43118	아틀라스 unit_kingpin.spriteatlasv2 · 코드가 이름을 조립해 꺼낸다(template)
사용(동적)	Assets/BaseResource/Unit/kingpin/unit_kingpin_ne_walk1.png	49505	아틀라스 unit_kingpin.spriteatlasv2 · 코드가 이름을 조립해 꺼낸다(template)
사용(동적)	Assets/BaseResource/Unit/kingpin/unit_kingpin_ne_walk2.png	50328	아틀라스 unit_kingpin.spriteatlasv2 · 코드가 이름을 조립해 꺼낸다(template)
사용(동적)	Assets/BaseResource/Unit/kingpin/unit_kingpin_s.png	14319	아틀라스 unit_kingpin.spriteatlasv2 · 코드가 이름을 조립해 꺼낸다(template)
사용(동적)	Assets/BaseResource/Unit/kingpin/unit_kingpin_s_atk1.png	15078	아틀라스 unit_kingpin.spriteatlasv2 · 코드가 이름을 조립해 꺼낸다(template)
사용(동적)	Assets/BaseResource/Unit/kingpin/unit_kingpin_s_atk2.png	15593	아틀라스 unit_kingpin.spriteatlasv2 · 코드가 이름을 조립해 꺼낸다(template)
사용(동적)	Assets/BaseResource/Unit/kingpin/unit_kingpin_s_die1.png	16564	아틀라스 unit_kingpin.spriteatlasv2 · 코드가 이름을 조립해 꺼낸다(template)
사용(동적)	Assets/BaseResource/Unit/kingpin/unit_kingpin_s_die2.png	13696	아틀라스 unit_kingpin.spriteatlasv2 · 코드가 이름을 조립해 꺼낸다(template)
사용(동적)	Assets/BaseResource/Unit/kingpin/unit_kingpin_s_glide.png	13507	아틀라스 unit_kingpin.spriteatlasv2 · 코드가 이름을 조립해 꺼낸다(template)
사용(동적)	Assets/BaseResource/Unit/kingpin/unit_kingpin_s_hit.png	16385	아틀라스 unit_kingpin.spriteatlasv2 · 코드가 이름을 조립해 꺼낸다(template)
사용(동적)	Assets/BaseResource/Unit/kingpin/unit_kingpin_s_lock.png	13853	아틀라스 unit_kingpin.spriteatlasv2 · 코드가 이름을 조립해 꺼낸다(template)
사용(동적)	Assets/BaseResource/Unit/kingpin/unit_kingpin_s_rise.png	12846	아틀라스 unit_kingpin.spriteatlasv2 · 코드가 이름을 조립해 꺼낸다(template)
사용(동적)	Assets/BaseResource/Unit/kingpin/unit_kingpin_s_salvo.png	47917	아틀라스 unit_kingpin.spriteatlasv2 · 코드가 이름을 조립해 꺼낸다(template)
사용(동적)	Assets/BaseResource/Unit/kingpin/unit_kingpin_s_tell.png	12724	아틀라스 unit_kingpin.spriteatlasv2 · 코드가 이름을 조립해 꺼낸다(template)
사용(동적)	Assets/BaseResource/Unit/kingpin/unit_kingpin_s_walk1.png	14099	아틀라스 unit_kingpin.spriteatlasv2 · 코드가 이름을 조립해 꺼낸다(template)
사용(동적)	Assets/BaseResource/Unit/kingpin/unit_kingpin_s_walk2.png	14799	아틀라스 unit_kingpin.spriteatlasv2 · 코드가 이름을 조립해 꺼낸다(template)
사용(동적)	Assets/BaseResource/Unit/kingpin/unit_kingpin_se_atk1.png	15280	아틀라스 unit_kingpin.spriteatlasv2 · 코드가 이름을 조립해 꺼낸다(template)
사용(동적)	Assets/BaseResource/Unit/kingpin/unit_kingpin_se_atk2.png	15426	아틀라스 unit_kingpin.spriteatlasv2 · 코드가 이름을 조립해 꺼낸다(template)
사용(동적)	Assets/BaseResource/Unit/kingpin/unit_kingpin_se_die1.png	51228	아틀라스 unit_kingpin.spriteatlasv2 · 코드가 이름을 조립해 꺼낸다(template)
사용(동적)	Assets/BaseResource/Unit/kingpin/unit_kingpin_se_die2.png	58875	아틀라스 unit_kingpin.spriteatlasv2 · 코드가 이름을 조립해 꺼낸다(template)
사용(동적)	Assets/BaseResource/Unit/kingpin/unit_kingpin_se_glide.png	13246	아틀라스 unit_kingpin.spriteatlasv2 · 코드가 이름을 조립해 꺼낸다(template)
사용(동적)	Assets/BaseResource/Unit/kingpin/unit_kingpin_se_hit.png	15391	아틀라스 unit_kingpin.spriteatlasv2 · 코드가 이름을 조립해 꺼낸다(template)
사용(동적)	Assets/BaseResource/Unit/kingpin/unit_kingpin_se_lock.png	13233	아틀라스 unit_kingpin.spriteatlasv2 · 코드가 이름을 조립해 꺼낸다(template)
사용(동적)	Assets/BaseResource/Unit/kingpin/unit_kingpin_se_rise.png	12035	아틀라스 unit_kingpin.spriteatlasv2 · 코드가 이름을 조립해 꺼낸다(template)
사용(동적)	Assets/BaseResource/Unit/kingpin/unit_kingpin_se_salvo.png	41880	아틀라스 unit_kingpin.spriteatlasv2 · 코드가 이름을 조립해 꺼낸다(template)
사용(동적)	Assets/BaseResource/Unit/kingpin/unit_kingpin_se_walk1.png	13678	아틀라스 unit_kingpin.spriteatlasv2 · 코드가 이름을 조립해 꺼낸다(template)
사용(동적)	Assets/BaseResource/Unit/kingpin/unit_kingpin_se_walk2.png	13842	아틀라스 unit_kingpin.spriteatlasv2 · 코드가 이름을 조립해 꺼낸다(template)
사용(동적)	Assets/BaseResource/Unit/mantis/unit_mantis_e.png	8313	아틀라스 unit_mantis.spriteatlasv2 · 코드가 이름을 조립해 꺼낸다(template)
사용(동적)	Assets/BaseResource/Unit/mantis/unit_mantis_e_atk1.png	8131	아틀라스 unit_mantis.spriteatlasv2 · 코드가 이름을 조립해 꺼낸다(template)
사용(동적)	Assets/BaseResource/Unit/mantis/unit_mantis_e_atk2.png	8304	아틀라스 unit_mantis.spriteatlasv2 · 코드가 이름을 조립해 꺼낸다(template)
사용(동적)	Assets/BaseResource/Unit/mantis/unit_mantis_e_die1.png	7865	아틀라스 unit_mantis.spriteatlasv2 · 코드가 이름을 조립해 꺼낸다(template)
사용(동적)	Assets/BaseResource/Unit/mantis/unit_mantis_e_die2.png	5531	아틀라스 unit_mantis.spriteatlasv2 · 코드가 이름을 조립해 꺼낸다(template)
사용(동적)	Assets/BaseResource/Unit/mantis/unit_mantis_e_hit.png	8721	아틀라스 unit_mantis.spriteatlasv2 · 코드가 이름을 조립해 꺼낸다(template)
사용(동적)	Assets/BaseResource/Unit/mantis/unit_mantis_e_walk1.png	8185	아틀라스 unit_mantis.spriteatlasv2 · 코드가 이름을 조립해 꺼낸다(template)
사용(동적)	Assets/BaseResource/Unit/mantis/unit_mantis_e_walk2.png	7983	아틀라스 unit_mantis.spriteatlasv2 · 코드가 이름을 조립해 꺼낸다(template)
사용(동적)	Assets/BaseResource/Unit/mantis/unit_mantis_n.png	7280	아틀라스 unit_mantis.spriteatlasv2 · 코드가 이름을 조립해 꺼낸다(template)
사용(동적)	Assets/BaseResource/Unit/mantis/unit_mantis_n_atk1.png	6944	아틀라스 unit_mantis.spriteatlasv2 · 코드가 이름을 조립해 꺼낸다(template)
사용(동적)	Assets/BaseResource/Unit/mantis/unit_mantis_n_atk2.png	7821	아틀라스 unit_mantis.spriteatlasv2 · 코드가 이름을 조립해 꺼낸다(template)
사용(동적)	Assets/BaseResource/Unit/mantis/unit_mantis_n_die1.png	6448	아틀라스 unit_mantis.spriteatlasv2 · 코드가 이름을 조립해 꺼낸다(template)
사용(동적)	Assets/BaseResource/Unit/mantis/unit_mantis_n_die2.png	5347	아틀라스 unit_mantis.spriteatlasv2 · 코드가 이름을 조립해 꺼낸다(template)
사용(동적)	Assets/BaseResource/Unit/mantis/unit_mantis_n_hit.png	7020	아틀라스 unit_mantis.spriteatlasv2 · 코드가 이름을 조립해 꺼낸다(template)
사용(동적)	Assets/BaseResource/Unit/mantis/unit_mantis_n_walk1.png	6919	아틀라스 unit_mantis.spriteatlasv2 · 코드가 이름을 조립해 꺼낸다(template)
사용(동적)	Assets/BaseResource/Unit/mantis/unit_mantis_n_walk2.png	6933	아틀라스 unit_mantis.spriteatlasv2 · 코드가 이름을 조립해 꺼낸다(template)
사용(동적)	Assets/BaseResource/Unit/mantis/unit_mantis_ne.png	7271	아틀라스 unit_mantis.spriteatlasv2 · 코드가 이름을 조립해 꺼낸다(template)
사용(동적)	Assets/BaseResource/Unit/mantis/unit_mantis_ne_atk1.png	6613	아틀라스 unit_mantis.spriteatlasv2 · 코드가 이름을 조립해 꺼낸다(template)
사용(동적)	Assets/BaseResource/Unit/mantis/unit_mantis_ne_atk2.png	6835	아틀라스 unit_mantis.spriteatlasv2 · 코드가 이름을 조립해 꺼낸다(template)
사용(동적)	Assets/BaseResource/Unit/mantis/unit_mantis_ne_die1.png	6484	아틀라스 unit_mantis.spriteatlasv2 · 코드가 이름을 조립해 꺼낸다(template)
사용(동적)	Assets/BaseResource/Unit/mantis/unit_mantis_ne_die2.png	4968	아틀라스 unit_mantis.spriteatlasv2 · 코드가 이름을 조립해 꺼낸다(template)
사용(동적)	Assets/BaseResource/Unit/mantis/unit_mantis_ne_hit.png	7046	아틀라스 unit_mantis.spriteatlasv2 · 코드가 이름을 조립해 꺼낸다(template)
사용(동적)	Assets/BaseResource/Unit/mantis/unit_mantis_ne_walk1.png	7047	아틀라스 unit_mantis.spriteatlasv2 · 코드가 이름을 조립해 꺼낸다(template)
사용(동적)	Assets/BaseResource/Unit/mantis/unit_mantis_ne_walk2.png	6999	아틀라스 unit_mantis.spriteatlasv2 · 코드가 이름을 조립해 꺼낸다(template)
사용(동적)	Assets/BaseResource/Unit/mantis/unit_mantis_s.png	8027	아틀라스 unit_mantis.spriteatlasv2 · 코드가 이름을 조립해 꺼낸다(template)
사용(동적)	Assets/BaseResource/Unit/mantis/unit_mantis_s_atk1.png	8728	아틀라스 unit_mantis.spriteatlasv2 · 코드가 이름을 조립해 꺼낸다(template)
사용(동적)	Assets/BaseResource/Unit/mantis/unit_mantis_s_atk2.png	8756	아틀라스 unit_mantis.spriteatlasv2 · 코드가 이름을 조립해 꺼낸다(template)
사용(동적)	Assets/BaseResource/Unit/mantis/unit_mantis_s_die1.png	7498	아틀라스 unit_mantis.spriteatlasv2 · 코드가 이름을 조립해 꺼낸다(template)
사용(동적)	Assets/BaseResource/Unit/mantis/unit_mantis_s_die2.png	6649	아틀라스 unit_mantis.spriteatlasv2 · 코드가 이름을 조립해 꺼낸다(template)
사용(동적)	Assets/BaseResource/Unit/mantis/unit_mantis_s_hit.png	9101	아틀라스 unit_mantis.spriteatlasv2 · 코드가 이름을 조립해 꺼낸다(template)
사용(동적)	Assets/BaseResource/Unit/mantis/unit_mantis_s_walk1.png	8186	아틀라스 unit_mantis.spriteatlasv2 · 코드가 이름을 조립해 꺼낸다(template)
사용(동적)	Assets/BaseResource/Unit/mantis/unit_mantis_s_walk2.png	8069	아틀라스 unit_mantis.spriteatlasv2 · 코드가 이름을 조립해 꺼낸다(template)
사용(동적)	Assets/BaseResource/Unit/mantis/unit_mantis_se.png	8361	아틀라스 unit_mantis.spriteatlasv2 · 코드가 이름을 조립해 꺼낸다(template)
사용(동적)	Assets/BaseResource/Unit/mantis/unit_mantis_se_atk1.png	8011	아틀라스 unit_mantis.spriteatlasv2 · 코드가 이름을 조립해 꺼낸다(template)
사용(동적)	Assets/BaseResource/Unit/mantis/unit_mantis_se_atk2.png	8193	아틀라스 unit_mantis.spriteatlasv2 · 코드가 이름을 조립해 꺼낸다(template)
사용(동적)	Assets/BaseResource/Unit/mantis/unit_mantis_se_die1.png	7652	아틀라스 unit_mantis.spriteatlasv2 · 코드가 이름을 조립해 꺼낸다(template)
사용(동적)	Assets/BaseResource/Unit/mantis/unit_mantis_se_die2.png	5753	아틀라스 unit_mantis.spriteatlasv2 · 코드가 이름을 조립해 꺼낸다(template)
사용(동적)	Assets/BaseResource/Unit/mantis/unit_mantis_se_hit.png	8936	아틀라스 unit_mantis.spriteatlasv2 · 코드가 이름을 조립해 꺼낸다(template)
사용(동적)	Assets/BaseResource/Unit/mantis/unit_mantis_se_walk1.png	8603	아틀라스 unit_mantis.spriteatlasv2 · 코드가 이름을 조립해 꺼낸다(template)
사용(동적)	Assets/BaseResource/Unit/mantis/unit_mantis_se_walk2.png	8156	아틀라스 unit_mantis.spriteatlasv2 · 코드가 이름을 조립해 꺼낸다(template)
사용(동적)	Assets/BaseResource/Unit/medium/unit_medium_e.png	7245	아틀라스 unit_medium.spriteatlasv2 · 코드가 이름을 조립해 꺼낸다(template)
사용(동적)	Assets/BaseResource/Unit/medium/unit_medium_e_atk1.png	7273	아틀라스 unit_medium.spriteatlasv2 · 코드가 이름을 조립해 꺼낸다(template)
사용(동적)	Assets/BaseResource/Unit/medium/unit_medium_e_atk2.png	8310	아틀라스 unit_medium.spriteatlasv2 · 코드가 이름을 조립해 꺼낸다(template)
사용(동적)	Assets/BaseResource/Unit/medium/unit_medium_e_die1.png	10257	아틀라스 unit_medium.spriteatlasv2 · 코드가 이름을 조립해 꺼낸다(template)
사용(동적)	Assets/BaseResource/Unit/medium/unit_medium_e_die2.png	5113	아틀라스 unit_medium.spriteatlasv2 · 코드가 이름을 조립해 꺼낸다(template)
사용(동적)	Assets/BaseResource/Unit/medium/unit_medium_e_hit.png	8112	아틀라스 unit_medium.spriteatlasv2 · 코드가 이름을 조립해 꺼낸다(template)
사용(동적)	Assets/BaseResource/Unit/medium/unit_medium_e_walk1.png	7592	아틀라스 unit_medium.spriteatlasv2 · 코드가 이름을 조립해 꺼낸다(template)
사용(동적)	Assets/BaseResource/Unit/medium/unit_medium_e_walk2.png	6583	아틀라스 unit_medium.spriteatlasv2 · 코드가 이름을 조립해 꺼낸다(template)
사용(동적)	Assets/BaseResource/Unit/medium/unit_medium_n.png	7021	아틀라스 unit_medium.spriteatlasv2 · 코드가 이름을 조립해 꺼낸다(template)
사용(동적)	Assets/BaseResource/Unit/medium/unit_medium_n_atk1.png	7555	아틀라스 unit_medium.spriteatlasv2 · 코드가 이름을 조립해 꺼낸다(template)
사용(동적)	Assets/BaseResource/Unit/medium/unit_medium_n_atk2.png	8215	아틀라스 unit_medium.spriteatlasv2 · 코드가 이름을 조립해 꺼낸다(template)
사용(동적)	Assets/BaseResource/Unit/medium/unit_medium_n_die1.png	9952	아틀라스 unit_medium.spriteatlasv2 · 코드가 이름을 조립해 꺼낸다(template)
사용(동적)	Assets/BaseResource/Unit/medium/unit_medium_n_die2.png	6923	아틀라스 unit_medium.spriteatlasv2 · 코드가 이름을 조립해 꺼낸다(template)
사용(동적)	Assets/BaseResource/Unit/medium/unit_medium_n_hit.png	7786	아틀라스 unit_medium.spriteatlasv2 · 코드가 이름을 조립해 꺼낸다(template)
사용(동적)	Assets/BaseResource/Unit/medium/unit_medium_n_walk1.png	7402	아틀라스 unit_medium.spriteatlasv2 · 코드가 이름을 조립해 꺼낸다(template)
사용(동적)	Assets/BaseResource/Unit/medium/unit_medium_n_walk2.png	6824	아틀라스 unit_medium.spriteatlasv2 · 코드가 이름을 조립해 꺼낸다(template)
사용(동적)	Assets/BaseResource/Unit/medium/unit_medium_ne.png	7264	아틀라스 unit_medium.spriteatlasv2 · 코드가 이름을 조립해 꺼낸다(template)
사용(동적)	Assets/BaseResource/Unit/medium/unit_medium_ne_atk1.png	7078	아틀라스 unit_medium.spriteatlasv2 · 코드가 이름을 조립해 꺼낸다(template)
사용(동적)	Assets/BaseResource/Unit/medium/unit_medium_ne_atk2.png	7953	아틀라스 unit_medium.spriteatlasv2 · 코드가 이름을 조립해 꺼낸다(template)
사용(동적)	Assets/BaseResource/Unit/medium/unit_medium_ne_die1.png	8401	아틀라스 unit_medium.spriteatlasv2 · 코드가 이름을 조립해 꺼낸다(template)
사용(동적)	Assets/BaseResource/Unit/medium/unit_medium_ne_die2.png	6037	아틀라스 unit_medium.spriteatlasv2 · 코드가 이름을 조립해 꺼낸다(template)
사용(동적)	Assets/BaseResource/Unit/medium/unit_medium_ne_hit.png	8078	아틀라스 unit_medium.spriteatlasv2 · 코드가 이름을 조립해 꺼낸다(template)
사용(동적)	Assets/BaseResource/Unit/medium/unit_medium_ne_walk1.png	7386	아틀라스 unit_medium.spriteatlasv2 · 코드가 이름을 조립해 꺼낸다(template)
사용(동적)	Assets/BaseResource/Unit/medium/unit_medium_ne_walk2.png	6867	아틀라스 unit_medium.spriteatlasv2 · 코드가 이름을 조립해 꺼낸다(template)
사용(동적)	Assets/BaseResource/Unit/medium/unit_medium_possess1.png	1256	아틀라스 unit_medium.spriteatlasv2 · 코드가 이름을 조립해 꺼낸다(template)
사용(동적)	Assets/BaseResource/Unit/medium/unit_medium_possess2.png	1289	아틀라스 unit_medium.spriteatlasv2 · 코드가 이름을 조립해 꺼낸다(template)
사용(동적)	Assets/BaseResource/Unit/medium/unit_medium_s.png	9414	아틀라스 unit_medium.spriteatlasv2 · 코드가 이름을 조립해 꺼낸다(template)
사용(동적)	Assets/BaseResource/Unit/medium/unit_medium_s_atk1.png	10018	아틀라스 unit_medium.spriteatlasv2 · 코드가 이름을 조립해 꺼낸다(template)
사용(동적)	Assets/BaseResource/Unit/medium/unit_medium_s_atk2.png	10622	아틀라스 unit_medium.spriteatlasv2 · 코드가 이름을 조립해 꺼낸다(template)
사용(동적)	Assets/BaseResource/Unit/medium/unit_medium_s_die1.png	11737	아틀라스 unit_medium.spriteatlasv2 · 코드가 이름을 조립해 꺼낸다(template)
사용(동적)	Assets/BaseResource/Unit/medium/unit_medium_s_die2.png	7440	아틀라스 unit_medium.spriteatlasv2 · 코드가 이름을 조립해 꺼낸다(template)
사용(동적)	Assets/BaseResource/Unit/medium/unit_medium_s_hit.png	10158	아틀라스 unit_medium.spriteatlasv2 · 코드가 이름을 조립해 꺼낸다(template)
사용(동적)	Assets/BaseResource/Unit/medium/unit_medium_s_walk1.png	8802	아틀라스 unit_medium.spriteatlasv2 · 코드가 이름을 조립해 꺼낸다(template)
사용(동적)	Assets/BaseResource/Unit/medium/unit_medium_s_walk2.png	8622	아틀라스 unit_medium.spriteatlasv2 · 코드가 이름을 조립해 꺼낸다(template)
사용(동적)	Assets/BaseResource/Unit/medium/unit_medium_se.png	7857	아틀라스 unit_medium.spriteatlasv2 · 코드가 이름을 조립해 꺼낸다(template)
사용(동적)	Assets/BaseResource/Unit/medium/unit_medium_se_atk1.png	8162	아틀라스 unit_medium.spriteatlasv2 · 코드가 이름을 조립해 꺼낸다(template)
사용(동적)	Assets/BaseResource/Unit/medium/unit_medium_se_atk2.png	8684	아틀라스 unit_medium.spriteatlasv2 · 코드가 이름을 조립해 꺼낸다(template)
사용(동적)	Assets/BaseResource/Unit/medium/unit_medium_se_die1.png	11892	아틀라스 unit_medium.spriteatlasv2 · 코드가 이름을 조립해 꺼낸다(template)
사용(동적)	Assets/BaseResource/Unit/medium/unit_medium_se_die2.png	9651	아틀라스 unit_medium.spriteatlasv2 · 코드가 이름을 조립해 꺼낸다(template)
사용(동적)	Assets/BaseResource/Unit/medium/unit_medium_se_hit.png	8568	아틀라스 unit_medium.spriteatlasv2 · 코드가 이름을 조립해 꺼낸다(template)
사용(동적)	Assets/BaseResource/Unit/medium/unit_medium_se_walk1.png	7905	아틀라스 unit_medium.spriteatlasv2 · 코드가 이름을 조립해 꺼낸다(template)
사용(동적)	Assets/BaseResource/Unit/medium/unit_medium_se_walk2.png	7255	아틀라스 unit_medium.spriteatlasv2 · 코드가 이름을 조립해 꺼낸다(template)
사용(동적)	Assets/BaseResource/Unit/mole/unit_mole_e.png	7294	아틀라스 unit_mole.spriteatlasv2 · 코드가 이름을 조립해 꺼낸다(template)
사용(동적)	Assets/BaseResource/Unit/mole/unit_mole_e_atk1.png	8281	아틀라스 unit_mole.spriteatlasv2 · 코드가 이름을 조립해 꺼낸다(template)
사용(동적)	Assets/BaseResource/Unit/mole/unit_mole_e_atk2.png	7935	아틀라스 unit_mole.spriteatlasv2 · 코드가 이름을 조립해 꺼낸다(template)
사용(동적)	Assets/BaseResource/Unit/mole/unit_mole_e_die1.png	7316	아틀라스 unit_mole.spriteatlasv2 · 코드가 이름을 조립해 꺼낸다(template)
사용(동적)	Assets/BaseResource/Unit/mole/unit_mole_e_die2.png	5439	아틀라스 unit_mole.spriteatlasv2 · 코드가 이름을 조립해 꺼낸다(template)
사용(동적)	Assets/BaseResource/Unit/mole/unit_mole_e_hit.png	7820	아틀라스 unit_mole.spriteatlasv2 · 코드가 이름을 조립해 꺼낸다(template)
사용(동적)	Assets/BaseResource/Unit/mole/unit_mole_e_under.png	2527	아틀라스 unit_mole.spriteatlasv2 · 코드가 이름을 조립해 꺼낸다(template)
사용(동적)	Assets/BaseResource/Unit/mole/unit_mole_e_walk1.png	7471	아틀라스 unit_mole.spriteatlasv2 · 코드가 이름을 조립해 꺼낸다(template)
사용(동적)	Assets/BaseResource/Unit/mole/unit_mole_e_walk2.png	7270	아틀라스 unit_mole.spriteatlasv2 · 코드가 이름을 조립해 꺼낸다(template)
사용(동적)	Assets/BaseResource/Unit/mole/unit_mole_n.png	6898	아틀라스 unit_mole.spriteatlasv2 · 코드가 이름을 조립해 꺼낸다(template)
사용(동적)	Assets/BaseResource/Unit/mole/unit_mole_n_atk1.png	8165	아틀라스 unit_mole.spriteatlasv2 · 코드가 이름을 조립해 꺼낸다(template)
사용(동적)	Assets/BaseResource/Unit/mole/unit_mole_n_atk2.png	7307	아틀라스 unit_mole.spriteatlasv2 · 코드가 이름을 조립해 꺼낸다(template)
사용(동적)	Assets/BaseResource/Unit/mole/unit_mole_n_die1.png	6453	아틀라스 unit_mole.spriteatlasv2 · 코드가 이름을 조립해 꺼낸다(template)
사용(동적)	Assets/BaseResource/Unit/mole/unit_mole_n_die2.png	5532	아틀라스 unit_mole.spriteatlasv2 · 코드가 이름을 조립해 꺼낸다(template)
사용(동적)	Assets/BaseResource/Unit/mole/unit_mole_n_hit.png	7563	아틀라스 unit_mole.spriteatlasv2 · 코드가 이름을 조립해 꺼낸다(template)
사용(동적)	Assets/BaseResource/Unit/mole/unit_mole_n_under.png	3223	아틀라스 unit_mole.spriteatlasv2 · 코드가 이름을 조립해 꺼낸다(template)
사용(동적)	Assets/BaseResource/Unit/mole/unit_mole_n_walk1.png	6842	아틀라스 unit_mole.spriteatlasv2 · 코드가 이름을 조립해 꺼낸다(template)
사용(동적)	Assets/BaseResource/Unit/mole/unit_mole_n_walk2.png	6965	아틀라스 unit_mole.spriteatlasv2 · 코드가 이름을 조립해 꺼낸다(template)
사용(동적)	Assets/BaseResource/Unit/mole/unit_mole_ne.png	8167	아틀라스 unit_mole.spriteatlasv2 · 코드가 이름을 조립해 꺼낸다(template)
사용(동적)	Assets/BaseResource/Unit/mole/unit_mole_ne_atk1.png	9659	아틀라스 unit_mole.spriteatlasv2 · 코드가 이름을 조립해 꺼낸다(template)
사용(동적)	Assets/BaseResource/Unit/mole/unit_mole_ne_atk2.png	9155	아틀라스 unit_mole.spriteatlasv2 · 코드가 이름을 조립해 꺼낸다(template)
사용(동적)	Assets/BaseResource/Unit/mole/unit_mole_ne_die1.png	8442	아틀라스 unit_mole.spriteatlasv2 · 코드가 이름을 조립해 꺼낸다(template)
사용(동적)	Assets/BaseResource/Unit/mole/unit_mole_ne_die2.png	6496	아틀라스 unit_mole.spriteatlasv2 · 코드가 이름을 조립해 꺼낸다(template)
사용(동적)	Assets/BaseResource/Unit/mole/unit_mole_ne_hit.png	7816	아틀라스 unit_mole.spriteatlasv2 · 코드가 이름을 조립해 꺼낸다(template)
사용(동적)	Assets/BaseResource/Unit/mole/unit_mole_ne_under.png	3422	아틀라스 unit_mole.spriteatlasv2 · 코드가 이름을 조립해 꺼낸다(template)
사용(동적)	Assets/BaseResource/Unit/mole/unit_mole_ne_walk1.png	7798	아틀라스 unit_mole.spriteatlasv2 · 코드가 이름을 조립해 꺼낸다(template)
사용(동적)	Assets/BaseResource/Unit/mole/unit_mole_ne_walk2.png	7823	아틀라스 unit_mole.spriteatlasv2 · 코드가 이름을 조립해 꺼낸다(template)
사용(동적)	Assets/BaseResource/Unit/mole/unit_mole_s.png	6813	아틀라스 unit_mole.spriteatlasv2 · 코드가 이름을 조립해 꺼낸다(template)
사용(동적)	Assets/BaseResource/Unit/mole/unit_mole_s_atk1.png	7746	아틀라스 unit_mole.spriteatlasv2 · 코드가 이름을 조립해 꺼낸다(template)
사용(동적)	Assets/BaseResource/Unit/mole/unit_mole_s_atk2.png	7931	아틀라스 unit_mole.spriteatlasv2 · 코드가 이름을 조립해 꺼낸다(template)
사용(동적)	Assets/BaseResource/Unit/mole/unit_mole_s_die1.png	6816	아틀라스 unit_mole.spriteatlasv2 · 코드가 이름을 조립해 꺼낸다(template)
사용(동적)	Assets/BaseResource/Unit/mole/unit_mole_s_die2.png	5711	아틀라스 unit_mole.spriteatlasv2 · 코드가 이름을 조립해 꺼낸다(template)
사용(동적)	Assets/BaseResource/Unit/mole/unit_mole_s_hit.png	7283	아틀라스 unit_mole.spriteatlasv2 · 코드가 이름을 조립해 꺼낸다(template)
사용(동적)	Assets/BaseResource/Unit/mole/unit_mole_s_under.png	3025	아틀라스 unit_mole.spriteatlasv2 · 코드가 이름을 조립해 꺼낸다(template)
사용(동적)	Assets/BaseResource/Unit/mole/unit_mole_s_walk1.png	6484	아틀라스 unit_mole.spriteatlasv2 · 코드가 이름을 조립해 꺼낸다(template)
사용(동적)	Assets/BaseResource/Unit/mole/unit_mole_s_walk2.png	6649	아틀라스 unit_mole.spriteatlasv2 · 코드가 이름을 조립해 꺼낸다(template)
사용(동적)	Assets/BaseResource/Unit/mole/unit_mole_se.png	6453	아틀라스 unit_mole.spriteatlasv2 · 코드가 이름을 조립해 꺼낸다(template)
사용(동적)	Assets/BaseResource/Unit/mole/unit_mole_se_atk1.png	7848	아틀라스 unit_mole.spriteatlasv2 · 코드가 이름을 조립해 꺼낸다(template)
사용(동적)	Assets/BaseResource/Unit/mole/unit_mole_se_atk2.png	7529	아틀라스 unit_mole.spriteatlasv2 · 코드가 이름을 조립해 꺼낸다(template)
사용(동적)	Assets/BaseResource/Unit/mole/unit_mole_se_die1.png	6417	아틀라스 unit_mole.spriteatlasv2 · 코드가 이름을 조립해 꺼낸다(template)
사용(동적)	Assets/BaseResource/Unit/mole/unit_mole_se_die2.png	5194	아틀라스 unit_mole.spriteatlasv2 · 코드가 이름을 조립해 꺼낸다(template)
사용(동적)	Assets/BaseResource/Unit/mole/unit_mole_se_hit.png	6884	아틀라스 unit_mole.spriteatlasv2 · 코드가 이름을 조립해 꺼낸다(template)
사용(동적)	Assets/BaseResource/Unit/mole/unit_mole_se_under.png	3019	아틀라스 unit_mole.spriteatlasv2 · 코드가 이름을 조립해 꺼낸다(template)
사용(동적)	Assets/BaseResource/Unit/mole/unit_mole_se_walk1.png	6491	아틀라스 unit_mole.spriteatlasv2 · 코드가 이름을 조립해 꺼낸다(template)
사용(동적)	Assets/BaseResource/Unit/mole/unit_mole_se_walk2.png	6381	아틀라스 unit_mole.spriteatlasv2 · 코드가 이름을 조립해 꺼낸다(template)
사용(동적)	Assets/BaseResource/Unit/mummy/unit_mummy_e.png	6918	아틀라스 unit_mummy.spriteatlasv2 · 코드가 이름을 조립해 꺼낸다(template)
사용(동적)	Assets/BaseResource/Unit/mummy/unit_mummy_e_atk1.png	6067	아틀라스 unit_mummy.spriteatlasv2 · 코드가 이름을 조립해 꺼낸다(template)
사용(동적)	Assets/BaseResource/Unit/mummy/unit_mummy_e_atk2.png	6690	아틀라스 unit_mummy.spriteatlasv2 · 코드가 이름을 조립해 꺼낸다(template)
사용(동적)	Assets/BaseResource/Unit/mummy/unit_mummy_e_die1.png	5599	아틀라스 unit_mummy.spriteatlasv2 · 코드가 이름을 조립해 꺼낸다(template)
사용(동적)	Assets/BaseResource/Unit/mummy/unit_mummy_e_die2.png	5326	아틀라스 unit_mummy.spriteatlasv2 · 코드가 이름을 조립해 꺼낸다(template)
사용(동적)	Assets/BaseResource/Unit/mummy/unit_mummy_e_hit.png	6612	아틀라스 unit_mummy.spriteatlasv2 · 코드가 이름을 조립해 꺼낸다(template)
사용(동적)	Assets/BaseResource/Unit/mummy/unit_mummy_e_walk1.png	7107	아틀라스 unit_mummy.spriteatlasv2 · 코드가 이름을 조립해 꺼낸다(template)
사용(동적)	Assets/BaseResource/Unit/mummy/unit_mummy_e_walk2.png	7055	아틀라스 unit_mummy.spriteatlasv2 · 코드가 이름을 조립해 꺼낸다(template)
사용(동적)	Assets/BaseResource/Unit/mummy/unit_mummy_n.png	6795	아틀라스 unit_mummy.spriteatlasv2 · 코드가 이름을 조립해 꺼낸다(template)
사용(동적)	Assets/BaseResource/Unit/mummy/unit_mummy_n_atk1.png	6015	아틀라스 unit_mummy.spriteatlasv2 · 코드가 이름을 조립해 꺼낸다(template)
사용(동적)	Assets/BaseResource/Unit/mummy/unit_mummy_n_atk2.png	7124	아틀라스 unit_mummy.spriteatlasv2 · 코드가 이름을 조립해 꺼낸다(template)
사용(동적)	Assets/BaseResource/Unit/mummy/unit_mummy_n_die1.png	4956	아틀라스 unit_mummy.spriteatlasv2 · 코드가 이름을 조립해 꺼낸다(template)
사용(동적)	Assets/BaseResource/Unit/mummy/unit_mummy_n_die2.png	4702	아틀라스 unit_mummy.spriteatlasv2 · 코드가 이름을 조립해 꺼낸다(template)
사용(동적)	Assets/BaseResource/Unit/mummy/unit_mummy_n_hit.png	5922	아틀라스 unit_mummy.spriteatlasv2 · 코드가 이름을 조립해 꺼낸다(template)
사용(동적)	Assets/BaseResource/Unit/mummy/unit_mummy_n_walk1.png	6262	아틀라스 unit_mummy.spriteatlasv2 · 코드가 이름을 조립해 꺼낸다(template)
사용(동적)	Assets/BaseResource/Unit/mummy/unit_mummy_n_walk2.png	6525	아틀라스 unit_mummy.spriteatlasv2 · 코드가 이름을 조립해 꺼낸다(template)
사용(동적)	Assets/BaseResource/Unit/mummy/unit_mummy_ne.png	6768	아틀라스 unit_mummy.spriteatlasv2 · 코드가 이름을 조립해 꺼낸다(template)
사용(동적)	Assets/BaseResource/Unit/mummy/unit_mummy_ne_atk1.png	6274	아틀라스 unit_mummy.spriteatlasv2 · 코드가 이름을 조립해 꺼낸다(template)
사용(동적)	Assets/BaseResource/Unit/mummy/unit_mummy_ne_atk2.png	6645	아틀라스 unit_mummy.spriteatlasv2 · 코드가 이름을 조립해 꺼낸다(template)
사용(동적)	Assets/BaseResource/Unit/mummy/unit_mummy_ne_die1.png	5580	아틀라스 unit_mummy.spriteatlasv2 · 코드가 이름을 조립해 꺼낸다(template)
사용(동적)	Assets/BaseResource/Unit/mummy/unit_mummy_ne_die2.png	5062	아틀라스 unit_mummy.spriteatlasv2 · 코드가 이름을 조립해 꺼낸다(template)
사용(동적)	Assets/BaseResource/Unit/mummy/unit_mummy_ne_hit.png	6693	아틀라스 unit_mummy.spriteatlasv2 · 코드가 이름을 조립해 꺼낸다(template)
사용(동적)	Assets/BaseResource/Unit/mummy/unit_mummy_ne_walk1.png	6727	아틀라스 unit_mummy.spriteatlasv2 · 코드가 이름을 조립해 꺼낸다(template)
사용(동적)	Assets/BaseResource/Unit/mummy/unit_mummy_ne_walk2.png	6739	아틀라스 unit_mummy.spriteatlasv2 · 코드가 이름을 조립해 꺼낸다(template)
사용(동적)	Assets/BaseResource/Unit/mummy/unit_mummy_s.png	6976	아틀라스 unit_mummy.spriteatlasv2 · 코드가 이름을 조립해 꺼낸다(template)
사용(동적)	Assets/BaseResource/Unit/mummy/unit_mummy_s_atk1.png	6313	아틀라스 unit_mummy.spriteatlasv2 · 코드가 이름을 조립해 꺼낸다(template)
사용(동적)	Assets/BaseResource/Unit/mummy/unit_mummy_s_atk2.png	7244	아틀라스 unit_mummy.spriteatlasv2 · 코드가 이름을 조립해 꺼낸다(template)
사용(동적)	Assets/BaseResource/Unit/mummy/unit_mummy_s_die1.png	5531	아틀라스 unit_mummy.spriteatlasv2 · 코드가 이름을 조립해 꺼낸다(template)
사용(동적)	Assets/BaseResource/Unit/mummy/unit_mummy_s_die2.png	4436	아틀라스 unit_mummy.spriteatlasv2 · 코드가 이름을 조립해 꺼낸다(template)
사용(동적)	Assets/BaseResource/Unit/mummy/unit_mummy_s_hit.png	6375	아틀라스 unit_mummy.spriteatlasv2 · 코드가 이름을 조립해 꺼낸다(template)
사용(동적)	Assets/BaseResource/Unit/mummy/unit_mummy_s_walk1.png	6634	아틀라스 unit_mummy.spriteatlasv2 · 코드가 이름을 조립해 꺼낸다(template)
사용(동적)	Assets/BaseResource/Unit/mummy/unit_mummy_s_walk2.png	6609	아틀라스 unit_mummy.spriteatlasv2 · 코드가 이름을 조립해 꺼낸다(template)
사용(동적)	Assets/BaseResource/Unit/mummy/unit_mummy_se.png	7435	아틀라스 unit_mummy.spriteatlasv2 · 코드가 이름을 조립해 꺼낸다(template)
사용(동적)	Assets/BaseResource/Unit/mummy/unit_mummy_se_atk1.png	6209	아틀라스 unit_mummy.spriteatlasv2 · 코드가 이름을 조립해 꺼낸다(template)
사용(동적)	Assets/BaseResource/Unit/mummy/unit_mummy_se_atk2.png	7132	아틀라스 unit_mummy.spriteatlasv2 · 코드가 이름을 조립해 꺼낸다(template)
사용(동적)	Assets/BaseResource/Unit/mummy/unit_mummy_se_die1.png	5788	아틀라스 unit_mummy.spriteatlasv2 · 코드가 이름을 조립해 꺼낸다(template)
사용(동적)	Assets/BaseResource/Unit/mummy/unit_mummy_se_die2.png	5888	아틀라스 unit_mummy.spriteatlasv2 · 코드가 이름을 조립해 꺼낸다(template)
사용(동적)	Assets/BaseResource/Unit/mummy/unit_mummy_se_hit.png	7157	아틀라스 unit_mummy.spriteatlasv2 · 코드가 이름을 조립해 꺼낸다(template)
사용(동적)	Assets/BaseResource/Unit/mummy/unit_mummy_se_walk1.png	7270	아틀라스 unit_mummy.spriteatlasv2 · 코드가 이름을 조립해 꺼낸다(template)
사용(동적)	Assets/BaseResource/Unit/mummy/unit_mummy_se_walk2.png	7576	아틀라스 unit_mummy.spriteatlasv2 · 코드가 이름을 조립해 꺼낸다(template)
사용(동적)	Assets/BaseResource/Unit/mushroom/unit_mushroom_e.png	7494	아틀라스 unit_mushroom.spriteatlasv2 · 코드가 이름을 조립해 꺼낸다(template)
사용(동적)	Assets/BaseResource/Unit/mushroom/unit_mushroom_e_atk1.png	9475	아틀라스 unit_mushroom.spriteatlasv2 · 코드가 이름을 조립해 꺼낸다(template)
사용(동적)	Assets/BaseResource/Unit/mushroom/unit_mushroom_e_atk2.png	8782	아틀라스 unit_mushroom.spriteatlasv2 · 코드가 이름을 조립해 꺼낸다(template)
사용(동적)	Assets/BaseResource/Unit/mushroom/unit_mushroom_e_die1.png	6304	아틀라스 unit_mushroom.spriteatlasv2 · 코드가 이름을 조립해 꺼낸다(template)
사용(동적)	Assets/BaseResource/Unit/mushroom/unit_mushroom_e_die2.png	4742	아틀라스 unit_mushroom.spriteatlasv2 · 코드가 이름을 조립해 꺼낸다(template)
사용(동적)	Assets/BaseResource/Unit/mushroom/unit_mushroom_e_hit.png	7711	아틀라스 unit_mushroom.spriteatlasv2 · 코드가 이름을 조립해 꺼낸다(template)
사용(동적)	Assets/BaseResource/Unit/mushroom/unit_mushroom_e_walk1.png	7480	아틀라스 unit_mushroom.spriteatlasv2 · 코드가 이름을 조립해 꺼낸다(template)
사용(동적)	Assets/BaseResource/Unit/mushroom/unit_mushroom_e_walk2.png	7401	아틀라스 unit_mushroom.spriteatlasv2 · 코드가 이름을 조립해 꺼낸다(template)
사용(동적)	Assets/BaseResource/Unit/mushroom/unit_mushroom_n.png	6709	아틀라스 unit_mushroom.spriteatlasv2 · 코드가 이름을 조립해 꺼낸다(template)
사용(동적)	Assets/BaseResource/Unit/mushroom/unit_mushroom_n_atk1.png	7767	아틀라스 unit_mushroom.spriteatlasv2 · 코드가 이름을 조립해 꺼낸다(template)
사용(동적)	Assets/BaseResource/Unit/mushroom/unit_mushroom_n_atk2.png	7667	아틀라스 unit_mushroom.spriteatlasv2 · 코드가 이름을 조립해 꺼낸다(template)
사용(동적)	Assets/BaseResource/Unit/mushroom/unit_mushroom_n_die1.png	6559	아틀라스 unit_mushroom.spriteatlasv2 · 코드가 이름을 조립해 꺼낸다(template)
사용(동적)	Assets/BaseResource/Unit/mushroom/unit_mushroom_n_die2.png	4390	아틀라스 unit_mushroom.spriteatlasv2 · 코드가 이름을 조립해 꺼낸다(template)
사용(동적)	Assets/BaseResource/Unit/mushroom/unit_mushroom_n_hit.png	6812	아틀라스 unit_mushroom.spriteatlasv2 · 코드가 이름을 조립해 꺼낸다(template)
사용(동적)	Assets/BaseResource/Unit/mushroom/unit_mushroom_n_walk1.png	6403	아틀라스 unit_mushroom.spriteatlasv2 · 코드가 이름을 조립해 꺼낸다(template)
사용(동적)	Assets/BaseResource/Unit/mushroom/unit_mushroom_n_walk2.png	6334	아틀라스 unit_mushroom.spriteatlasv2 · 코드가 이름을 조립해 꺼낸다(template)
사용(동적)	Assets/BaseResource/Unit/mushroom/unit_mushroom_ne.png	6540	아틀라스 unit_mushroom.spriteatlasv2 · 코드가 이름을 조립해 꺼낸다(template)
사용(동적)	Assets/BaseResource/Unit/mushroom/unit_mushroom_ne_atk1.png	7695	아틀라스 unit_mushroom.spriteatlasv2 · 코드가 이름을 조립해 꺼낸다(template)
사용(동적)	Assets/BaseResource/Unit/mushroom/unit_mushroom_ne_atk2.png	7589	아틀라스 unit_mushroom.spriteatlasv2 · 코드가 이름을 조립해 꺼낸다(template)
사용(동적)	Assets/BaseResource/Unit/mushroom/unit_mushroom_ne_die1.png	6572	아틀라스 unit_mushroom.spriteatlasv2 · 코드가 이름을 조립해 꺼낸다(template)
사용(동적)	Assets/BaseResource/Unit/mushroom/unit_mushroom_ne_die2.png	4555	아틀라스 unit_mushroom.spriteatlasv2 · 코드가 이름을 조립해 꺼낸다(template)
사용(동적)	Assets/BaseResource/Unit/mushroom/unit_mushroom_ne_hit.png	6653	아틀라스 unit_mushroom.spriteatlasv2 · 코드가 이름을 조립해 꺼낸다(template)
사용(동적)	Assets/BaseResource/Unit/mushroom/unit_mushroom_ne_walk1.png	6425	아틀라스 unit_mushroom.spriteatlasv2 · 코드가 이름을 조립해 꺼낸다(template)
사용(동적)	Assets/BaseResource/Unit/mushroom/unit_mushroom_ne_walk2.png	6601	아틀라스 unit_mushroom.spriteatlasv2 · 코드가 이름을 조립해 꺼낸다(template)
사용(동적)	Assets/BaseResource/Unit/mushroom/unit_mushroom_s.png	7270	아틀라스 unit_mushroom.spriteatlasv2 · 코드가 이름을 조립해 꺼낸다(template)
사용(동적)	Assets/BaseResource/Unit/mushroom/unit_mushroom_s_atk1.png	9032	아틀라스 unit_mushroom.spriteatlasv2 · 코드가 이름을 조립해 꺼낸다(template)
사용(동적)	Assets/BaseResource/Unit/mushroom/unit_mushroom_s_atk2.png	8897	아틀라스 unit_mushroom.spriteatlasv2 · 코드가 이름을 조립해 꺼낸다(template)
사용(동적)	Assets/BaseResource/Unit/mushroom/unit_mushroom_s_die1.png	6959	아틀라스 unit_mushroom.spriteatlasv2 · 코드가 이름을 조립해 꺼낸다(template)
사용(동적)	Assets/BaseResource/Unit/mushroom/unit_mushroom_s_die2.png	4859	아틀라스 unit_mushroom.spriteatlasv2 · 코드가 이름을 조립해 꺼낸다(template)
사용(동적)	Assets/BaseResource/Unit/mushroom/unit_mushroom_s_hit.png	7211	아틀라스 unit_mushroom.spriteatlasv2 · 코드가 이름을 조립해 꺼낸다(template)
사용(동적)	Assets/BaseResource/Unit/mushroom/unit_mushroom_s_walk1.png	6888	아틀라스 unit_mushroom.spriteatlasv2 · 코드가 이름을 조립해 꺼낸다(template)
사용(동적)	Assets/BaseResource/Unit/mushroom/unit_mushroom_s_walk2.png	7062	아틀라스 unit_mushroom.spriteatlasv2 · 코드가 이름을 조립해 꺼낸다(template)
사용(동적)	Assets/BaseResource/Unit/mushroom/unit_mushroom_se.png	6862	아틀라스 unit_mushroom.spriteatlasv2 · 코드가 이름을 조립해 꺼낸다(template)
사용(동적)	Assets/BaseResource/Unit/mushroom/unit_mushroom_se_atk1.png	8478	아틀라스 unit_mushroom.spriteatlasv2 · 코드가 이름을 조립해 꺼낸다(template)
사용(동적)	Assets/BaseResource/Unit/mushroom/unit_mushroom_se_atk2.png	8378	아틀라스 unit_mushroom.spriteatlasv2 · 코드가 이름을 조립해 꺼낸다(template)
사용(동적)	Assets/BaseResource/Unit/mushroom/unit_mushroom_se_die1.png	6368	아틀라스 unit_mushroom.spriteatlasv2 · 코드가 이름을 조립해 꺼낸다(template)
사용(동적)	Assets/BaseResource/Unit/mushroom/unit_mushroom_se_die2.png	4604	아틀라스 unit_mushroom.spriteatlasv2 · 코드가 이름을 조립해 꺼낸다(template)
사용(동적)	Assets/BaseResource/Unit/mushroom/unit_mushroom_se_hit.png	7386	아틀라스 unit_mushroom.spriteatlasv2 · 코드가 이름을 조립해 꺼낸다(template)
사용(동적)	Assets/BaseResource/Unit/mushroom/unit_mushroom_se_walk1.png	6989	아틀라스 unit_mushroom.spriteatlasv2 · 코드가 이름을 조립해 꺼낸다(template)
사용(동적)	Assets/BaseResource/Unit/mushroom/unit_mushroom_se_walk2.png	7155	아틀라스 unit_mushroom.spriteatlasv2 · 코드가 이름을 조립해 꺼낸다(template)
사용(동적)	Assets/BaseResource/Unit/ninja/unit_ninja_e.png	8052	아틀라스 unit_ninja.spriteatlasv2 · 코드가 이름을 조립해 꺼낸다(template)
사용(동적)	Assets/BaseResource/Unit/ninja/unit_ninja_e_atk1.png	8081	아틀라스 unit_ninja.spriteatlasv2 · 코드가 이름을 조립해 꺼낸다(template)
사용(동적)	Assets/BaseResource/Unit/ninja/unit_ninja_e_atk2.png	8112	아틀라스 unit_ninja.spriteatlasv2 · 코드가 이름을 조립해 꺼낸다(template)
사용(동적)	Assets/BaseResource/Unit/ninja/unit_ninja_e_die1.png	10562	아틀라스 unit_ninja.spriteatlasv2 · 코드가 이름을 조립해 꺼낸다(template)
사용(동적)	Assets/BaseResource/Unit/ninja/unit_ninja_e_die2.png	6200	아틀라스 unit_ninja.spriteatlasv2 · 코드가 이름을 조립해 꺼낸다(template)
사용(동적)	Assets/BaseResource/Unit/ninja/unit_ninja_e_hit.png	9169	아틀라스 unit_ninja.spriteatlasv2 · 코드가 이름을 조립해 꺼낸다(template)
사용(동적)	Assets/BaseResource/Unit/ninja/unit_ninja_e_walk1.png	8082	아틀라스 unit_ninja.spriteatlasv2 · 코드가 이름을 조립해 꺼낸다(template)
사용(동적)	Assets/BaseResource/Unit/ninja/unit_ninja_e_walk2.png	7164	아틀라스 unit_ninja.spriteatlasv2 · 코드가 이름을 조립해 꺼낸다(template)
사용(동적)	Assets/BaseResource/Unit/ninja/unit_ninja_n.png	8024	아틀라스 unit_ninja.spriteatlasv2 · 코드가 이름을 조립해 꺼낸다(template)
사용(동적)	Assets/BaseResource/Unit/ninja/unit_ninja_n_atk1.png	8873	아틀라스 unit_ninja.spriteatlasv2 · 코드가 이름을 조립해 꺼낸다(template)
사용(동적)	Assets/BaseResource/Unit/ninja/unit_ninja_n_atk2.png	8309	아틀라스 unit_ninja.spriteatlasv2 · 코드가 이름을 조립해 꺼낸다(template)
사용(동적)	Assets/BaseResource/Unit/ninja/unit_ninja_n_die1.png	12259	아틀라스 unit_ninja.spriteatlasv2 · 코드가 이름을 조립해 꺼낸다(template)
사용(동적)	Assets/BaseResource/Unit/ninja/unit_ninja_n_die2.png	7596	아틀라스 unit_ninja.spriteatlasv2 · 코드가 이름을 조립해 꺼낸다(template)
사용(동적)	Assets/BaseResource/Unit/ninja/unit_ninja_n_hit.png	9277	아틀라스 unit_ninja.spriteatlasv2 · 코드가 이름을 조립해 꺼낸다(template)
사용(동적)	Assets/BaseResource/Unit/ninja/unit_ninja_n_walk1.png	7984	아틀라스 unit_ninja.spriteatlasv2 · 코드가 이름을 조립해 꺼낸다(template)
사용(동적)	Assets/BaseResource/Unit/ninja/unit_ninja_n_walk2.png	7369	아틀라스 unit_ninja.spriteatlasv2 · 코드가 이름을 조립해 꺼낸다(template)
사용(동적)	Assets/BaseResource/Unit/ninja/unit_ninja_ne.png	7574	아틀라스 unit_ninja.spriteatlasv2 · 코드가 이름을 조립해 꺼낸다(template)
사용(동적)	Assets/BaseResource/Unit/ninja/unit_ninja_ne_atk1.png	7699	아틀라스 unit_ninja.spriteatlasv2 · 코드가 이름을 조립해 꺼낸다(template)
사용(동적)	Assets/BaseResource/Unit/ninja/unit_ninja_ne_atk2.png	8521	아틀라스 unit_ninja.spriteatlasv2 · 코드가 이름을 조립해 꺼낸다(template)
사용(동적)	Assets/BaseResource/Unit/ninja/unit_ninja_ne_die1.png	10253	아틀라스 unit_ninja.spriteatlasv2 · 코드가 이름을 조립해 꺼낸다(template)
사용(동적)	Assets/BaseResource/Unit/ninja/unit_ninja_ne_die2.png	6729	아틀라스 unit_ninja.spriteatlasv2 · 코드가 이름을 조립해 꺼낸다(template)
사용(동적)	Assets/BaseResource/Unit/ninja/unit_ninja_ne_hit.png	8462	아틀라스 unit_ninja.spriteatlasv2 · 코드가 이름을 조립해 꺼낸다(template)
사용(동적)	Assets/BaseResource/Unit/ninja/unit_ninja_ne_walk1.png	7826	아틀라스 unit_ninja.spriteatlasv2 · 코드가 이름을 조립해 꺼낸다(template)
사용(동적)	Assets/BaseResource/Unit/ninja/unit_ninja_ne_walk2.png	7082	아틀라스 unit_ninja.spriteatlasv2 · 코드가 이름을 조립해 꺼낸다(template)
사용(동적)	Assets/BaseResource/Unit/ninja/unit_ninja_possess1.png	1426	아틀라스 unit_ninja.spriteatlasv2 · 코드가 이름을 조립해 꺼낸다(template)
사용(동적)	Assets/BaseResource/Unit/ninja/unit_ninja_possess2.png	1409	아틀라스 unit_ninja.spriteatlasv2 · 코드가 이름을 조립해 꺼낸다(template)
사용(동적)	Assets/BaseResource/Unit/ninja/unit_ninja_s.png	8286	아틀라스 unit_ninja.spriteatlasv2 · 코드가 이름을 조립해 꺼낸다(template)
사용(동적)	Assets/BaseResource/Unit/ninja/unit_ninja_s_atk1.png	9257	아틀라스 unit_ninja.spriteatlasv2 · 코드가 이름을 조립해 꺼낸다(template)
사용(동적)	Assets/BaseResource/Unit/ninja/unit_ninja_s_atk2.png	9692	아틀라스 unit_ninja.spriteatlasv2 · 코드가 이름을 조립해 꺼낸다(template)
사용(동적)	Assets/BaseResource/Unit/ninja/unit_ninja_s_die1.png	12166	아틀라스 unit_ninja.spriteatlasv2 · 코드가 이름을 조립해 꺼낸다(template)
사용(동적)	Assets/BaseResource/Unit/ninja/unit_ninja_s_die2.png	7442	아틀라스 unit_ninja.spriteatlasv2 · 코드가 이름을 조립해 꺼낸다(template)
사용(동적)	Assets/BaseResource/Unit/ninja/unit_ninja_s_hit.png	8903	아틀라스 unit_ninja.spriteatlasv2 · 코드가 이름을 조립해 꺼낸다(template)
사용(동적)	Assets/BaseResource/Unit/ninja/unit_ninja_s_walk1.png	8672	아틀라스 unit_ninja.spriteatlasv2 · 코드가 이름을 조립해 꺼낸다(template)
사용(동적)	Assets/BaseResource/Unit/ninja/unit_ninja_s_walk2.png	7420	아틀라스 unit_ninja.spriteatlasv2 · 코드가 이름을 조립해 꺼낸다(template)
사용(동적)	Assets/BaseResource/Unit/ninja/unit_ninja_se.png	8438	아틀라스 unit_ninja.spriteatlasv2 · 코드가 이름을 조립해 꺼낸다(template)
사용(동적)	Assets/BaseResource/Unit/ninja/unit_ninja_se_atk1.png	8007	아틀라스 unit_ninja.spriteatlasv2 · 코드가 이름을 조립해 꺼낸다(template)
사용(동적)	Assets/BaseResource/Unit/ninja/unit_ninja_se_atk2.png	8702	아틀라스 unit_ninja.spriteatlasv2 · 코드가 이름을 조립해 꺼낸다(template)
사용(동적)	Assets/BaseResource/Unit/ninja/unit_ninja_se_die1.png	10506	아틀라스 unit_ninja.spriteatlasv2 · 코드가 이름을 조립해 꺼낸다(template)
사용(동적)	Assets/BaseResource/Unit/ninja/unit_ninja_se_die2.png	6917	아틀라스 unit_ninja.spriteatlasv2 · 코드가 이름을 조립해 꺼낸다(template)
사용(동적)	Assets/BaseResource/Unit/ninja/unit_ninja_se_hit.png	8847	아틀라스 unit_ninja.spriteatlasv2 · 코드가 이름을 조립해 꺼낸다(template)
사용(동적)	Assets/BaseResource/Unit/ninja/unit_ninja_se_walk1.png	8414	아틀라스 unit_ninja.spriteatlasv2 · 코드가 이름을 조립해 꺼낸다(template)
사용(동적)	Assets/BaseResource/Unit/ninja/unit_ninja_se_walk2.png	8450	아틀라스 unit_ninja.spriteatlasv2 · 코드가 이름을 조립해 꺼낸다(template)
사용(동적)	Assets/BaseResource/Unit/ninja_chain/unit_ninja_chain_e.png	7349	아틀라스 unit_ninja_chain.spriteatlasv2 · 코드가 이름을 조립해 꺼낸다(template)
사용(동적)	Assets/BaseResource/Unit/ninja_chain/unit_ninja_chain_e_atk1.png	7903	아틀라스 unit_ninja_chain.spriteatlasv2 · 코드가 이름을 조립해 꺼낸다(template)
사용(동적)	Assets/BaseResource/Unit/ninja_chain/unit_ninja_chain_e_atk2.png	8103	아틀라스 unit_ninja_chain.spriteatlasv2 · 코드가 이름을 조립해 꺼낸다(template)
사용(동적)	Assets/BaseResource/Unit/ninja_chain/unit_ninja_chain_e_die1.png	8582	아틀라스 unit_ninja_chain.spriteatlasv2 · 코드가 이름을 조립해 꺼낸다(template)
사용(동적)	Assets/BaseResource/Unit/ninja_chain/unit_ninja_chain_e_die2.png	7097	아틀라스 unit_ninja_chain.spriteatlasv2 · 코드가 이름을 조립해 꺼낸다(template)
사용(동적)	Assets/BaseResource/Unit/ninja_chain/unit_ninja_chain_e_hit.png	8597	아틀라스 unit_ninja_chain.spriteatlasv2 · 코드가 이름을 조립해 꺼낸다(template)
사용(동적)	Assets/BaseResource/Unit/ninja_chain/unit_ninja_chain_e_walk1.png	7385	아틀라스 unit_ninja_chain.spriteatlasv2 · 코드가 이름을 조립해 꺼낸다(template)
사용(동적)	Assets/BaseResource/Unit/ninja_chain/unit_ninja_chain_e_walk2.png	6743	아틀라스 unit_ninja_chain.spriteatlasv2 · 코드가 이름을 조립해 꺼낸다(template)
사용(동적)	Assets/BaseResource/Unit/ninja_chain/unit_ninja_chain_n.png	8386	아틀라스 unit_ninja_chain.spriteatlasv2 · 코드가 이름을 조립해 꺼낸다(template)
사용(동적)	Assets/BaseResource/Unit/ninja_chain/unit_ninja_chain_n_atk1.png	7474	아틀라스 unit_ninja_chain.spriteatlasv2 · 코드가 이름을 조립해 꺼낸다(template)
사용(동적)	Assets/BaseResource/Unit/ninja_chain/unit_ninja_chain_n_atk2.png	8458	아틀라스 unit_ninja_chain.spriteatlasv2 · 코드가 이름을 조립해 꺼낸다(template)
사용(동적)	Assets/BaseResource/Unit/ninja_chain/unit_ninja_chain_n_die1.png	11258	아틀라스 unit_ninja_chain.spriteatlasv2 · 코드가 이름을 조립해 꺼낸다(template)
사용(동적)	Assets/BaseResource/Unit/ninja_chain/unit_ninja_chain_n_die2.png	9848	아틀라스 unit_ninja_chain.spriteatlasv2 · 코드가 이름을 조립해 꺼낸다(template)
사용(동적)	Assets/BaseResource/Unit/ninja_chain/unit_ninja_chain_n_hit.png	9236	아틀라스 unit_ninja_chain.spriteatlasv2 · 코드가 이름을 조립해 꺼낸다(template)
사용(동적)	Assets/BaseResource/Unit/ninja_chain/unit_ninja_chain_n_walk1.png	7393	아틀라스 unit_ninja_chain.spriteatlasv2 · 코드가 이름을 조립해 꺼낸다(template)
사용(동적)	Assets/BaseResource/Unit/ninja_chain/unit_ninja_chain_n_walk2.png	7823	아틀라스 unit_ninja_chain.spriteatlasv2 · 코드가 이름을 조립해 꺼낸다(template)
사용(동적)	Assets/BaseResource/Unit/ninja_chain/unit_ninja_chain_ne.png	8511	아틀라스 unit_ninja_chain.spriteatlasv2 · 코드가 이름을 조립해 꺼낸다(template)
사용(동적)	Assets/BaseResource/Unit/ninja_chain/unit_ninja_chain_ne_atk1.png	8749	아틀라스 unit_ninja_chain.spriteatlasv2 · 코드가 이름을 조립해 꺼낸다(template)
사용(동적)	Assets/BaseResource/Unit/ninja_chain/unit_ninja_chain_ne_atk2.png	9843	아틀라스 unit_ninja_chain.spriteatlasv2 · 코드가 이름을 조립해 꺼낸다(template)
사용(동적)	Assets/BaseResource/Unit/ninja_chain/unit_ninja_chain_ne_die1.png	10280	아틀라스 unit_ninja_chain.spriteatlasv2 · 코드가 이름을 조립해 꺼낸다(template)
사용(동적)	Assets/BaseResource/Unit/ninja_chain/unit_ninja_chain_ne_die2.png	8298	아틀라스 unit_ninja_chain.spriteatlasv2 · 코드가 이름을 조립해 꺼낸다(template)
사용(동적)	Assets/BaseResource/Unit/ninja_chain/unit_ninja_chain_ne_hit.png	9177	아틀라스 unit_ninja_chain.spriteatlasv2 · 코드가 이름을 조립해 꺼낸다(template)
사용(동적)	Assets/BaseResource/Unit/ninja_chain/unit_ninja_chain_ne_walk1.png	8885	아틀라스 unit_ninja_chain.spriteatlasv2 · 코드가 이름을 조립해 꺼낸다(template)
사용(동적)	Assets/BaseResource/Unit/ninja_chain/unit_ninja_chain_ne_walk2.png	8235	아틀라스 unit_ninja_chain.spriteatlasv2 · 코드가 이름을 조립해 꺼낸다(template)
사용(동적)	Assets/BaseResource/Unit/ninja_chain/unit_ninja_chain_possess1.png	1421	아틀라스 unit_ninja_chain.spriteatlasv2 · 코드가 이름을 조립해 꺼낸다(template)
사용(동적)	Assets/BaseResource/Unit/ninja_chain/unit_ninja_chain_possess2.png	1421	아틀라스 unit_ninja_chain.spriteatlasv2 · 코드가 이름을 조립해 꺼낸다(template)
사용(동적)	Assets/BaseResource/Unit/ninja_chain/unit_ninja_chain_s.png	8411	아틀라스 unit_ninja_chain.spriteatlasv2 · 코드가 이름을 조립해 꺼낸다(template)
사용(동적)	Assets/BaseResource/Unit/ninja_chain/unit_ninja_chain_s_atk1.png	8363	아틀라스 unit_ninja_chain.spriteatlasv2 · 코드가 이름을 조립해 꺼낸다(template)
사용(동적)	Assets/BaseResource/Unit/ninja_chain/unit_ninja_chain_s_atk2.png	10077	아틀라스 unit_ninja_chain.spriteatlasv2 · 코드가 이름을 조립해 꺼낸다(template)
사용(동적)	Assets/BaseResource/Unit/ninja_chain/unit_ninja_chain_s_die1.png	12108	아틀라스 unit_ninja_chain.spriteatlasv2 · 코드가 이름을 조립해 꺼낸다(template)
사용(동적)	Assets/BaseResource/Unit/ninja_chain/unit_ninja_chain_s_die2.png	6235	아틀라스 unit_ninja_chain.spriteatlasv2 · 코드가 이름을 조립해 꺼낸다(template)
사용(동적)	Assets/BaseResource/Unit/ninja_chain/unit_ninja_chain_s_hit.png	9638	아틀라스 unit_ninja_chain.spriteatlasv2 · 코드가 이름을 조립해 꺼낸다(template)
사용(동적)	Assets/BaseResource/Unit/ninja_chain/unit_ninja_chain_s_walk1.png	7727	아틀라스 unit_ninja_chain.spriteatlasv2 · 코드가 이름을 조립해 꺼낸다(template)
사용(동적)	Assets/BaseResource/Unit/ninja_chain/unit_ninja_chain_s_walk2.png	7608	아틀라스 unit_ninja_chain.spriteatlasv2 · 코드가 이름을 조립해 꺼낸다(template)
사용(동적)	Assets/BaseResource/Unit/ninja_chain/unit_ninja_chain_se.png	8621	아틀라스 unit_ninja_chain.spriteatlasv2 · 코드가 이름을 조립해 꺼낸다(template)
사용(동적)	Assets/BaseResource/Unit/ninja_chain/unit_ninja_chain_se_atk1.png	8414	아틀라스 unit_ninja_chain.spriteatlasv2 · 코드가 이름을 조립해 꺼낸다(template)
사용(동적)	Assets/BaseResource/Unit/ninja_chain/unit_ninja_chain_se_atk2.png	9733	아틀라스 unit_ninja_chain.spriteatlasv2 · 코드가 이름을 조립해 꺼낸다(template)
사용(동적)	Assets/BaseResource/Unit/ninja_chain/unit_ninja_chain_se_die1.png	11282	아틀라스 unit_ninja_chain.spriteatlasv2 · 코드가 이름을 조립해 꺼낸다(template)
사용(동적)	Assets/BaseResource/Unit/ninja_chain/unit_ninja_chain_se_die2.png	8005	아틀라스 unit_ninja_chain.spriteatlasv2 · 코드가 이름을 조립해 꺼낸다(template)
사용(동적)	Assets/BaseResource/Unit/ninja_chain/unit_ninja_chain_se_hit.png	9879	아틀라스 unit_ninja_chain.spriteatlasv2 · 코드가 이름을 조립해 꺼낸다(template)
사용(동적)	Assets/BaseResource/Unit/ninja_chain/unit_ninja_chain_se_walk1.png	8786	아틀라스 unit_ninja_chain.spriteatlasv2 · 코드가 이름을 조립해 꺼낸다(template)
사용(동적)	Assets/BaseResource/Unit/ninja_chain/unit_ninja_chain_se_walk2.png	8235	아틀라스 unit_ninja_chain.spriteatlasv2 · 코드가 이름을 조립해 꺼낸다(template)
사용(동적)	Assets/BaseResource/Unit/python/unit_python_e_cross1.png	34020	아틀라스 unit_python.spriteatlasv2 · 코드가 이름을 조립해 꺼낸다(template)
사용(동적)	Assets/BaseResource/Unit/python/unit_python_s_die1.png	17574	아틀라스 unit_python.spriteatlasv2 · 코드가 이름을 조립해 꺼낸다(template)
사용(동적)	Assets/BaseResource/Unit/python/unit_python_s_die2.png	10971	아틀라스 unit_python.spriteatlasv2 · 코드가 이름을 조립해 꺼낸다(template)
사용(동적)	Assets/BaseResource/Unit/python/unit_python_s_die3.png	21422	아틀라스 unit_python.spriteatlasv2 · 코드가 이름을 조립해 꺼낸다(template)
사용(동적)	Assets/BaseResource/Unit/python/unit_python_s_die4.png	18283	아틀라스 unit_python.spriteatlasv2 · 코드가 이름을 조립해 꺼낸다(template)
사용(동적)	Assets/BaseResource/Unit/python/unit_python_s_in1.png	28054	아틀라스 unit_python.spriteatlasv2 · 코드가 이름을 조립해 꺼낸다(template)
사용(동적)	Assets/BaseResource/Unit/python/unit_python_s_in2.png	22464	아틀라스 unit_python.spriteatlasv2 · 코드가 이름을 조립해 꺼낸다(template)
사용(동적)	Assets/BaseResource/Unit/python/unit_python_s_in3.png	13287	아틀라스 unit_python.spriteatlasv2 · 코드가 이름을 조립해 꺼낸다(template)
사용(동적)	Assets/BaseResource/Unit/python/unit_python_s_in4.png	7149	아틀라스 unit_python.spriteatlasv2 · 코드가 이름을 조립해 꺼낸다(template)
사용(동적)	Assets/BaseResource/Unit/python/unit_python_s_out1.png	7242	아틀라스 unit_python.spriteatlasv2 · 코드가 이름을 조립해 꺼낸다(template)
사용(동적)	Assets/BaseResource/Unit/python/unit_python_s_out2.png	16456	아틀라스 unit_python.spriteatlasv2 · 코드가 이름을 조립해 꺼낸다(template)
사용(동적)	Assets/BaseResource/Unit/python/unit_python_s_out3.png	22875	아틀라스 unit_python.spriteatlasv2 · 코드가 이름을 조립해 꺼낸다(template)
사용(동적)	Assets/BaseResource/Unit/python/unit_python_s_out4.png	22184	아틀라스 unit_python.spriteatlasv2 · 코드가 이름을 조립해 꺼낸다(template)
사용(동적)	Assets/BaseResource/Unit/roadwarden/unit_roadwarden_e_atk1.png	7659	아틀라스 unit_roadwarden.spriteatlasv2 · 코드가 이름을 조립해 꺼낸다(template)
사용(동적)	Assets/BaseResource/Unit/roadwarden/unit_roadwarden_e_atk2.png	8351	아틀라스 unit_roadwarden.spriteatlasv2 · 코드가 이름을 조립해 꺼낸다(template)
사용(동적)	Assets/BaseResource/Unit/roadwarden/unit_roadwarden_e_die1.png	8628	아틀라스 unit_roadwarden.spriteatlasv2 · 코드가 이름을 조립해 꺼낸다(template)
사용(동적)	Assets/BaseResource/Unit/roadwarden/unit_roadwarden_e_die2.png	6589	아틀라스 unit_roadwarden.spriteatlasv2 · 코드가 이름을 조립해 꺼낸다(template)
사용(동적)	Assets/BaseResource/Unit/roadwarden/unit_roadwarden_e_hit.png	8768	아틀라스 unit_roadwarden.spriteatlasv2 · 코드가 이름을 조립해 꺼낸다(template)
사용(동적)	Assets/BaseResource/Unit/roadwarden/unit_roadwarden_e_walk1.png	8081	아틀라스 unit_roadwarden.spriteatlasv2 · 코드가 이름을 조립해 꺼낸다(template)
사용(동적)	Assets/BaseResource/Unit/roadwarden/unit_roadwarden_e_walk2.png	7277	아틀라스 unit_roadwarden.spriteatlasv2 · 코드가 이름을 조립해 꺼낸다(template)
사용(동적)	Assets/BaseResource/Unit/roadwarden/unit_roadwarden_n.png	5293	아틀라스 unit_roadwarden.spriteatlasv2 · 코드가 이름을 조립해 꺼낸다(template)
사용(동적)	Assets/BaseResource/Unit/roadwarden/unit_roadwarden_n_atk1.png	6145	아틀라스 unit_roadwarden.spriteatlasv2 · 코드가 이름을 조립해 꺼낸다(template)
사용(동적)	Assets/BaseResource/Unit/roadwarden/unit_roadwarden_n_atk2.png	5375	아틀라스 unit_roadwarden.spriteatlasv2 · 코드가 이름을 조립해 꺼낸다(template)
사용(동적)	Assets/BaseResource/Unit/roadwarden/unit_roadwarden_n_die1.png	8136	아틀라스 unit_roadwarden.spriteatlasv2 · 코드가 이름을 조립해 꺼낸다(template)
사용(동적)	Assets/BaseResource/Unit/roadwarden/unit_roadwarden_n_die2.png	9093	아틀라스 unit_roadwarden.spriteatlasv2 · 코드가 이름을 조립해 꺼낸다(template)
사용(동적)	Assets/BaseResource/Unit/roadwarden/unit_roadwarden_n_hit.png	6502	아틀라스 unit_roadwarden.spriteatlasv2 · 코드가 이름을 조립해 꺼낸다(template)
사용(동적)	Assets/BaseResource/Unit/roadwarden/unit_roadwarden_n_walk1.png	4758	아틀라스 unit_roadwarden.spriteatlasv2 · 코드가 이름을 조립해 꺼낸다(template)
사용(동적)	Assets/BaseResource/Unit/roadwarden/unit_roadwarden_n_walk2.png	4643	아틀라스 unit_roadwarden.spriteatlasv2 · 코드가 이름을 조립해 꺼낸다(template)
사용(동적)	Assets/BaseResource/Unit/roadwarden/unit_roadwarden_ne.png	6547	아틀라스 unit_roadwarden.spriteatlasv2 · 코드가 이름을 조립해 꺼낸다(template)
사용(동적)	Assets/BaseResource/Unit/roadwarden/unit_roadwarden_ne_atk1.png	6348	아틀라스 unit_roadwarden.spriteatlasv2 · 코드가 이름을 조립해 꺼낸다(template)
사용(동적)	Assets/BaseResource/Unit/roadwarden/unit_roadwarden_ne_atk2.png	5372	아틀라스 unit_roadwarden.spriteatlasv2 · 코드가 이름을 조립해 꺼낸다(template)
사용(동적)	Assets/BaseResource/Unit/roadwarden/unit_roadwarden_ne_die1.png	5344	아틀라스 unit_roadwarden.spriteatlasv2 · 코드가 이름을 조립해 꺼낸다(template)
사용(동적)	Assets/BaseResource/Unit/roadwarden/unit_roadwarden_ne_die2.png	7107	아틀라스 unit_roadwarden.spriteatlasv2 · 코드가 이름을 조립해 꺼낸다(template)
사용(동적)	Assets/BaseResource/Unit/roadwarden/unit_roadwarden_ne_hit.png	5893	아틀라스 unit_roadwarden.spriteatlasv2 · 코드가 이름을 조립해 꺼낸다(template)
사용(동적)	Assets/BaseResource/Unit/roadwarden/unit_roadwarden_ne_walk1.png	6197	아틀라스 unit_roadwarden.spriteatlasv2 · 코드가 이름을 조립해 꺼낸다(template)
사용(동적)	Assets/BaseResource/Unit/roadwarden/unit_roadwarden_ne_walk2.png	5966	아틀라스 unit_roadwarden.spriteatlasv2 · 코드가 이름을 조립해 꺼낸다(template)
사용(동적)	Assets/BaseResource/Unit/roadwarden/unit_roadwarden_s.png	8291	아틀라스 unit_roadwarden.spriteatlasv2 · 코드가 이름을 조립해 꺼낸다(template)
사용(동적)	Assets/BaseResource/Unit/roadwarden/unit_roadwarden_s_atk1.png	8246	아틀라스 unit_roadwarden.spriteatlasv2 · 코드가 이름을 조립해 꺼낸다(template)
사용(동적)	Assets/BaseResource/Unit/roadwarden/unit_roadwarden_s_atk2.png	7902	아틀라스 unit_roadwarden.spriteatlasv2 · 코드가 이름을 조립해 꺼낸다(template)
사용(동적)	Assets/BaseResource/Unit/roadwarden/unit_roadwarden_s_die1.png	7081	아틀라스 unit_roadwarden.spriteatlasv2 · 코드가 이름을 조립해 꺼낸다(template)
사용(동적)	Assets/BaseResource/Unit/roadwarden/unit_roadwarden_s_die2.png	8907	아틀라스 unit_roadwarden.spriteatlasv2 · 코드가 이름을 조립해 꺼낸다(template)
사용(동적)	Assets/BaseResource/Unit/roadwarden/unit_roadwarden_s_hit.png	9974	아틀라스 unit_roadwarden.spriteatlasv2 · 코드가 이름을 조립해 꺼낸다(template)
사용(동적)	Assets/BaseResource/Unit/roadwarden/unit_roadwarden_s_walk1.png	7387	아틀라스 unit_roadwarden.spriteatlasv2 · 코드가 이름을 조립해 꺼낸다(template)
사용(동적)	Assets/BaseResource/Unit/roadwarden/unit_roadwarden_s_walk2.png	7830	아틀라스 unit_roadwarden.spriteatlasv2 · 코드가 이름을 조립해 꺼낸다(template)
사용(동적)	Assets/BaseResource/Unit/roadwarden/unit_roadwarden_se_atk1.png	8758	아틀라스 unit_roadwarden.spriteatlasv2 · 코드가 이름을 조립해 꺼낸다(template)
사용(동적)	Assets/BaseResource/Unit/roadwarden/unit_roadwarden_se_atk2.png	9391	아틀라스 unit_roadwarden.spriteatlasv2 · 코드가 이름을 조립해 꺼낸다(template)
사용(동적)	Assets/BaseResource/Unit/roadwarden/unit_roadwarden_se_die1.png	7442	아틀라스 unit_roadwarden.spriteatlasv2 · 코드가 이름을 조립해 꺼낸다(template)
사용(동적)	Assets/BaseResource/Unit/roadwarden/unit_roadwarden_se_die2.png	7551	아틀라스 unit_roadwarden.spriteatlasv2 · 코드가 이름을 조립해 꺼낸다(template)
사용(동적)	Assets/BaseResource/Unit/roadwarden/unit_roadwarden_se_hit.png	9825	아틀라스 unit_roadwarden.spriteatlasv2 · 코드가 이름을 조립해 꺼낸다(template)
사용(동적)	Assets/BaseResource/Unit/roadwarden/unit_roadwarden_se_walk1.png	8986	아틀라스 unit_roadwarden.spriteatlasv2 · 코드가 이름을 조립해 꺼낸다(template)
사용(동적)	Assets/BaseResource/Unit/roadwarden/unit_roadwarden_se_walk2.png	8750	아틀라스 unit_roadwarden.spriteatlasv2 · 코드가 이름을 조립해 꺼낸다(template)
사용(동적)	Assets/BaseResource/Unit/robot/unit_robot_e.png	8342	아틀라스 unit_robot.spriteatlasv2 · 코드가 이름을 조립해 꺼낸다(template)
사용(동적)	Assets/BaseResource/Unit/robot/unit_robot_e_atk1.png	8771	아틀라스 unit_robot.spriteatlasv2 · 코드가 이름을 조립해 꺼낸다(template)
사용(동적)	Assets/BaseResource/Unit/robot/unit_robot_e_atk2.png	9642	아틀라스 unit_robot.spriteatlasv2 · 코드가 이름을 조립해 꺼낸다(template)
사용(동적)	Assets/BaseResource/Unit/robot/unit_robot_e_die1.png	11076	아틀라스 unit_robot.spriteatlasv2 · 코드가 이름을 조립해 꺼낸다(template)
사용(동적)	Assets/BaseResource/Unit/robot/unit_robot_e_die2.png	6485	아틀라스 unit_robot.spriteatlasv2 · 코드가 이름을 조립해 꺼낸다(template)
사용(동적)	Assets/BaseResource/Unit/robot/unit_robot_e_hit.png	10134	아틀라스 unit_robot.spriteatlasv2 · 코드가 이름을 조립해 꺼낸다(template)
사용(동적)	Assets/BaseResource/Unit/robot/unit_robot_e_walk1.png	9435	아틀라스 unit_robot.spriteatlasv2 · 코드가 이름을 조립해 꺼낸다(template)
사용(동적)	Assets/BaseResource/Unit/robot/unit_robot_e_walk2.png	8114	아틀라스 unit_robot.spriteatlasv2 · 코드가 이름을 조립해 꺼낸다(template)
사용(동적)	Assets/BaseResource/Unit/robot/unit_robot_n.png	9752	아틀라스 unit_robot.spriteatlasv2 · 코드가 이름을 조립해 꺼낸다(template)
사용(동적)	Assets/BaseResource/Unit/robot/unit_robot_n_atk1.png	10227	아틀라스 unit_robot.spriteatlasv2 · 코드가 이름을 조립해 꺼낸다(template)
사용(동적)	Assets/BaseResource/Unit/robot/unit_robot_n_atk2.png	10901	아틀라스 unit_robot.spriteatlasv2 · 코드가 이름을 조립해 꺼낸다(template)
사용(동적)	Assets/BaseResource/Unit/robot/unit_robot_n_die1.png	12450	아틀라스 unit_robot.spriteatlasv2 · 코드가 이름을 조립해 꺼낸다(template)
사용(동적)	Assets/BaseResource/Unit/robot/unit_robot_n_die2.png	7267	아틀라스 unit_robot.spriteatlasv2 · 코드가 이름을 조립해 꺼낸다(template)
사용(동적)	Assets/BaseResource/Unit/robot/unit_robot_n_hit.png	11179	아틀라스 unit_robot.spriteatlasv2 · 코드가 이름을 조립해 꺼낸다(template)
사용(동적)	Assets/BaseResource/Unit/robot/unit_robot_n_walk1.png	9615	아틀라스 unit_robot.spriteatlasv2 · 코드가 이름을 조립해 꺼낸다(template)
사용(동적)	Assets/BaseResource/Unit/robot/unit_robot_n_walk2.png	9249	아틀라스 unit_robot.spriteatlasv2 · 코드가 이름을 조립해 꺼낸다(template)
사용(동적)	Assets/BaseResource/Unit/robot/unit_robot_ne.png	9449	아틀라스 unit_robot.spriteatlasv2 · 코드가 이름을 조립해 꺼낸다(template)
사용(동적)	Assets/BaseResource/Unit/robot/unit_robot_ne_atk1.png	9862	아틀라스 unit_robot.spriteatlasv2 · 코드가 이름을 조립해 꺼낸다(template)
사용(동적)	Assets/BaseResource/Unit/robot/unit_robot_ne_atk2.png	10326	아틀라스 unit_robot.spriteatlasv2 · 코드가 이름을 조립해 꺼낸다(template)
사용(동적)	Assets/BaseResource/Unit/robot/unit_robot_ne_die1.png	11463	아틀라스 unit_robot.spriteatlasv2 · 코드가 이름을 조립해 꺼낸다(template)
사용(동적)	Assets/BaseResource/Unit/robot/unit_robot_ne_die2.png	6717	아틀라스 unit_robot.spriteatlasv2 · 코드가 이름을 조립해 꺼낸다(template)
사용(동적)	Assets/BaseResource/Unit/robot/unit_robot_ne_hit.png	11369	아틀라스 unit_robot.spriteatlasv2 · 코드가 이름을 조립해 꺼낸다(template)
사용(동적)	Assets/BaseResource/Unit/robot/unit_robot_ne_walk1.png	9984	아틀라스 unit_robot.spriteatlasv2 · 코드가 이름을 조립해 꺼낸다(template)
사용(동적)	Assets/BaseResource/Unit/robot/unit_robot_ne_walk2.png	9500	아틀라스 unit_robot.spriteatlasv2 · 코드가 이름을 조립해 꺼낸다(template)
사용(동적)	Assets/BaseResource/Unit/robot/unit_robot_possess1.png	2181	아틀라스 unit_robot.spriteatlasv2 · 코드가 이름을 조립해 꺼낸다(template)
사용(동적)	Assets/BaseResource/Unit/robot/unit_robot_possess2.png	2222	아틀라스 unit_robot.spriteatlasv2 · 코드가 이름을 조립해 꺼낸다(template)
사용(동적)	Assets/BaseResource/Unit/robot/unit_robot_s.png	10887	아틀라스 unit_robot.spriteatlasv2 · 코드가 이름을 조립해 꺼낸다(template)
사용(동적)	Assets/BaseResource/Unit/robot/unit_robot_s_atk1.png	11481	아틀라스 unit_robot.spriteatlasv2 · 코드가 이름을 조립해 꺼낸다(template)
사용(동적)	Assets/BaseResource/Unit/robot/unit_robot_s_atk2.png	10187	아틀라스 unit_robot.spriteatlasv2 · 코드가 이름을 조립해 꺼낸다(template)
사용(동적)	Assets/BaseResource/Unit/robot/unit_robot_s_die1.png	12830	아틀라스 unit_robot.spriteatlasv2 · 코드가 이름을 조립해 꺼낸다(template)
사용(동적)	Assets/BaseResource/Unit/robot/unit_robot_s_die2.png	7637	아틀라스 unit_robot.spriteatlasv2 · 코드가 이름을 조립해 꺼낸다(template)
사용(동적)	Assets/BaseResource/Unit/robot/unit_robot_s_hit.png	12026	아틀라스 unit_robot.spriteatlasv2 · 코드가 이름을 조립해 꺼낸다(template)
사용(동적)	Assets/BaseResource/Unit/robot/unit_robot_s_walk1.png	10094	아틀라스 unit_robot.spriteatlasv2 · 코드가 이름을 조립해 꺼낸다(template)
사용(동적)	Assets/BaseResource/Unit/robot/unit_robot_s_walk2.png	10756	아틀라스 unit_robot.spriteatlasv2 · 코드가 이름을 조립해 꺼낸다(template)
사용(동적)	Assets/BaseResource/Unit/robot/unit_robot_se.png	9781	아틀라스 unit_robot.spriteatlasv2 · 코드가 이름을 조립해 꺼낸다(template)
사용(동적)	Assets/BaseResource/Unit/robot/unit_robot_se_atk1.png	10122	아틀라스 unit_robot.spriteatlasv2 · 코드가 이름을 조립해 꺼낸다(template)
사용(동적)	Assets/BaseResource/Unit/robot/unit_robot_se_atk2.png	11147	아틀라스 unit_robot.spriteatlasv2 · 코드가 이름을 조립해 꺼낸다(template)
사용(동적)	Assets/BaseResource/Unit/robot/unit_robot_se_die1.png	11698	아틀라스 unit_robot.spriteatlasv2 · 코드가 이름을 조립해 꺼낸다(template)
사용(동적)	Assets/BaseResource/Unit/robot/unit_robot_se_die2.png	6943	아틀라스 unit_robot.spriteatlasv2 · 코드가 이름을 조립해 꺼낸다(template)
사용(동적)	Assets/BaseResource/Unit/robot/unit_robot_se_hit.png	11519	아틀라스 unit_robot.spriteatlasv2 · 코드가 이름을 조립해 꺼낸다(template)
사용(동적)	Assets/BaseResource/Unit/robot/unit_robot_se_walk1.png	9992	아틀라스 unit_robot.spriteatlasv2 · 코드가 이름을 조립해 꺼낸다(template)
사용(동적)	Assets/BaseResource/Unit/robot/unit_robot_se_walk2.png	9444	아틀라스 unit_robot.spriteatlasv2 · 코드가 이름을 조립해 꺼낸다(template)
사용(동적)	Assets/BaseResource/Unit/robot_snakes/unit_robot_snakes_e_atk1.png	12053	아틀라스 unit_robot_snakes.spriteatlasv2 · 코드가 이름을 조립해 꺼낸다(template)
사용(동적)	Assets/BaseResource/Unit/robot_snakes/unit_robot_snakes_e_atk2.png	14438	아틀라스 unit_robot_snakes.spriteatlasv2 · 코드가 이름을 조립해 꺼낸다(template)
사용(동적)	Assets/BaseResource/Unit/robot_snakes/unit_robot_snakes_e_die1.png	24265	아틀라스 unit_robot_snakes.spriteatlasv2 · 코드가 이름을 조립해 꺼낸다(template)
사용(동적)	Assets/BaseResource/Unit/robot_snakes/unit_robot_snakes_e_die2.png	12063	아틀라스 unit_robot_snakes.spriteatlasv2 · 코드가 이름을 조립해 꺼낸다(template)
사용(동적)	Assets/BaseResource/Unit/robot_snakes/unit_robot_snakes_e_hit.png	10243	아틀라스 unit_robot_snakes.spriteatlasv2 · 코드가 이름을 조립해 꺼낸다(template)
사용(동적)	Assets/BaseResource/Unit/robot_snakes/unit_robot_snakes_e_walk1.png	12519	아틀라스 unit_robot_snakes.spriteatlasv2 · 코드가 이름을 조립해 꺼낸다(template)
사용(동적)	Assets/BaseResource/Unit/robot_snakes/unit_robot_snakes_e_walk2.png	11498	아틀라스 unit_robot_snakes.spriteatlasv2 · 코드가 이름을 조립해 꺼낸다(template)
사용(동적)	Assets/BaseResource/Unit/robot_snakes/unit_robot_snakes_n.png	21452	아틀라스 unit_robot_snakes.spriteatlasv2 · 코드가 이름을 조립해 꺼낸다(template)
사용(동적)	Assets/BaseResource/Unit/robot_snakes/unit_robot_snakes_n_atk1.png	23584	아틀라스 unit_robot_snakes.spriteatlasv2 · 코드가 이름을 조립해 꺼낸다(template)
사용(동적)	Assets/BaseResource/Unit/robot_snakes/unit_robot_snakes_n_atk2.png	19797	아틀라스 unit_robot_snakes.spriteatlasv2 · 코드가 이름을 조립해 꺼낸다(template)
사용(동적)	Assets/BaseResource/Unit/robot_snakes/unit_robot_snakes_n_die1.png	23365	아틀라스 unit_robot_snakes.spriteatlasv2 · 코드가 이름을 조립해 꺼낸다(template)
사용(동적)	Assets/BaseResource/Unit/robot_snakes/unit_robot_snakes_n_die2.png	25041	아틀라스 unit_robot_snakes.spriteatlasv2 · 코드가 이름을 조립해 꺼낸다(template)
사용(동적)	Assets/BaseResource/Unit/robot_snakes/unit_robot_snakes_n_hit.png	24736	아틀라스 unit_robot_snakes.spriteatlasv2 · 코드가 이름을 조립해 꺼낸다(template)
사용(동적)	Assets/BaseResource/Unit/robot_snakes/unit_robot_snakes_n_walk1.png	25053	아틀라스 unit_robot_snakes.spriteatlasv2 · 코드가 이름을 조립해 꺼낸다(template)
사용(동적)	Assets/BaseResource/Unit/robot_snakes/unit_robot_snakes_n_walk2.png	23089	아틀라스 unit_robot_snakes.spriteatlasv2 · 코드가 이름을 조립해 꺼낸다(template)
사용(동적)	Assets/BaseResource/Unit/robot_snakes/unit_robot_snakes_ne.png	24092	아틀라스 unit_robot_snakes.spriteatlasv2 · 코드가 이름을 조립해 꺼낸다(template)
사용(동적)	Assets/BaseResource/Unit/robot_snakes/unit_robot_snakes_ne_atk1.png	24133	아틀라스 unit_robot_snakes.spriteatlasv2 · 코드가 이름을 조립해 꺼낸다(template)
사용(동적)	Assets/BaseResource/Unit/robot_snakes/unit_robot_snakes_ne_atk2.png	18635	아틀라스 unit_robot_snakes.spriteatlasv2 · 코드가 이름을 조립해 꺼낸다(template)
사용(동적)	Assets/BaseResource/Unit/robot_snakes/unit_robot_snakes_ne_die1.png	21776	아틀라스 unit_robot_snakes.spriteatlasv2 · 코드가 이름을 조립해 꺼낸다(template)
사용(동적)	Assets/BaseResource/Unit/robot_snakes/unit_robot_snakes_ne_die2.png	10842	아틀라스 unit_robot_snakes.spriteatlasv2 · 코드가 이름을 조립해 꺼낸다(template)
사용(동적)	Assets/BaseResource/Unit/robot_snakes/unit_robot_snakes_ne_hit.png	25222	아틀라스 unit_robot_snakes.spriteatlasv2 · 코드가 이름을 조립해 꺼낸다(template)
사용(동적)	Assets/BaseResource/Unit/robot_snakes/unit_robot_snakes_ne_walk1.png	23790	아틀라스 unit_robot_snakes.spriteatlasv2 · 코드가 이름을 조립해 꺼낸다(template)
사용(동적)	Assets/BaseResource/Unit/robot_snakes/unit_robot_snakes_ne_walk2.png	22972	아틀라스 unit_robot_snakes.spriteatlasv2 · 코드가 이름을 조립해 꺼낸다(template)
사용(동적)	Assets/BaseResource/Unit/robot_snakes/unit_robot_snakes_s.png	9489	아틀라스 unit_robot_snakes.spriteatlasv2 · 코드가 이름을 조립해 꺼낸다(template)
사용(동적)	Assets/BaseResource/Unit/robot_snakes/unit_robot_snakes_s_atk1.png	11313	아틀라스 unit_robot_snakes.spriteatlasv2 · 코드가 이름을 조립해 꺼낸다(template)
사용(동적)	Assets/BaseResource/Unit/robot_snakes/unit_robot_snakes_s_atk2.png	15567	아틀라스 unit_robot_snakes.spriteatlasv2 · 코드가 이름을 조립해 꺼낸다(template)
사용(동적)	Assets/BaseResource/Unit/robot_snakes/unit_robot_snakes_s_die1.png	7083	아틀라스 unit_robot_snakes.spriteatlasv2 · 코드가 이름을 조립해 꺼낸다(template)
사용(동적)	Assets/BaseResource/Unit/robot_snakes/unit_robot_snakes_s_die2.png	3763	아틀라스 unit_robot_snakes.spriteatlasv2 · 코드가 이름을 조립해 꺼낸다(template)
사용(동적)	Assets/BaseResource/Unit/robot_snakes/unit_robot_snakes_s_hit.png	8735	아틀라스 unit_robot_snakes.spriteatlasv2 · 코드가 이름을 조립해 꺼낸다(template)
사용(동적)	Assets/BaseResource/Unit/robot_snakes/unit_robot_snakes_s_tell.png	7306	아틀라스 unit_robot_snakes.spriteatlasv2 · 코드가 이름을 조립해 꺼낸다(template)
사용(동적)	Assets/BaseResource/Unit/robot_snakes/unit_robot_snakes_s_walk1.png	13234	아틀라스 unit_robot_snakes.spriteatlasv2 · 코드가 이름을 조립해 꺼낸다(template)
사용(동적)	Assets/BaseResource/Unit/robot_snakes/unit_robot_snakes_s_walk2.png	9858	아틀라스 unit_robot_snakes.spriteatlasv2 · 코드가 이름을 조립해 꺼낸다(template)
사용(동적)	Assets/BaseResource/Unit/robot_snakes/unit_robot_snakes_se_atk1.png	12054	아틀라스 unit_robot_snakes.spriteatlasv2 · 코드가 이름을 조립해 꺼낸다(template)
사용(동적)	Assets/BaseResource/Unit/robot_snakes/unit_robot_snakes_se_atk2.png	15820	아틀라스 unit_robot_snakes.spriteatlasv2 · 코드가 이름을 조립해 꺼낸다(template)
사용(동적)	Assets/BaseResource/Unit/robot_snakes/unit_robot_snakes_se_die1.png	20510	아틀라스 unit_robot_snakes.spriteatlasv2 · 코드가 이름을 조립해 꺼낸다(template)
사용(동적)	Assets/BaseResource/Unit/robot_snakes/unit_robot_snakes_se_die2.png	10248	아틀라스 unit_robot_snakes.spriteatlasv2 · 코드가 이름을 조립해 꺼낸다(template)
사용(동적)	Assets/BaseResource/Unit/robot_snakes/unit_robot_snakes_se_hit.png	9989	아틀라스 unit_robot_snakes.spriteatlasv2 · 코드가 이름을 조립해 꺼낸다(template)
사용(동적)	Assets/BaseResource/Unit/robot_snakes/unit_robot_snakes_se_walk1.png	12592	아틀라스 unit_robot_snakes.spriteatlasv2 · 코드가 이름을 조립해 꺼낸다(template)
사용(동적)	Assets/BaseResource/Unit/robot_snakes/unit_robot_snakes_se_walk2.png	11435	아틀라스 unit_robot_snakes.spriteatlasv2 · 코드가 이름을 조립해 꺼낸다(template)
사용(동적)	Assets/BaseResource/Unit/salamander/unit_salamander_e.png	8057	아틀라스 unit_salamander.spriteatlasv2 · 코드가 이름을 조립해 꺼낸다(template)
사용(동적)	Assets/BaseResource/Unit/salamander/unit_salamander_e_atk1.png	9710	아틀라스 unit_salamander.spriteatlasv2 · 코드가 이름을 조립해 꺼낸다(template)
사용(동적)	Assets/BaseResource/Unit/salamander/unit_salamander_e_atk2.png	9105	아틀라스 unit_salamander.spriteatlasv2 · 코드가 이름을 조립해 꺼낸다(template)
사용(동적)	Assets/BaseResource/Unit/salamander/unit_salamander_e_die1.png	8220	아틀라스 unit_salamander.spriteatlasv2 · 코드가 이름을 조립해 꺼낸다(template)
사용(동적)	Assets/BaseResource/Unit/salamander/unit_salamander_e_die2.png	5566	아틀라스 unit_salamander.spriteatlasv2 · 코드가 이름을 조립해 꺼낸다(template)
사용(동적)	Assets/BaseResource/Unit/salamander/unit_salamander_e_hit.png	9433	아틀라스 unit_salamander.spriteatlasv2 · 코드가 이름을 조립해 꺼낸다(template)
사용(동적)	Assets/BaseResource/Unit/salamander/unit_salamander_e_walk1.png	8515	아틀라스 unit_salamander.spriteatlasv2 · 코드가 이름을 조립해 꺼낸다(template)
사용(동적)	Assets/BaseResource/Unit/salamander/unit_salamander_e_walk2.png	7032	아틀라스 unit_salamander.spriteatlasv2 · 코드가 이름을 조립해 꺼낸다(template)
사용(동적)	Assets/BaseResource/Unit/salamander/unit_salamander_n.png	6454	아틀라스 unit_salamander.spriteatlasv2 · 코드가 이름을 조립해 꺼낸다(template)
사용(동적)	Assets/BaseResource/Unit/salamander/unit_salamander_n_atk1.png	7984	아틀라스 unit_salamander.spriteatlasv2 · 코드가 이름을 조립해 꺼낸다(template)
사용(동적)	Assets/BaseResource/Unit/salamander/unit_salamander_n_atk2.png	7321	아틀라스 unit_salamander.spriteatlasv2 · 코드가 이름을 조립해 꺼낸다(template)
사용(동적)	Assets/BaseResource/Unit/salamander/unit_salamander_n_die1.png	8046	아틀라스 unit_salamander.spriteatlasv2 · 코드가 이름을 조립해 꺼낸다(template)
사용(동적)	Assets/BaseResource/Unit/salamander/unit_salamander_n_die2.png	7771	아틀라스 unit_salamander.spriteatlasv2 · 코드가 이름을 조립해 꺼낸다(template)
사용(동적)	Assets/BaseResource/Unit/salamander/unit_salamander_n_hit.png	8420	아틀라스 unit_salamander.spriteatlasv2 · 코드가 이름을 조립해 꺼낸다(template)
사용(동적)	Assets/BaseResource/Unit/salamander/unit_salamander_n_walk1.png	6490	아틀라스 unit_salamander.spriteatlasv2 · 코드가 이름을 조립해 꺼낸다(template)
사용(동적)	Assets/BaseResource/Unit/salamander/unit_salamander_n_walk2.png	5884	아틀라스 unit_salamander.spriteatlasv2 · 코드가 이름을 조립해 꺼낸다(template)
사용(동적)	Assets/BaseResource/Unit/salamander/unit_salamander_ne.png	6605	아틀라스 unit_salamander.spriteatlasv2 · 코드가 이름을 조립해 꺼낸다(template)
사용(동적)	Assets/BaseResource/Unit/salamander/unit_salamander_ne_atk1.png	9059	아틀라스 unit_salamander.spriteatlasv2 · 코드가 이름을 조립해 꺼낸다(template)
사용(동적)	Assets/BaseResource/Unit/salamander/unit_salamander_ne_atk2.png	8531	아틀라스 unit_salamander.spriteatlasv2 · 코드가 이름을 조립해 꺼낸다(template)
사용(동적)	Assets/BaseResource/Unit/salamander/unit_salamander_ne_die1.png	7066	아틀라스 unit_salamander.spriteatlasv2 · 코드가 이름을 조립해 꺼낸다(template)
사용(동적)	Assets/BaseResource/Unit/salamander/unit_salamander_ne_die2.png	5521	아틀라스 unit_salamander.spriteatlasv2 · 코드가 이름을 조립해 꺼낸다(template)
사용(동적)	Assets/BaseResource/Unit/salamander/unit_salamander_ne_hit.png	8189	아틀라스 unit_salamander.spriteatlasv2 · 코드가 이름을 조립해 꺼낸다(template)
사용(동적)	Assets/BaseResource/Unit/salamander/unit_salamander_ne_walk1.png	7042	아틀라스 unit_salamander.spriteatlasv2 · 코드가 이름을 조립해 꺼낸다(template)
사용(동적)	Assets/BaseResource/Unit/salamander/unit_salamander_ne_walk2.png	6017	아틀라스 unit_salamander.spriteatlasv2 · 코드가 이름을 조립해 꺼낸다(template)
사용(동적)	Assets/BaseResource/Unit/salamander/unit_salamander_possess1.png	1729	아틀라스 unit_salamander.spriteatlasv2 · 코드가 이름을 조립해 꺼낸다(template)
사용(동적)	Assets/BaseResource/Unit/salamander/unit_salamander_possess2.png	1719	아틀라스 unit_salamander.spriteatlasv2 · 코드가 이름을 조립해 꺼낸다(template)
사용(동적)	Assets/BaseResource/Unit/salamander/unit_salamander_s.png	7066	아틀라스 unit_salamander.spriteatlasv2 · 코드가 이름을 조립해 꺼낸다(template)
사용(동적)	Assets/BaseResource/Unit/salamander/unit_salamander_s_atk1.png	10149	아틀라스 unit_salamander.spriteatlasv2 · 코드가 이름을 조립해 꺼낸다(template)
사용(동적)	Assets/BaseResource/Unit/salamander/unit_salamander_s_atk2.png	7753	아틀라스 unit_salamander.spriteatlasv2 · 코드가 이름을 조립해 꺼낸다(template)
사용(동적)	Assets/BaseResource/Unit/salamander/unit_salamander_s_die1.png	8015	아틀라스 unit_salamander.spriteatlasv2 · 코드가 이름을 조립해 꺼낸다(template)
사용(동적)	Assets/BaseResource/Unit/salamander/unit_salamander_s_die2.png	6753	아틀라스 unit_salamander.spriteatlasv2 · 코드가 이름을 조립해 꺼낸다(template)
사용(동적)	Assets/BaseResource/Unit/salamander/unit_salamander_s_hit.png	7840	아틀라스 unit_salamander.spriteatlasv2 · 코드가 이름을 조립해 꺼낸다(template)
사용(동적)	Assets/BaseResource/Unit/salamander/unit_salamander_s_walk1.png	6570	아틀라스 unit_salamander.spriteatlasv2 · 코드가 이름을 조립해 꺼낸다(template)
사용(동적)	Assets/BaseResource/Unit/salamander/unit_salamander_s_walk2.png	6379	아틀라스 unit_salamander.spriteatlasv2 · 코드가 이름을 조립해 꺼낸다(template)
사용(동적)	Assets/BaseResource/Unit/salamander/unit_salamander_se.png	6402	아틀라스 unit_salamander.spriteatlasv2 · 코드가 이름을 조립해 꺼낸다(template)
사용(동적)	Assets/BaseResource/Unit/salamander/unit_salamander_se_atk1.png	8107	아틀라스 unit_salamander.spriteatlasv2 · 코드가 이름을 조립해 꺼낸다(template)
사용(동적)	Assets/BaseResource/Unit/salamander/unit_salamander_se_atk2.png	6787	아틀라스 unit_salamander.spriteatlasv2 · 코드가 이름을 조립해 꺼낸다(template)
사용(동적)	Assets/BaseResource/Unit/salamander/unit_salamander_se_die1.png	7615	아틀라스 unit_salamander.spriteatlasv2 · 코드가 이름을 조립해 꺼낸다(template)
사용(동적)	Assets/BaseResource/Unit/salamander/unit_salamander_se_die2.png	5819	아틀라스 unit_salamander.spriteatlasv2 · 코드가 이름을 조립해 꺼낸다(template)
사용(동적)	Assets/BaseResource/Unit/salamander/unit_salamander_se_hit.png	7003	아틀라스 unit_salamander.spriteatlasv2 · 코드가 이름을 조립해 꺼낸다(template)
사용(동적)	Assets/BaseResource/Unit/salamander/unit_salamander_se_walk1.png	6616	아틀라스 unit_salamander.spriteatlasv2 · 코드가 이름을 조립해 꺼낸다(template)
사용(동적)	Assets/BaseResource/Unit/salamander/unit_salamander_se_walk2.png	5782	아틀라스 unit_salamander.spriteatlasv2 · 코드가 이름을 조립해 꺼낸다(template)
사용(동적)	Assets/BaseResource/Unit/scrapgunner/unit_scrapgunner_e_atk1.png	10917	아틀라스 unit_scrapgunner.spriteatlasv2 · 코드가 이름을 조립해 꺼낸다(template)
사용(동적)	Assets/BaseResource/Unit/scrapgunner/unit_scrapgunner_e_atk2.png	11672	아틀라스 unit_scrapgunner.spriteatlasv2 · 코드가 이름을 조립해 꺼낸다(template)
사용(동적)	Assets/BaseResource/Unit/scrapgunner/unit_scrapgunner_e_die1.png	9734	아틀라스 unit_scrapgunner.spriteatlasv2 · 코드가 이름을 조립해 꺼낸다(template)
사용(동적)	Assets/BaseResource/Unit/scrapgunner/unit_scrapgunner_e_die2.png	9419	아틀라스 unit_scrapgunner.spriteatlasv2 · 코드가 이름을 조립해 꺼낸다(template)
사용(동적)	Assets/BaseResource/Unit/scrapgunner/unit_scrapgunner_e_hit.png	10586	아틀라스 unit_scrapgunner.spriteatlasv2 · 코드가 이름을 조립해 꺼낸다(template)
사용(동적)	Assets/BaseResource/Unit/scrapgunner/unit_scrapgunner_e_walk1.png	10595	아틀라스 unit_scrapgunner.spriteatlasv2 · 코드가 이름을 조립해 꺼낸다(template)
사용(동적)	Assets/BaseResource/Unit/scrapgunner/unit_scrapgunner_e_walk2.png	10472	아틀라스 unit_scrapgunner.spriteatlasv2 · 코드가 이름을 조립해 꺼낸다(template)
사용(동적)	Assets/BaseResource/Unit/scrapgunner/unit_scrapgunner_n.png	9061	아틀라스 unit_scrapgunner.spriteatlasv2 · 코드가 이름을 조립해 꺼낸다(template)
사용(동적)	Assets/BaseResource/Unit/scrapgunner/unit_scrapgunner_n_atk1.png	9208	아틀라스 unit_scrapgunner.spriteatlasv2 · 코드가 이름을 조립해 꺼낸다(template)
사용(동적)	Assets/BaseResource/Unit/scrapgunner/unit_scrapgunner_n_atk2.png	9774	아틀라스 unit_scrapgunner.spriteatlasv2 · 코드가 이름을 조립해 꺼낸다(template)
사용(동적)	Assets/BaseResource/Unit/scrapgunner/unit_scrapgunner_n_die1.png	8968	아틀라스 unit_scrapgunner.spriteatlasv2 · 코드가 이름을 조립해 꺼낸다(template)
사용(동적)	Assets/BaseResource/Unit/scrapgunner/unit_scrapgunner_n_die2.png	9150	아틀라스 unit_scrapgunner.spriteatlasv2 · 코드가 이름을 조립해 꺼낸다(template)
사용(동적)	Assets/BaseResource/Unit/scrapgunner/unit_scrapgunner_n_hit.png	9456	아틀라스 unit_scrapgunner.spriteatlasv2 · 코드가 이름을 조립해 꺼낸다(template)
사용(동적)	Assets/BaseResource/Unit/scrapgunner/unit_scrapgunner_n_walk1.png	9180	아틀라스 unit_scrapgunner.spriteatlasv2 · 코드가 이름을 조립해 꺼낸다(template)
사용(동적)	Assets/BaseResource/Unit/scrapgunner/unit_scrapgunner_n_walk2.png	9051	아틀라스 unit_scrapgunner.spriteatlasv2 · 코드가 이름을 조립해 꺼낸다(template)
사용(동적)	Assets/BaseResource/Unit/scrapgunner/unit_scrapgunner_ne.png	12075	아틀라스 unit_scrapgunner.spriteatlasv2 · 코드가 이름을 조립해 꺼낸다(template)
사용(동적)	Assets/BaseResource/Unit/scrapgunner/unit_scrapgunner_ne_atk1.png	12191	아틀라스 unit_scrapgunner.spriteatlasv2 · 코드가 이름을 조립해 꺼낸다(template)
사용(동적)	Assets/BaseResource/Unit/scrapgunner/unit_scrapgunner_ne_atk2.png	12891	아틀라스 unit_scrapgunner.spriteatlasv2 · 코드가 이름을 조립해 꺼낸다(template)
사용(동적)	Assets/BaseResource/Unit/scrapgunner/unit_scrapgunner_ne_die1.png	10525	아틀라스 unit_scrapgunner.spriteatlasv2 · 코드가 이름을 조립해 꺼낸다(template)
사용(동적)	Assets/BaseResource/Unit/scrapgunner/unit_scrapgunner_ne_die2.png	10700	아틀라스 unit_scrapgunner.spriteatlasv2 · 코드가 이름을 조립해 꺼낸다(template)
사용(동적)	Assets/BaseResource/Unit/scrapgunner/unit_scrapgunner_ne_hit.png	11575	아틀라스 unit_scrapgunner.spriteatlasv2 · 코드가 이름을 조립해 꺼낸다(template)
사용(동적)	Assets/BaseResource/Unit/scrapgunner/unit_scrapgunner_ne_walk1.png	11783	아틀라스 unit_scrapgunner.spriteatlasv2 · 코드가 이름을 조립해 꺼낸다(template)
사용(동적)	Assets/BaseResource/Unit/scrapgunner/unit_scrapgunner_ne_walk2.png	12007	아틀라스 unit_scrapgunner.spriteatlasv2 · 코드가 이름을 조립해 꺼낸다(template)
사용(동적)	Assets/BaseResource/Unit/scrapgunner/unit_scrapgunner_s.png	8973	아틀라스 unit_scrapgunner.spriteatlasv2 · 코드가 이름을 조립해 꺼낸다(template)
사용(동적)	Assets/BaseResource/Unit/scrapgunner/unit_scrapgunner_s_atk1.png	9470	아틀라스 unit_scrapgunner.spriteatlasv2 · 코드가 이름을 조립해 꺼낸다(template)
사용(동적)	Assets/BaseResource/Unit/scrapgunner/unit_scrapgunner_s_atk2.png	9626	아틀라스 unit_scrapgunner.spriteatlasv2 · 코드가 이름을 조립해 꺼낸다(template)
사용(동적)	Assets/BaseResource/Unit/scrapgunner/unit_scrapgunner_s_die1.png	9665	아틀라스 unit_scrapgunner.spriteatlasv2 · 코드가 이름을 조립해 꺼낸다(template)
사용(동적)	Assets/BaseResource/Unit/scrapgunner/unit_scrapgunner_s_die2.png	9563	아틀라스 unit_scrapgunner.spriteatlasv2 · 코드가 이름을 조립해 꺼낸다(template)
사용(동적)	Assets/BaseResource/Unit/scrapgunner/unit_scrapgunner_s_hit.png	10071	아틀라스 unit_scrapgunner.spriteatlasv2 · 코드가 이름을 조립해 꺼낸다(template)
사용(동적)	Assets/BaseResource/Unit/scrapgunner/unit_scrapgunner_s_walk1.png	9157	아틀라스 unit_scrapgunner.spriteatlasv2 · 코드가 이름을 조립해 꺼낸다(template)
사용(동적)	Assets/BaseResource/Unit/scrapgunner/unit_scrapgunner_s_walk2.png	9151	아틀라스 unit_scrapgunner.spriteatlasv2 · 코드가 이름을 조립해 꺼낸다(template)
사용(동적)	Assets/BaseResource/Unit/scrapgunner/unit_scrapgunner_se_atk1.png	11015	아틀라스 unit_scrapgunner.spriteatlasv2 · 코드가 이름을 조립해 꺼낸다(template)
사용(동적)	Assets/BaseResource/Unit/scrapgunner/unit_scrapgunner_se_atk2.png	12163	아틀라스 unit_scrapgunner.spriteatlasv2 · 코드가 이름을 조립해 꺼낸다(template)
사용(동적)	Assets/BaseResource/Unit/scrapgunner/unit_scrapgunner_se_die1.png	9958	아틀라스 unit_scrapgunner.spriteatlasv2 · 코드가 이름을 조립해 꺼낸다(template)
사용(동적)	Assets/BaseResource/Unit/scrapgunner/unit_scrapgunner_se_die2.png	9818	아틀라스 unit_scrapgunner.spriteatlasv2 · 코드가 이름을 조립해 꺼낸다(template)
사용(동적)	Assets/BaseResource/Unit/scrapgunner/unit_scrapgunner_se_hit.png	11061	아틀라스 unit_scrapgunner.spriteatlasv2 · 코드가 이름을 조립해 꺼낸다(template)
사용(동적)	Assets/BaseResource/Unit/scrapgunner/unit_scrapgunner_se_walk1.png	11004	아틀라스 unit_scrapgunner.spriteatlasv2 · 코드가 이름을 조립해 꺼낸다(template)
사용(동적)	Assets/BaseResource/Unit/scrapgunner/unit_scrapgunner_se_walk2.png	11029	아틀라스 unit_scrapgunner.spriteatlasv2 · 코드가 이름을 조립해 꺼낸다(template)
사용(동적)	Assets/BaseResource/Unit/skeleton/unit_skeleton_e_atk1.png	6514	아틀라스 unit_skeleton.spriteatlasv2 · 코드가 이름을 조립해 꺼낸다(template)
사용(동적)	Assets/BaseResource/Unit/skeleton/unit_skeleton_e_atk2.png	6624	아틀라스 unit_skeleton.spriteatlasv2 · 코드가 이름을 조립해 꺼낸다(template)
사용(동적)	Assets/BaseResource/Unit/skeleton/unit_skeleton_e_die1.png	5561	아틀라스 unit_skeleton.spriteatlasv2 · 코드가 이름을 조립해 꺼낸다(template)
사용(동적)	Assets/BaseResource/Unit/skeleton/unit_skeleton_e_die2.png	4484	아틀라스 unit_skeleton.spriteatlasv2 · 코드가 이름을 조립해 꺼낸다(template)
사용(동적)	Assets/BaseResource/Unit/skeleton/unit_skeleton_e_hit.png	6819	아틀라스 unit_skeleton.spriteatlasv2 · 코드가 이름을 조립해 꺼낸다(template)
사용(동적)	Assets/BaseResource/Unit/skeleton/unit_skeleton_e_walk1.png	5959	아틀라스 unit_skeleton.spriteatlasv2 · 코드가 이름을 조립해 꺼낸다(template)
사용(동적)	Assets/BaseResource/Unit/skeleton/unit_skeleton_e_walk2.png	5956	아틀라스 unit_skeleton.spriteatlasv2 · 코드가 이름을 조립해 꺼낸다(template)
사용(동적)	Assets/BaseResource/Unit/skeleton/unit_skeleton_n.png	6880	아틀라스 unit_skeleton.spriteatlasv2 · 코드가 이름을 조립해 꺼낸다(template)
사용(동적)	Assets/BaseResource/Unit/skeleton/unit_skeleton_n_atk1.png	7228	아틀라스 unit_skeleton.spriteatlasv2 · 코드가 이름을 조립해 꺼낸다(template)
사용(동적)	Assets/BaseResource/Unit/skeleton/unit_skeleton_n_atk2.png	7207	아틀라스 unit_skeleton.spriteatlasv2 · 코드가 이름을 조립해 꺼낸다(template)
사용(동적)	Assets/BaseResource/Unit/skeleton/unit_skeleton_n_die1.png	6548	아틀라스 unit_skeleton.spriteatlasv2 · 코드가 이름을 조립해 꺼낸다(template)
사용(동적)	Assets/BaseResource/Unit/skeleton/unit_skeleton_n_die2.png	4515	아틀라스 unit_skeleton.spriteatlasv2 · 코드가 이름을 조립해 꺼낸다(template)
사용(동적)	Assets/BaseResource/Unit/skeleton/unit_skeleton_n_hit.png	7820	아틀라스 unit_skeleton.spriteatlasv2 · 코드가 이름을 조립해 꺼낸다(template)
사용(동적)	Assets/BaseResource/Unit/skeleton/unit_skeleton_n_walk1.png	6938	아틀라스 unit_skeleton.spriteatlasv2 · 코드가 이름을 조립해 꺼낸다(template)
사용(동적)	Assets/BaseResource/Unit/skeleton/unit_skeleton_n_walk2.png	6789	아틀라스 unit_skeleton.spriteatlasv2 · 코드가 이름을 조립해 꺼낸다(template)
사용(동적)	Assets/BaseResource/Unit/skeleton/unit_skeleton_ne.png	6638	아틀라스 unit_skeleton.spriteatlasv2 · 코드가 이름을 조립해 꺼낸다(template)
사용(동적)	Assets/BaseResource/Unit/skeleton/unit_skeleton_ne_atk1.png	6899	아틀라스 unit_skeleton.spriteatlasv2 · 코드가 이름을 조립해 꺼낸다(template)
사용(동적)	Assets/BaseResource/Unit/skeleton/unit_skeleton_ne_atk2.png	7153	아틀라스 unit_skeleton.spriteatlasv2 · 코드가 이름을 조립해 꺼낸다(template)
사용(동적)	Assets/BaseResource/Unit/skeleton/unit_skeleton_ne_die1.png	5706	아틀라스 unit_skeleton.spriteatlasv2 · 코드가 이름을 조립해 꺼낸다(template)
사용(동적)	Assets/BaseResource/Unit/skeleton/unit_skeleton_ne_die2.png	6111	아틀라스 unit_skeleton.spriteatlasv2 · 코드가 이름을 조립해 꺼낸다(template)
사용(동적)	Assets/BaseResource/Unit/skeleton/unit_skeleton_ne_hit.png	6902	아틀라스 unit_skeleton.spriteatlasv2 · 코드가 이름을 조립해 꺼낸다(template)
사용(동적)	Assets/BaseResource/Unit/skeleton/unit_skeleton_ne_walk1.png	6626	아틀라스 unit_skeleton.spriteatlasv2 · 코드가 이름을 조립해 꺼낸다(template)
사용(동적)	Assets/BaseResource/Unit/skeleton/unit_skeleton_ne_walk2.png	6673	아틀라스 unit_skeleton.spriteatlasv2 · 코드가 이름을 조립해 꺼낸다(template)
사용(동적)	Assets/BaseResource/Unit/skeleton/unit_skeleton_s.png	7146	아틀라스 unit_skeleton.spriteatlasv2 · 코드가 이름을 조립해 꺼낸다(template)
사용(동적)	Assets/BaseResource/Unit/skeleton/unit_skeleton_s_atk1.png	7388	아틀라스 unit_skeleton.spriteatlasv2 · 코드가 이름을 조립해 꺼낸다(template)
사용(동적)	Assets/BaseResource/Unit/skeleton/unit_skeleton_s_atk2.png	7433	아틀라스 unit_skeleton.spriteatlasv2 · 코드가 이름을 조립해 꺼낸다(template)
사용(동적)	Assets/BaseResource/Unit/skeleton/unit_skeleton_s_die1.png	6603	아틀라스 unit_skeleton.spriteatlasv2 · 코드가 이름을 조립해 꺼낸다(template)
사용(동적)	Assets/BaseResource/Unit/skeleton/unit_skeleton_s_die2.png	5819	아틀라스 unit_skeleton.spriteatlasv2 · 코드가 이름을 조립해 꺼낸다(template)
사용(동적)	Assets/BaseResource/Unit/skeleton/unit_skeleton_s_hit.png	7454	아틀라스 unit_skeleton.spriteatlasv2 · 코드가 이름을 조립해 꺼낸다(template)
사용(동적)	Assets/BaseResource/Unit/skeleton/unit_skeleton_s_walk1.png	6841	아틀라스 unit_skeleton.spriteatlasv2 · 코드가 이름을 조립해 꺼낸다(template)
사용(동적)	Assets/BaseResource/Unit/skeleton/unit_skeleton_s_walk2.png	6878	아틀라스 unit_skeleton.spriteatlasv2 · 코드가 이름을 조립해 꺼낸다(template)
사용(동적)	Assets/BaseResource/Unit/skeleton/unit_skeleton_se_atk1.png	7221	아틀라스 unit_skeleton.spriteatlasv2 · 코드가 이름을 조립해 꺼낸다(template)
사용(동적)	Assets/BaseResource/Unit/skeleton/unit_skeleton_se_atk2.png	7404	아틀라스 unit_skeleton.spriteatlasv2 · 코드가 이름을 조립해 꺼낸다(template)
사용(동적)	Assets/BaseResource/Unit/skeleton/unit_skeleton_se_die1.png	5895	아틀라스 unit_skeleton.spriteatlasv2 · 코드가 이름을 조립해 꺼낸다(template)
사용(동적)	Assets/BaseResource/Unit/skeleton/unit_skeleton_se_die2.png	4939	아틀라스 unit_skeleton.spriteatlasv2 · 코드가 이름을 조립해 꺼낸다(template)
사용(동적)	Assets/BaseResource/Unit/skeleton/unit_skeleton_se_hit.png	7488	아틀라스 unit_skeleton.spriteatlasv2 · 코드가 이름을 조립해 꺼낸다(template)
사용(동적)	Assets/BaseResource/Unit/skeleton/unit_skeleton_se_walk1.png	6859	아틀라스 unit_skeleton.spriteatlasv2 · 코드가 이름을 조립해 꺼낸다(template)
사용(동적)	Assets/BaseResource/Unit/skeleton/unit_skeleton_se_walk2.png	6590	아틀라스 unit_skeleton.spriteatlasv2 · 코드가 이름을 조립해 꺼낸다(template)
사용(동적)	Assets/BaseResource/Unit/sludge/unit_sludge_e_atk1.png	11242	아틀라스 unit_sludge.spriteatlasv2 · 코드가 이름을 조립해 꺼낸다(template)
사용(동적)	Assets/BaseResource/Unit/sludge/unit_sludge_e_atk2.png	12270	아틀라스 unit_sludge.spriteatlasv2 · 코드가 이름을 조립해 꺼낸다(template)
사용(동적)	Assets/BaseResource/Unit/sludge/unit_sludge_e_die1.png	31693	아틀라스 unit_sludge.spriteatlasv2 · 코드가 이름을 조립해 꺼낸다(template)
사용(동적)	Assets/BaseResource/Unit/sludge/unit_sludge_e_die2.png	18125	아틀라스 unit_sludge.spriteatlasv2 · 코드가 이름을 조립해 꺼낸다(template)
사용(동적)	Assets/BaseResource/Unit/sludge/unit_sludge_e_hit.png	12299	아틀라스 unit_sludge.spriteatlasv2 · 코드가 이름을 조립해 꺼낸다(template)
사용(동적)	Assets/BaseResource/Unit/sludge/unit_sludge_e_walk1.png	10545	아틀라스 unit_sludge.spriteatlasv2 · 코드가 이름을 조립해 꺼낸다(template)
사용(동적)	Assets/BaseResource/Unit/sludge/unit_sludge_e_walk2.png	9568	아틀라스 unit_sludge.spriteatlasv2 · 코드가 이름을 조립해 꺼낸다(template)
사용(동적)	Assets/BaseResource/Unit/sludge/unit_sludge_n.png	44839	아틀라스 unit_sludge.spriteatlasv2 · 코드가 이름을 조립해 꺼낸다(template)
사용(동적)	Assets/BaseResource/Unit/sludge/unit_sludge_n_atk1.png	47569	아틀라스 unit_sludge.spriteatlasv2 · 코드가 이름을 조립해 꺼낸다(template)
사용(동적)	Assets/BaseResource/Unit/sludge/unit_sludge_n_atk2.png	36131	아틀라스 unit_sludge.spriteatlasv2 · 코드가 이름을 조립해 꺼낸다(template)
사용(동적)	Assets/BaseResource/Unit/sludge/unit_sludge_n_die1.png	38036	아틀라스 unit_sludge.spriteatlasv2 · 코드가 이름을 조립해 꺼낸다(template)
사용(동적)	Assets/BaseResource/Unit/sludge/unit_sludge_n_die2.png	19514	아틀라스 unit_sludge.spriteatlasv2 · 코드가 이름을 조립해 꺼낸다(template)
사용(동적)	Assets/BaseResource/Unit/sludge/unit_sludge_n_hit.png	55957	아틀라스 unit_sludge.spriteatlasv2 · 코드가 이름을 조립해 꺼낸다(template)
사용(동적)	Assets/BaseResource/Unit/sludge/unit_sludge_n_walk1.png	40968	아틀라스 unit_sludge.spriteatlasv2 · 코드가 이름을 조립해 꺼낸다(template)
사용(동적)	Assets/BaseResource/Unit/sludge/unit_sludge_n_walk2.png	42300	아틀라스 unit_sludge.spriteatlasv2 · 코드가 이름을 조립해 꺼낸다(template)
사용(동적)	Assets/BaseResource/Unit/sludge/unit_sludge_ne.png	41928	아틀라스 unit_sludge.spriteatlasv2 · 코드가 이름을 조립해 꺼낸다(template)
사용(동적)	Assets/BaseResource/Unit/sludge/unit_sludge_ne_atk1.png	45170	아틀라스 unit_sludge.spriteatlasv2 · 코드가 이름을 조립해 꺼낸다(template)
사용(동적)	Assets/BaseResource/Unit/sludge/unit_sludge_ne_atk2.png	50199	아틀라스 unit_sludge.spriteatlasv2 · 코드가 이름을 조립해 꺼낸다(template)
사용(동적)	Assets/BaseResource/Unit/sludge/unit_sludge_ne_die1.png	37251	아틀라스 unit_sludge.spriteatlasv2 · 코드가 이름을 조립해 꺼낸다(template)
사용(동적)	Assets/BaseResource/Unit/sludge/unit_sludge_ne_die2.png	20994	아틀라스 unit_sludge.spriteatlasv2 · 코드가 이름을 조립해 꺼낸다(template)
사용(동적)	Assets/BaseResource/Unit/sludge/unit_sludge_ne_hit.png	54857	아틀라스 unit_sludge.spriteatlasv2 · 코드가 이름을 조립해 꺼낸다(template)
사용(동적)	Assets/BaseResource/Unit/sludge/unit_sludge_ne_walk1.png	46616	아틀라스 unit_sludge.spriteatlasv2 · 코드가 이름을 조립해 꺼낸다(template)
사용(동적)	Assets/BaseResource/Unit/sludge/unit_sludge_ne_walk2.png	42165	아틀라스 unit_sludge.spriteatlasv2 · 코드가 이름을 조립해 꺼낸다(template)
사용(동적)	Assets/BaseResource/Unit/sludge/unit_sludge_s.png	12505	아틀라스 unit_sludge.spriteatlasv2 · 코드가 이름을 조립해 꺼낸다(template)
사용(동적)	Assets/BaseResource/Unit/sludge/unit_sludge_s_atk1.png	13450	아틀라스 unit_sludge.spriteatlasv2 · 코드가 이름을 조립해 꺼낸다(template)
사용(동적)	Assets/BaseResource/Unit/sludge/unit_sludge_s_atk2.png	13872	아틀라스 unit_sludge.spriteatlasv2 · 코드가 이름을 조립해 꺼낸다(template)
사용(동적)	Assets/BaseResource/Unit/sludge/unit_sludge_s_die1.png	9778	아틀라스 unit_sludge.spriteatlasv2 · 코드가 이름을 조립해 꺼낸다(template)
사용(동적)	Assets/BaseResource/Unit/sludge/unit_sludge_s_die2.png	5076	아틀라스 unit_sludge.spriteatlasv2 · 코드가 이름을 조립해 꺼낸다(template)
사용(동적)	Assets/BaseResource/Unit/sludge/unit_sludge_s_hit.png	13647	아틀라스 unit_sludge.spriteatlasv2 · 코드가 이름을 조립해 꺼낸다(template)
사용(동적)	Assets/BaseResource/Unit/sludge/unit_sludge_s_tell.png	14953	아틀라스 unit_sludge.spriteatlasv2 · 코드가 이름을 조립해 꺼낸다(template)
사용(동적)	Assets/BaseResource/Unit/sludge/unit_sludge_s_walk1.png	7974	아틀라스 unit_sludge.spriteatlasv2 · 코드가 이름을 조립해 꺼낸다(template)
사용(동적)	Assets/BaseResource/Unit/sludge/unit_sludge_s_walk2.png	11313	아틀라스 unit_sludge.spriteatlasv2 · 코드가 이름을 조립해 꺼낸다(template)
사용(동적)	Assets/BaseResource/Unit/sludge/unit_sludge_se_atk1.png	18329	아틀라스 unit_sludge.spriteatlasv2 · 코드가 이름을 조립해 꺼낸다(template)
사용(동적)	Assets/BaseResource/Unit/sludge/unit_sludge_se_atk2.png	18924	아틀라스 unit_sludge.spriteatlasv2 · 코드가 이름을 조립해 꺼낸다(template)
사용(동적)	Assets/BaseResource/Unit/sludge/unit_sludge_se_die1.png	38327	아틀라스 unit_sludge.spriteatlasv2 · 코드가 이름을 조립해 꺼낸다(template)
사용(동적)	Assets/BaseResource/Unit/sludge/unit_sludge_se_die2.png	21165	아틀라스 unit_sludge.spriteatlasv2 · 코드가 이름을 조립해 꺼낸다(template)
사용(동적)	Assets/BaseResource/Unit/sludge/unit_sludge_se_hit.png	20933	아틀라스 unit_sludge.spriteatlasv2 · 코드가 이름을 조립해 꺼낸다(template)
사용(동적)	Assets/BaseResource/Unit/sludge/unit_sludge_se_walk1.png	17682	아틀라스 unit_sludge.spriteatlasv2 · 코드가 이름을 조립해 꺼낸다(template)
사용(동적)	Assets/BaseResource/Unit/sludge/unit_sludge_se_walk2.png	13402	아틀라스 unit_sludge.spriteatlasv2 · 코드가 이름을 조립해 꺼낸다(template)
사용(동적)	Assets/BaseResource/Unit/snowwoman/unit_snowwoman_e.png	8559	아틀라스 unit_snowwoman.spriteatlasv2 · 코드가 이름을 조립해 꺼낸다(template)
사용(동적)	Assets/BaseResource/Unit/snowwoman/unit_snowwoman_e_atk1.png	7782	아틀라스 unit_snowwoman.spriteatlasv2 · 코드가 이름을 조립해 꺼낸다(template)
사용(동적)	Assets/BaseResource/Unit/snowwoman/unit_snowwoman_e_atk2.png	8589	아틀라스 unit_snowwoman.spriteatlasv2 · 코드가 이름을 조립해 꺼낸다(template)
사용(동적)	Assets/BaseResource/Unit/snowwoman/unit_snowwoman_e_die1.png	9394	아틀라스 unit_snowwoman.spriteatlasv2 · 코드가 이름을 조립해 꺼낸다(template)
사용(동적)	Assets/BaseResource/Unit/snowwoman/unit_snowwoman_e_die2.png	7371	아틀라스 unit_snowwoman.spriteatlasv2 · 코드가 이름을 조립해 꺼낸다(template)
사용(동적)	Assets/BaseResource/Unit/snowwoman/unit_snowwoman_e_hit.png	8507	아틀라스 unit_snowwoman.spriteatlasv2 · 코드가 이름을 조립해 꺼낸다(template)
사용(동적)	Assets/BaseResource/Unit/snowwoman/unit_snowwoman_e_walk1.png	9155	아틀라스 unit_snowwoman.spriteatlasv2 · 코드가 이름을 조립해 꺼낸다(template)
사용(동적)	Assets/BaseResource/Unit/snowwoman/unit_snowwoman_e_walk2.png	8149	아틀라스 unit_snowwoman.spriteatlasv2 · 코드가 이름을 조립해 꺼낸다(template)
사용(동적)	Assets/BaseResource/Unit/snowwoman/unit_snowwoman_n.png	8190	아틀라스 unit_snowwoman.spriteatlasv2 · 코드가 이름을 조립해 꺼낸다(template)
사용(동적)	Assets/BaseResource/Unit/snowwoman/unit_snowwoman_n_atk1.png	8215	아틀라스 unit_snowwoman.spriteatlasv2 · 코드가 이름을 조립해 꺼낸다(template)
사용(동적)	Assets/BaseResource/Unit/snowwoman/unit_snowwoman_n_atk2.png	8989	아틀라스 unit_snowwoman.spriteatlasv2 · 코드가 이름을 조립해 꺼낸다(template)
사용(동적)	Assets/BaseResource/Unit/snowwoman/unit_snowwoman_n_die1.png	9539	아틀라스 unit_snowwoman.spriteatlasv2 · 코드가 이름을 조립해 꺼낸다(template)
사용(동적)	Assets/BaseResource/Unit/snowwoman/unit_snowwoman_n_die2.png	8150	아틀라스 unit_snowwoman.spriteatlasv2 · 코드가 이름을 조립해 꺼낸다(template)
사용(동적)	Assets/BaseResource/Unit/snowwoman/unit_snowwoman_n_hit.png	9359	아틀라스 unit_snowwoman.spriteatlasv2 · 코드가 이름을 조립해 꺼낸다(template)
사용(동적)	Assets/BaseResource/Unit/snowwoman/unit_snowwoman_n_walk1.png	8534	아틀라스 unit_snowwoman.spriteatlasv2 · 코드가 이름을 조립해 꺼낸다(template)
사용(동적)	Assets/BaseResource/Unit/snowwoman/unit_snowwoman_n_walk2.png	8171	아틀라스 unit_snowwoman.spriteatlasv2 · 코드가 이름을 조립해 꺼낸다(template)
사용(동적)	Assets/BaseResource/Unit/snowwoman/unit_snowwoman_ne.png	7543	아틀라스 unit_snowwoman.spriteatlasv2 · 코드가 이름을 조립해 꺼낸다(template)
사용(동적)	Assets/BaseResource/Unit/snowwoman/unit_snowwoman_ne_atk1.png	7932	아틀라스 unit_snowwoman.spriteatlasv2 · 코드가 이름을 조립해 꺼낸다(template)
사용(동적)	Assets/BaseResource/Unit/snowwoman/unit_snowwoman_ne_atk2.png	9021	아틀라스 unit_snowwoman.spriteatlasv2 · 코드가 이름을 조립해 꺼낸다(template)
사용(동적)	Assets/BaseResource/Unit/snowwoman/unit_snowwoman_ne_die1.png	12094	아틀라스 unit_snowwoman.spriteatlasv2 · 코드가 이름을 조립해 꺼낸다(template)
사용(동적)	Assets/BaseResource/Unit/snowwoman/unit_snowwoman_ne_die2.png	8549	아틀라스 unit_snowwoman.spriteatlasv2 · 코드가 이름을 조립해 꺼낸다(template)
사용(동적)	Assets/BaseResource/Unit/snowwoman/unit_snowwoman_ne_hit.png	8975	아틀라스 unit_snowwoman.spriteatlasv2 · 코드가 이름을 조립해 꺼낸다(template)
사용(동적)	Assets/BaseResource/Unit/snowwoman/unit_snowwoman_ne_walk1.png	8072	아틀라스 unit_snowwoman.spriteatlasv2 · 코드가 이름을 조립해 꺼낸다(template)
사용(동적)	Assets/BaseResource/Unit/snowwoman/unit_snowwoman_ne_walk2.png	7301	아틀라스 unit_snowwoman.spriteatlasv2 · 코드가 이름을 조립해 꺼낸다(template)
사용(동적)	Assets/BaseResource/Unit/snowwoman/unit_snowwoman_possess1.png	1765	아틀라스 unit_snowwoman.spriteatlasv2 · 코드가 이름을 조립해 꺼낸다(template)
사용(동적)	Assets/BaseResource/Unit/snowwoman/unit_snowwoman_possess2.png	1745	아틀라스 unit_snowwoman.spriteatlasv2 · 코드가 이름을 조립해 꺼낸다(template)
사용(동적)	Assets/BaseResource/Unit/snowwoman/unit_snowwoman_s.png	8469	아틀라스 unit_snowwoman.spriteatlasv2 · 코드가 이름을 조립해 꺼낸다(template)
사용(동적)	Assets/BaseResource/Unit/snowwoman/unit_snowwoman_s_atk1.png	8464	아틀라스 unit_snowwoman.spriteatlasv2 · 코드가 이름을 조립해 꺼낸다(template)
사용(동적)	Assets/BaseResource/Unit/snowwoman/unit_snowwoman_s_atk2.png	7785	아틀라스 unit_snowwoman.spriteatlasv2 · 코드가 이름을 조립해 꺼낸다(template)
사용(동적)	Assets/BaseResource/Unit/snowwoman/unit_snowwoman_s_die1.png	12661	아틀라스 unit_snowwoman.spriteatlasv2 · 코드가 이름을 조립해 꺼낸다(template)
사용(동적)	Assets/BaseResource/Unit/snowwoman/unit_snowwoman_s_die2.png	7121	아틀라스 unit_snowwoman.spriteatlasv2 · 코드가 이름을 조립해 꺼낸다(template)
사용(동적)	Assets/BaseResource/Unit/snowwoman/unit_snowwoman_s_hit.png	9730	아틀라스 unit_snowwoman.spriteatlasv2 · 코드가 이름을 조립해 꺼낸다(template)
사용(동적)	Assets/BaseResource/Unit/snowwoman/unit_snowwoman_s_walk1.png	8649	아틀라스 unit_snowwoman.spriteatlasv2 · 코드가 이름을 조립해 꺼낸다(template)
사용(동적)	Assets/BaseResource/Unit/snowwoman/unit_snowwoman_s_walk2.png	8081	아틀라스 unit_snowwoman.spriteatlasv2 · 코드가 이름을 조립해 꺼낸다(template)
사용(동적)	Assets/BaseResource/Unit/snowwoman/unit_snowwoman_se.png	7967	아틀라스 unit_snowwoman.spriteatlasv2 · 코드가 이름을 조립해 꺼낸다(template)
사용(동적)	Assets/BaseResource/Unit/snowwoman/unit_snowwoman_se_atk1.png	7342	아틀라스 unit_snowwoman.spriteatlasv2 · 코드가 이름을 조립해 꺼낸다(template)
사용(동적)	Assets/BaseResource/Unit/snowwoman/unit_snowwoman_se_atk2.png	8894	아틀라스 unit_snowwoman.spriteatlasv2 · 코드가 이름을 조립해 꺼낸다(template)
사용(동적)	Assets/BaseResource/Unit/snowwoman/unit_snowwoman_se_die1.png	10659	아틀라스 unit_snowwoman.spriteatlasv2 · 코드가 이름을 조립해 꺼낸다(template)
사용(동적)	Assets/BaseResource/Unit/snowwoman/unit_snowwoman_se_die2.png	7702	아틀라스 unit_snowwoman.spriteatlasv2 · 코드가 이름을 조립해 꺼낸다(template)
사용(동적)	Assets/BaseResource/Unit/snowwoman/unit_snowwoman_se_hit.png	9507	아틀라스 unit_snowwoman.spriteatlasv2 · 코드가 이름을 조립해 꺼낸다(template)
사용(동적)	Assets/BaseResource/Unit/snowwoman/unit_snowwoman_se_walk1.png	8712	아틀라스 unit_snowwoman.spriteatlasv2 · 코드가 이름을 조립해 꺼낸다(template)
사용(동적)	Assets/BaseResource/Unit/snowwoman/unit_snowwoman_se_walk2.png	7485	아틀라스 unit_snowwoman.spriteatlasv2 · 코드가 이름을 조립해 꺼낸다(template)
사용(동적)	Assets/BaseResource/Unit/spider/unit_spider_e.png	9729	아틀라스 unit_spider.spriteatlasv2 · 코드가 이름을 조립해 꺼낸다(template)
사용(동적)	Assets/BaseResource/Unit/spider/unit_spider_e_atk1.png	10920	아틀라스 unit_spider.spriteatlasv2 · 코드가 이름을 조립해 꺼낸다(template)
사용(동적)	Assets/BaseResource/Unit/spider/unit_spider_e_atk2.png	11157	아틀라스 unit_spider.spriteatlasv2 · 코드가 이름을 조립해 꺼낸다(template)
사용(동적)	Assets/BaseResource/Unit/spider/unit_spider_e_die1.png	8142	아틀라스 unit_spider.spriteatlasv2 · 코드가 이름을 조립해 꺼낸다(template)
사용(동적)	Assets/BaseResource/Unit/spider/unit_spider_e_die2.png	8880	아틀라스 unit_spider.spriteatlasv2 · 코드가 이름을 조립해 꺼낸다(template)
사용(동적)	Assets/BaseResource/Unit/spider/unit_spider_e_hit.png	10389	아틀라스 unit_spider.spriteatlasv2 · 코드가 이름을 조립해 꺼낸다(template)
사용(동적)	Assets/BaseResource/Unit/spider/unit_spider_e_walk1.png	9473	아틀라스 unit_spider.spriteatlasv2 · 코드가 이름을 조립해 꺼낸다(template)
사용(동적)	Assets/BaseResource/Unit/spider/unit_spider_e_walk2.png	9704	아틀라스 unit_spider.spriteatlasv2 · 코드가 이름을 조립해 꺼낸다(template)
사용(동적)	Assets/BaseResource/Unit/spider/unit_spider_lay_e_1.png	11210	아틀라스 unit_spider.spriteatlasv2 · 코드가 이름을 조립해 꺼낸다(template)
사용(동적)	Assets/BaseResource/Unit/spider/unit_spider_lay_e_2.png	12459	아틀라스 unit_spider.spriteatlasv2 · 코드가 이름을 조립해 꺼낸다(template)
사용(동적)	Assets/BaseResource/Unit/spider/unit_spider_lay_e_3.png	13577	아틀라스 unit_spider.spriteatlasv2 · 코드가 이름을 조립해 꺼낸다(template)
사용(동적)	Assets/BaseResource/Unit/spider/unit_spider_lay_w_1.png	11224	아틀라스 unit_spider.spriteatlasv2 · 코드가 이름을 조립해 꺼낸다(template)
사용(동적)	Assets/BaseResource/Unit/spider/unit_spider_lay_w_2.png	12478	아틀라스 unit_spider.spriteatlasv2 · 코드가 이름을 조립해 꺼낸다(template)
사용(동적)	Assets/BaseResource/Unit/spider/unit_spider_lay_w_3.png	13587	아틀라스 unit_spider.spriteatlasv2 · 코드가 이름을 조립해 꺼낸다(template)
사용(동적)	Assets/BaseResource/Unit/spider/unit_spider_n.png	9887	아틀라스 unit_spider.spriteatlasv2 · 코드가 이름을 조립해 꺼낸다(template)
사용(동적)	Assets/BaseResource/Unit/spider/unit_spider_n_atk1.png	9970	아틀라스 unit_spider.spriteatlasv2 · 코드가 이름을 조립해 꺼낸다(template)
사용(동적)	Assets/BaseResource/Unit/spider/unit_spider_n_atk2.png	11068	아틀라스 unit_spider.spriteatlasv2 · 코드가 이름을 조립해 꺼낸다(template)
사용(동적)	Assets/BaseResource/Unit/spider/unit_spider_n_die1.png	7594	아틀라스 unit_spider.spriteatlasv2 · 코드가 이름을 조립해 꺼낸다(template)
사용(동적)	Assets/BaseResource/Unit/spider/unit_spider_n_die2.png	8183	아틀라스 unit_spider.spriteatlasv2 · 코드가 이름을 조립해 꺼낸다(template)
사용(동적)	Assets/BaseResource/Unit/spider/unit_spider_n_hit.png	10392	아틀라스 unit_spider.spriteatlasv2 · 코드가 이름을 조립해 꺼낸다(template)
사용(동적)	Assets/BaseResource/Unit/spider/unit_spider_n_walk1.png	9136	아틀라스 unit_spider.spriteatlasv2 · 코드가 이름을 조립해 꺼낸다(template)
사용(동적)	Assets/BaseResource/Unit/spider/unit_spider_n_walk2.png	9184	아틀라스 unit_spider.spriteatlasv2 · 코드가 이름을 조립해 꺼낸다(template)
사용(동적)	Assets/BaseResource/Unit/spider/unit_spider_ne.png	8475	아틀라스 unit_spider.spriteatlasv2 · 코드가 이름을 조립해 꺼낸다(template)
사용(동적)	Assets/BaseResource/Unit/spider/unit_spider_ne_atk1.png	8948	아틀라스 unit_spider.spriteatlasv2 · 코드가 이름을 조립해 꺼낸다(template)
사용(동적)	Assets/BaseResource/Unit/spider/unit_spider_ne_atk2.png	9150	아틀라스 unit_spider.spriteatlasv2 · 코드가 이름을 조립해 꺼낸다(template)
사용(동적)	Assets/BaseResource/Unit/spider/unit_spider_ne_die1.png	7278	아틀라스 unit_spider.spriteatlasv2 · 코드가 이름을 조립해 꺼낸다(template)
사용(동적)	Assets/BaseResource/Unit/spider/unit_spider_ne_die2.png	7673	아틀라스 unit_spider.spriteatlasv2 · 코드가 이름을 조립해 꺼낸다(template)
사용(동적)	Assets/BaseResource/Unit/spider/unit_spider_ne_hit.png	8941	아틀라스 unit_spider.spriteatlasv2 · 코드가 이름을 조립해 꺼낸다(template)
사용(동적)	Assets/BaseResource/Unit/spider/unit_spider_ne_walk1.png	7879	아틀라스 unit_spider.spriteatlasv2 · 코드가 이름을 조립해 꺼낸다(template)
사용(동적)	Assets/BaseResource/Unit/spider/unit_spider_ne_walk2.png	8212	아틀라스 unit_spider.spriteatlasv2 · 코드가 이름을 조립해 꺼낸다(template)
사용(동적)	Assets/BaseResource/Unit/spider/unit_spider_s.png	8397	아틀라스 unit_spider.spriteatlasv2 · 코드가 이름을 조립해 꺼낸다(template)
사용(동적)	Assets/BaseResource/Unit/spider/unit_spider_s_atk1.png	9570	아틀라스 unit_spider.spriteatlasv2 · 코드가 이름을 조립해 꺼낸다(template)
사용(동적)	Assets/BaseResource/Unit/spider/unit_spider_s_atk2.png	10661	아틀라스 unit_spider.spriteatlasv2 · 코드가 이름을 조립해 꺼낸다(template)
사용(동적)	Assets/BaseResource/Unit/spider/unit_spider_s_die1.png	7169	아틀라스 unit_spider.spriteatlasv2 · 코드가 이름을 조립해 꺼낸다(template)
사용(동적)	Assets/BaseResource/Unit/spider/unit_spider_s_die2.png	8148	아틀라스 unit_spider.spriteatlasv2 · 코드가 이름을 조립해 꺼낸다(template)
사용(동적)	Assets/BaseResource/Unit/spider/unit_spider_s_hit.png	8898	아틀라스 unit_spider.spriteatlasv2 · 코드가 이름을 조립해 꺼낸다(template)
사용(동적)	Assets/BaseResource/Unit/spider/unit_spider_s_walk1.png	8048	아틀라스 unit_spider.spriteatlasv2 · 코드가 이름을 조립해 꺼낸다(template)
사용(동적)	Assets/BaseResource/Unit/spider/unit_spider_s_walk2.png	8232	아틀라스 unit_spider.spriteatlasv2 · 코드가 이름을 조립해 꺼낸다(template)
사용(동적)	Assets/BaseResource/Unit/spider/unit_spider_se.png	7959	아틀라스 unit_spider.spriteatlasv2 · 코드가 이름을 조립해 꺼낸다(template)
사용(동적)	Assets/BaseResource/Unit/spider/unit_spider_se_atk1.png	8881	아틀라스 unit_spider.spriteatlasv2 · 코드가 이름을 조립해 꺼낸다(template)
사용(동적)	Assets/BaseResource/Unit/spider/unit_spider_se_atk2.png	9568	아틀라스 unit_spider.spriteatlasv2 · 코드가 이름을 조립해 꺼낸다(template)
사용(동적)	Assets/BaseResource/Unit/spider/unit_spider_se_die1.png	7440	아틀라스 unit_spider.spriteatlasv2 · 코드가 이름을 조립해 꺼낸다(template)
사용(동적)	Assets/BaseResource/Unit/spider/unit_spider_se_die2.png	7390	아틀라스 unit_spider.spriteatlasv2 · 코드가 이름을 조립해 꺼낸다(template)
사용(동적)	Assets/BaseResource/Unit/spider/unit_spider_se_hit.png	8583	아틀라스 unit_spider.spriteatlasv2 · 코드가 이름을 조립해 꺼낸다(template)
사용(동적)	Assets/BaseResource/Unit/spider/unit_spider_se_walk1.png	7742	아틀라스 unit_spider.spriteatlasv2 · 코드가 이름을 조립해 꺼낸다(template)
사용(동적)	Assets/BaseResource/Unit/spider/unit_spider_se_walk2.png	7972	아틀라스 unit_spider.spriteatlasv2 · 코드가 이름을 조립해 꺼낸다(template)
사용(동적)	Assets/BaseResource/Unit/spider/unit_spider_spit_e_1.png	9839	아틀라스 unit_spider.spriteatlasv2 · 코드가 이름을 조립해 꺼낸다(template)
사용(동적)	Assets/BaseResource/Unit/spider/unit_spider_spit_e_2.png	9468	아틀라스 unit_spider.spriteatlasv2 · 코드가 이름을 조립해 꺼낸다(template)
사용(동적)	Assets/BaseResource/Unit/spider/unit_spider_spit_e_3.png	10777	아틀라스 unit_spider.spriteatlasv2 · 코드가 이름을 조립해 꺼낸다(template)
사용(동적)	Assets/BaseResource/Unit/spider/unit_spider_spit_w_1.png	9805	아틀라스 unit_spider.spriteatlasv2 · 코드가 이름을 조립해 꺼낸다(template)
사용(동적)	Assets/BaseResource/Unit/spider/unit_spider_spit_w_2.png	9493	아틀라스 unit_spider.spriteatlasv2 · 코드가 이름을 조립해 꺼낸다(template)
사용(동적)	Assets/BaseResource/Unit/spider/unit_spider_spit_w_3.png	10762	아틀라스 unit_spider.spriteatlasv2 · 코드가 이름을 조립해 꺼낸다(template)
사용(동적)	Assets/BaseResource/Unit/spiderling/unit_spiderling_e.png	9165	아틀라스 unit_spiderling.spriteatlasv2 · 코드가 이름을 조립해 꺼낸다(template)
사용(동적)	Assets/BaseResource/Unit/spiderling/unit_spiderling_e_atk1.png	11738	아틀라스 unit_spiderling.spriteatlasv2 · 코드가 이름을 조립해 꺼낸다(template)
사용(동적)	Assets/BaseResource/Unit/spiderling/unit_spiderling_e_atk2.png	10124	아틀라스 unit_spiderling.spriteatlasv2 · 코드가 이름을 조립해 꺼낸다(template)
사용(동적)	Assets/BaseResource/Unit/spiderling/unit_spiderling_e_die1.png	9886	아틀라스 unit_spiderling.spriteatlasv2 · 코드가 이름을 조립해 꺼낸다(template)
사용(동적)	Assets/BaseResource/Unit/spiderling/unit_spiderling_e_die2.png	8092	아틀라스 unit_spiderling.spriteatlasv2 · 코드가 이름을 조립해 꺼낸다(template)
사용(동적)	Assets/BaseResource/Unit/spiderling/unit_spiderling_e_hit.png	9618	아틀라스 unit_spiderling.spriteatlasv2 · 코드가 이름을 조립해 꺼낸다(template)
사용(동적)	Assets/BaseResource/Unit/spiderling/unit_spiderling_e_walk1.png	9372	아틀라스 unit_spiderling.spriteatlasv2 · 코드가 이름을 조립해 꺼낸다(template)
사용(동적)	Assets/BaseResource/Unit/spiderling/unit_spiderling_e_walk2.png	9451	아틀라스 unit_spiderling.spriteatlasv2 · 코드가 이름을 조립해 꺼낸다(template)
사용(동적)	Assets/BaseResource/Unit/spiderling/unit_spiderling_n.png	9973	아틀라스 unit_spiderling.spriteatlasv2 · 코드가 이름을 조립해 꺼낸다(template)
사용(동적)	Assets/BaseResource/Unit/spiderling/unit_spiderling_n_atk1.png	11946	아틀라스 unit_spiderling.spriteatlasv2 · 코드가 이름을 조립해 꺼낸다(template)
사용(동적)	Assets/BaseResource/Unit/spiderling/unit_spiderling_n_atk2.png	10850	아틀라스 unit_spiderling.spriteatlasv2 · 코드가 이름을 조립해 꺼낸다(template)
사용(동적)	Assets/BaseResource/Unit/spiderling/unit_spiderling_n_die1.png	9157	아틀라스 unit_spiderling.spriteatlasv2 · 코드가 이름을 조립해 꺼낸다(template)
사용(동적)	Assets/BaseResource/Unit/spiderling/unit_spiderling_n_die2.png	9579	아틀라스 unit_spiderling.spriteatlasv2 · 코드가 이름을 조립해 꺼낸다(template)
사용(동적)	Assets/BaseResource/Unit/spiderling/unit_spiderling_n_hit.png	10392	아틀라스 unit_spiderling.spriteatlasv2 · 코드가 이름을 조립해 꺼낸다(template)
사용(동적)	Assets/BaseResource/Unit/spiderling/unit_spiderling_n_walk1.png	9813	아틀라스 unit_spiderling.spriteatlasv2 · 코드가 이름을 조립해 꺼낸다(template)
사용(동적)	Assets/BaseResource/Unit/spiderling/unit_spiderling_n_walk2.png	9886	아틀라스 unit_spiderling.spriteatlasv2 · 코드가 이름을 조립해 꺼낸다(template)
사용(동적)	Assets/BaseResource/Unit/spiderling/unit_spiderling_ne.png	8806	아틀라스 unit_spiderling.spriteatlasv2 · 코드가 이름을 조립해 꺼낸다(template)
사용(동적)	Assets/BaseResource/Unit/spiderling/unit_spiderling_ne_atk1.png	9520	아틀라스 unit_spiderling.spriteatlasv2 · 코드가 이름을 조립해 꺼낸다(template)
사용(동적)	Assets/BaseResource/Unit/spiderling/unit_spiderling_ne_atk2.png	8698	아틀라스 unit_spiderling.spriteatlasv2 · 코드가 이름을 조립해 꺼낸다(template)
사용(동적)	Assets/BaseResource/Unit/spiderling/unit_spiderling_ne_die1.png	8602	아틀라스 unit_spiderling.spriteatlasv2 · 코드가 이름을 조립해 꺼낸다(template)
사용(동적)	Assets/BaseResource/Unit/spiderling/unit_spiderling_ne_die2.png	9099	아틀라스 unit_spiderling.spriteatlasv2 · 코드가 이름을 조립해 꺼낸다(template)
사용(동적)	Assets/BaseResource/Unit/spiderling/unit_spiderling_ne_hit.png	8733	아틀라스 unit_spiderling.spriteatlasv2 · 코드가 이름을 조립해 꺼낸다(template)
사용(동적)	Assets/BaseResource/Unit/spiderling/unit_spiderling_ne_walk1.png	8296	아틀라스 unit_spiderling.spriteatlasv2 · 코드가 이름을 조립해 꺼낸다(template)
사용(동적)	Assets/BaseResource/Unit/spiderling/unit_spiderling_ne_walk2.png	8720	아틀라스 unit_spiderling.spriteatlasv2 · 코드가 이름을 조립해 꺼낸다(template)
사용(동적)	Assets/BaseResource/Unit/spiderling/unit_spiderling_s.png	9739	아틀라스 unit_spiderling.spriteatlasv2 · 코드가 이름을 조립해 꺼낸다(template)
사용(동적)	Assets/BaseResource/Unit/spiderling/unit_spiderling_s_atk1.png	10899	아틀라스 unit_spiderling.spriteatlasv2 · 코드가 이름을 조립해 꺼낸다(template)
사용(동적)	Assets/BaseResource/Unit/spiderling/unit_spiderling_s_atk2.png	9962	아틀라스 unit_spiderling.spriteatlasv2 · 코드가 이름을 조립해 꺼낸다(template)
사용(동적)	Assets/BaseResource/Unit/spiderling/unit_spiderling_s_die1.png	8764	아틀라스 unit_spiderling.spriteatlasv2 · 코드가 이름을 조립해 꺼낸다(template)
사용(동적)	Assets/BaseResource/Unit/spiderling/unit_spiderling_s_die2.png	9481	아틀라스 unit_spiderling.spriteatlasv2 · 코드가 이름을 조립해 꺼낸다(template)
사용(동적)	Assets/BaseResource/Unit/spiderling/unit_spiderling_s_hit.png	9255	아틀라스 unit_spiderling.spriteatlasv2 · 코드가 이름을 조립해 꺼낸다(template)
사용(동적)	Assets/BaseResource/Unit/spiderling/unit_spiderling_s_walk1.png	9421	아틀라스 unit_spiderling.spriteatlasv2 · 코드가 이름을 조립해 꺼낸다(template)
사용(동적)	Assets/BaseResource/Unit/spiderling/unit_spiderling_s_walk2.png	9580	아틀라스 unit_spiderling.spriteatlasv2 · 코드가 이름을 조립해 꺼낸다(template)
사용(동적)	Assets/BaseResource/Unit/spiderling/unit_spiderling_se.png	8145	아틀라스 unit_spiderling.spriteatlasv2 · 코드가 이름을 조립해 꺼낸다(template)
사용(동적)	Assets/BaseResource/Unit/spiderling/unit_spiderling_se_atk1.png	10405	아틀라스 unit_spiderling.spriteatlasv2 · 코드가 이름을 조립해 꺼낸다(template)
사용(동적)	Assets/BaseResource/Unit/spiderling/unit_spiderling_se_atk2.png	9149	아틀라스 unit_spiderling.spriteatlasv2 · 코드가 이름을 조립해 꺼낸다(template)
사용(동적)	Assets/BaseResource/Unit/spiderling/unit_spiderling_se_die1.png	8483	아틀라스 unit_spiderling.spriteatlasv2 · 코드가 이름을 조립해 꺼낸다(template)
사용(동적)	Assets/BaseResource/Unit/spiderling/unit_spiderling_se_die2.png	9022	아틀라스 unit_spiderling.spriteatlasv2 · 코드가 이름을 조립해 꺼낸다(template)
사용(동적)	Assets/BaseResource/Unit/spiderling/unit_spiderling_se_hit.png	8230	아틀라스 unit_spiderling.spriteatlasv2 · 코드가 이름을 조립해 꺼낸다(template)
사용(동적)	Assets/BaseResource/Unit/spiderling/unit_spiderling_se_walk1.png	8295	아틀라스 unit_spiderling.spriteatlasv2 · 코드가 이름을 조립해 꺼낸다(template)
사용(동적)	Assets/BaseResource/Unit/spiderling/unit_spiderling_se_walk2.png	8344	아틀라스 unit_spiderling.spriteatlasv2 · 코드가 이름을 조립해 꺼낸다(template)
사용(동적)	Assets/BaseResource/Unit/thug/unit_thug_e.png	8556	아틀라스 unit_thug.spriteatlasv2 · 코드가 이름을 조립해 꺼낸다(template)
사용(동적)	Assets/BaseResource/Unit/thug/unit_thug_e_atk1.png	8745	아틀라스 unit_thug.spriteatlasv2 · 코드가 이름을 조립해 꺼낸다(template)
사용(동적)	Assets/BaseResource/Unit/thug/unit_thug_e_atk2.png	8124	아틀라스 unit_thug.spriteatlasv2 · 코드가 이름을 조립해 꺼낸다(template)
사용(동적)	Assets/BaseResource/Unit/thug/unit_thug_e_die1.png	9867	아틀라스 unit_thug.spriteatlasv2 · 코드가 이름을 조립해 꺼낸다(template)
사용(동적)	Assets/BaseResource/Unit/thug/unit_thug_e_die2.png	6767	아틀라스 unit_thug.spriteatlasv2 · 코드가 이름을 조립해 꺼낸다(template)
사용(동적)	Assets/BaseResource/Unit/thug/unit_thug_e_hit.png	8120	아틀라스 unit_thug.spriteatlasv2 · 코드가 이름을 조립해 꺼낸다(template)
사용(동적)	Assets/BaseResource/Unit/thug/unit_thug_e_walk1.png	8215	아틀라스 unit_thug.spriteatlasv2 · 코드가 이름을 조립해 꺼낸다(template)
사용(동적)	Assets/BaseResource/Unit/thug/unit_thug_e_walk2.png	7794	아틀라스 unit_thug.spriteatlasv2 · 코드가 이름을 조립해 꺼낸다(template)
사용(동적)	Assets/BaseResource/Unit/thug/unit_thug_n.png	7066	아틀라스 unit_thug.spriteatlasv2 · 코드가 이름을 조립해 꺼낸다(template)
사용(동적)	Assets/BaseResource/Unit/thug/unit_thug_n_atk1.png	7764	아틀라스 unit_thug.spriteatlasv2 · 코드가 이름을 조립해 꺼낸다(template)
사용(동적)	Assets/BaseResource/Unit/thug/unit_thug_n_atk2.png	8072	아틀라스 unit_thug.spriteatlasv2 · 코드가 이름을 조립해 꺼낸다(template)
사용(동적)	Assets/BaseResource/Unit/thug/unit_thug_n_die1.png	9455	아틀라스 unit_thug.spriteatlasv2 · 코드가 이름을 조립해 꺼낸다(template)
사용(동적)	Assets/BaseResource/Unit/thug/unit_thug_n_die2.png	7012	아틀라스 unit_thug.spriteatlasv2 · 코드가 이름을 조립해 꺼낸다(template)
사용(동적)	Assets/BaseResource/Unit/thug/unit_thug_n_hit.png	8437	아틀라스 unit_thug.spriteatlasv2 · 코드가 이름을 조립해 꺼낸다(template)
사용(동적)	Assets/BaseResource/Unit/thug/unit_thug_n_walk1.png	7049	아틀라스 unit_thug.spriteatlasv2 · 코드가 이름을 조립해 꺼낸다(template)
사용(동적)	Assets/BaseResource/Unit/thug/unit_thug_n_walk2.png	6332	아틀라스 unit_thug.spriteatlasv2 · 코드가 이름을 조립해 꺼낸다(template)
사용(동적)	Assets/BaseResource/Unit/thug/unit_thug_ne.png	8103	아틀라스 unit_thug.spriteatlasv2 · 코드가 이름을 조립해 꺼낸다(template)
사용(동적)	Assets/BaseResource/Unit/thug/unit_thug_ne_atk1.png	7945	아틀라스 unit_thug.spriteatlasv2 · 코드가 이름을 조립해 꺼낸다(template)
사용(동적)	Assets/BaseResource/Unit/thug/unit_thug_ne_atk2.png	8196	아틀라스 unit_thug.spriteatlasv2 · 코드가 이름을 조립해 꺼낸다(template)
사용(동적)	Assets/BaseResource/Unit/thug/unit_thug_ne_die1.png	8757	아틀라스 unit_thug.spriteatlasv2 · 코드가 이름을 조립해 꺼낸다(template)
사용(동적)	Assets/BaseResource/Unit/thug/unit_thug_ne_die2.png	6408	아틀라스 unit_thug.spriteatlasv2 · 코드가 이름을 조립해 꺼낸다(template)
사용(동적)	Assets/BaseResource/Unit/thug/unit_thug_ne_hit.png	8691	아틀라스 unit_thug.spriteatlasv2 · 코드가 이름을 조립해 꺼낸다(template)
사용(동적)	Assets/BaseResource/Unit/thug/unit_thug_ne_walk1.png	7586	아틀라스 unit_thug.spriteatlasv2 · 코드가 이름을 조립해 꺼낸다(template)
사용(동적)	Assets/BaseResource/Unit/thug/unit_thug_ne_walk2.png	6690	아틀라스 unit_thug.spriteatlasv2 · 코드가 이름을 조립해 꺼낸다(template)
사용(동적)	Assets/BaseResource/Unit/thug/unit_thug_possess1.png	1857	아틀라스 unit_thug.spriteatlasv2 · 코드가 이름을 조립해 꺼낸다(template)
사용(동적)	Assets/BaseResource/Unit/thug/unit_thug_possess2.png	1844	아틀라스 unit_thug.spriteatlasv2 · 코드가 이름을 조립해 꺼낸다(template)
사용(동적)	Assets/BaseResource/Unit/thug/unit_thug_s.png	8309	아틀라스 unit_thug.spriteatlasv2 · 코드가 이름을 조립해 꺼낸다(template)
사용(동적)	Assets/BaseResource/Unit/thug/unit_thug_s_atk1.png	8757	아틀라스 unit_thug.spriteatlasv2 · 코드가 이름을 조립해 꺼낸다(template)
사용(동적)	Assets/BaseResource/Unit/thug/unit_thug_s_atk2.png	8429	아틀라스 unit_thug.spriteatlasv2 · 코드가 이름을 조립해 꺼낸다(template)
사용(동적)	Assets/BaseResource/Unit/thug/unit_thug_s_die1.png	11671	아틀라스 unit_thug.spriteatlasv2 · 코드가 이름을 조립해 꺼낸다(template)
사용(동적)	Assets/BaseResource/Unit/thug/unit_thug_s_die2.png	5615	아틀라스 unit_thug.spriteatlasv2 · 코드가 이름을 조립해 꺼낸다(template)
사용(동적)	Assets/BaseResource/Unit/thug/unit_thug_s_hit.png	9792	아틀라스 unit_thug.spriteatlasv2 · 코드가 이름을 조립해 꺼낸다(template)
사용(동적)	Assets/BaseResource/Unit/thug/unit_thug_s_walk1.png	7758	아틀라스 unit_thug.spriteatlasv2 · 코드가 이름을 조립해 꺼낸다(template)
사용(동적)	Assets/BaseResource/Unit/thug/unit_thug_s_walk2.png	7408	아틀라스 unit_thug.spriteatlasv2 · 코드가 이름을 조립해 꺼낸다(template)
사용(동적)	Assets/BaseResource/Unit/thug/unit_thug_se.png	8890	아틀라스 unit_thug.spriteatlasv2 · 코드가 이름을 조립해 꺼낸다(template)
사용(동적)	Assets/BaseResource/Unit/thug/unit_thug_se_atk1.png	8502	아틀라스 unit_thug.spriteatlasv2 · 코드가 이름을 조립해 꺼낸다(template)
사용(동적)	Assets/BaseResource/Unit/thug/unit_thug_se_atk2.png	9283	아틀라스 unit_thug.spriteatlasv2 · 코드가 이름을 조립해 꺼낸다(template)
사용(동적)	Assets/BaseResource/Unit/thug/unit_thug_se_die1.png	10136	아틀라스 unit_thug.spriteatlasv2 · 코드가 이름을 조립해 꺼낸다(template)
사용(동적)	Assets/BaseResource/Unit/thug/unit_thug_se_die2.png	8311	아틀라스 unit_thug.spriteatlasv2 · 코드가 이름을 조립해 꺼낸다(template)
사용(동적)	Assets/BaseResource/Unit/thug/unit_thug_se_hit.png	8625	아틀라스 unit_thug.spriteatlasv2 · 코드가 이름을 조립해 꺼낸다(template)
사용(동적)	Assets/BaseResource/Unit/thug/unit_thug_se_walk1.png	7055	아틀라스 unit_thug.spriteatlasv2 · 코드가 이름을 조립해 꺼낸다(template)
사용(동적)	Assets/BaseResource/Unit/thug/unit_thug_se_walk2.png	7810	아틀라스 unit_thug.spriteatlasv2 · 코드가 이름을 조립해 꺼낸다(template)
사용(동적)	Assets/BaseResource/Unit/vampire/unit_vampire_e.png	6646	아틀라스 unit_vampire.spriteatlasv2 · 코드가 이름을 조립해 꺼낸다(template)
사용(동적)	Assets/BaseResource/Unit/vampire/unit_vampire_e_atk1.png	10213	아틀라스 unit_vampire.spriteatlasv2 · 코드가 이름을 조립해 꺼낸다(template)
사용(동적)	Assets/BaseResource/Unit/vampire/unit_vampire_e_atk2.png	8626	아틀라스 unit_vampire.spriteatlasv2 · 코드가 이름을 조립해 꺼낸다(template)
사용(동적)	Assets/BaseResource/Unit/vampire/unit_vampire_e_die1.png	10420	아틀라스 unit_vampire.spriteatlasv2 · 코드가 이름을 조립해 꺼낸다(template)
사용(동적)	Assets/BaseResource/Unit/vampire/unit_vampire_e_die2.png	6494	아틀라스 unit_vampire.spriteatlasv2 · 코드가 이름을 조립해 꺼낸다(template)
사용(동적)	Assets/BaseResource/Unit/vampire/unit_vampire_e_hit.png	6791	아틀라스 unit_vampire.spriteatlasv2 · 코드가 이름을 조립해 꺼낸다(template)
사용(동적)	Assets/BaseResource/Unit/vampire/unit_vampire_e_walk1.png	6936	아틀라스 unit_vampire.spriteatlasv2 · 코드가 이름을 조립해 꺼낸다(template)
사용(동적)	Assets/BaseResource/Unit/vampire/unit_vampire_e_walk2.png	6884	아틀라스 unit_vampire.spriteatlasv2 · 코드가 이름을 조립해 꺼낸다(template)
사용(동적)	Assets/BaseResource/Unit/vampire/unit_vampire_n.png	6455	아틀라스 unit_vampire.spriteatlasv2 · 코드가 이름을 조립해 꺼낸다(template)
사용(동적)	Assets/BaseResource/Unit/vampire/unit_vampire_n_atk1.png	10536	아틀라스 unit_vampire.spriteatlasv2 · 코드가 이름을 조립해 꺼낸다(template)
사용(동적)	Assets/BaseResource/Unit/vampire/unit_vampire_n_atk2.png	8171	아틀라스 unit_vampire.spriteatlasv2 · 코드가 이름을 조립해 꺼낸다(template)
사용(동적)	Assets/BaseResource/Unit/vampire/unit_vampire_n_die1.png	11249	아틀라스 unit_vampire.spriteatlasv2 · 코드가 이름을 조립해 꺼낸다(template)
사용(동적)	Assets/BaseResource/Unit/vampire/unit_vampire_n_die2.png	5797	아틀라스 unit_vampire.spriteatlasv2 · 코드가 이름을 조립해 꺼낸다(template)
사용(동적)	Assets/BaseResource/Unit/vampire/unit_vampire_n_hit.png	7772	아틀라스 unit_vampire.spriteatlasv2 · 코드가 이름을 조립해 꺼낸다(template)
사용(동적)	Assets/BaseResource/Unit/vampire/unit_vampire_n_walk1.png	6175	아틀라스 unit_vampire.spriteatlasv2 · 코드가 이름을 조립해 꺼낸다(template)
사용(동적)	Assets/BaseResource/Unit/vampire/unit_vampire_n_walk2.png	6255	아틀라스 unit_vampire.spriteatlasv2 · 코드가 이름을 조립해 꺼낸다(template)
사용(동적)	Assets/BaseResource/Unit/vampire/unit_vampire_ne.png	6596	아틀라스 unit_vampire.spriteatlasv2 · 코드가 이름을 조립해 꺼낸다(template)
사용(동적)	Assets/BaseResource/Unit/vampire/unit_vampire_ne_atk1.png	10224	아틀라스 unit_vampire.spriteatlasv2 · 코드가 이름을 조립해 꺼낸다(template)
사용(동적)	Assets/BaseResource/Unit/vampire/unit_vampire_ne_atk2.png	8530	아틀라스 unit_vampire.spriteatlasv2 · 코드가 이름을 조립해 꺼낸다(template)
사용(동적)	Assets/BaseResource/Unit/vampire/unit_vampire_ne_die1.png	12184	아틀라스 unit_vampire.spriteatlasv2 · 코드가 이름을 조립해 꺼낸다(template)
사용(동적)	Assets/BaseResource/Unit/vampire/unit_vampire_ne_die2.png	7260	아틀라스 unit_vampire.spriteatlasv2 · 코드가 이름을 조립해 꺼낸다(template)
사용(동적)	Assets/BaseResource/Unit/vampire/unit_vampire_ne_hit.png	8800	아틀라스 unit_vampire.spriteatlasv2 · 코드가 이름을 조립해 꺼낸다(template)
사용(동적)	Assets/BaseResource/Unit/vampire/unit_vampire_ne_walk1.png	7363	아틀라스 unit_vampire.spriteatlasv2 · 코드가 이름을 조립해 꺼낸다(template)
사용(동적)	Assets/BaseResource/Unit/vampire/unit_vampire_ne_walk2.png	6543	아틀라스 unit_vampire.spriteatlasv2 · 코드가 이름을 조립해 꺼낸다(template)
사용(동적)	Assets/BaseResource/Unit/vampire/unit_vampire_possess1.png	1449	아틀라스 unit_vampire.spriteatlasv2 · 코드가 이름을 조립해 꺼낸다(template)
사용(동적)	Assets/BaseResource/Unit/vampire/unit_vampire_possess2.png	1403	아틀라스 unit_vampire.spriteatlasv2 · 코드가 이름을 조립해 꺼낸다(template)
사용(동적)	Assets/BaseResource/Unit/vampire/unit_vampire_s.png	7305	아틀라스 unit_vampire.spriteatlasv2 · 코드가 이름을 조립해 꺼낸다(template)
사용(동적)	Assets/BaseResource/Unit/vampire/unit_vampire_s_atk1.png	12722	아틀라스 unit_vampire.spriteatlasv2 · 코드가 이름을 조립해 꺼낸다(template)
사용(동적)	Assets/BaseResource/Unit/vampire/unit_vampire_s_atk2.png	8332	아틀라스 unit_vampire.spriteatlasv2 · 코드가 이름을 조립해 꺼낸다(template)
사용(동적)	Assets/BaseResource/Unit/vampire/unit_vampire_s_die1.png	10706	아틀라스 unit_vampire.spriteatlasv2 · 코드가 이름을 조립해 꺼낸다(template)
사용(동적)	Assets/BaseResource/Unit/vampire/unit_vampire_s_die2.png	7378	아틀라스 unit_vampire.spriteatlasv2 · 코드가 이름을 조립해 꺼낸다(template)
사용(동적)	Assets/BaseResource/Unit/vampire/unit_vampire_s_hit.png	12692	아틀라스 unit_vampire.spriteatlasv2 · 코드가 이름을 조립해 꺼낸다(template)
사용(동적)	Assets/BaseResource/Unit/vampire/unit_vampire_s_walk1.png	7112	아틀라스 unit_vampire.spriteatlasv2 · 코드가 이름을 조립해 꺼낸다(template)
사용(동적)	Assets/BaseResource/Unit/vampire/unit_vampire_s_walk2.png	7035	아틀라스 unit_vampire.spriteatlasv2 · 코드가 이름을 조립해 꺼낸다(template)
사용(동적)	Assets/BaseResource/Unit/vampire/unit_vampire_se.png	6524	아틀라스 unit_vampire.spriteatlasv2 · 코드가 이름을 조립해 꺼낸다(template)
사용(동적)	Assets/BaseResource/Unit/vampire/unit_vampire_se_atk1.png	10618	아틀라스 unit_vampire.spriteatlasv2 · 코드가 이름을 조립해 꺼낸다(template)
사용(동적)	Assets/BaseResource/Unit/vampire/unit_vampire_se_atk2.png	8053	아틀라스 unit_vampire.spriteatlasv2 · 코드가 이름을 조립해 꺼낸다(template)
사용(동적)	Assets/BaseResource/Unit/vampire/unit_vampire_se_die1.png	11387	아틀라스 unit_vampire.spriteatlasv2 · 코드가 이름을 조립해 꺼낸다(template)
사용(동적)	Assets/BaseResource/Unit/vampire/unit_vampire_se_die2.png	6825	아틀라스 unit_vampire.spriteatlasv2 · 코드가 이름을 조립해 꺼낸다(template)
사용(동적)	Assets/BaseResource/Unit/vampire/unit_vampire_se_hit.png	8040	아틀라스 unit_vampire.spriteatlasv2 · 코드가 이름을 조립해 꺼낸다(template)
사용(동적)	Assets/BaseResource/Unit/vampire/unit_vampire_se_walk1.png	6869	아틀라스 unit_vampire.spriteatlasv2 · 코드가 이름을 조립해 꺼낸다(template)
사용(동적)	Assets/BaseResource/Unit/vampire/unit_vampire_se_walk2.png	6295	아틀라스 unit_vampire.spriteatlasv2 · 코드가 이름을 조립해 꺼낸다(template)
사용(동적)	Assets/BaseResource/Unit/white_wizard/unit_white_wizard_e.png	8203	아틀라스 unit_white_wizard.spriteatlasv2 · 코드가 이름을 조립해 꺼낸다(template)
사용(동적)	Assets/BaseResource/Unit/white_wizard/unit_white_wizard_e_atk1.png	8484	아틀라스 unit_white_wizard.spriteatlasv2 · 코드가 이름을 조립해 꺼낸다(template)
사용(동적)	Assets/BaseResource/Unit/white_wizard/unit_white_wizard_e_atk2.png	7492	아틀라스 unit_white_wizard.spriteatlasv2 · 코드가 이름을 조립해 꺼낸다(template)
사용(동적)	Assets/BaseResource/Unit/white_wizard/unit_white_wizard_e_die1.png	9689	아틀라스 unit_white_wizard.spriteatlasv2 · 코드가 이름을 조립해 꺼낸다(template)
사용(동적)	Assets/BaseResource/Unit/white_wizard/unit_white_wizard_e_die2.png	6914	아틀라스 unit_white_wizard.spriteatlasv2 · 코드가 이름을 조립해 꺼낸다(template)
사용(동적)	Assets/BaseResource/Unit/white_wizard/unit_white_wizard_e_hit.png	8191	아틀라스 unit_white_wizard.spriteatlasv2 · 코드가 이름을 조립해 꺼낸다(template)
사용(동적)	Assets/BaseResource/Unit/white_wizard/unit_white_wizard_e_walk1.png	10188	아틀라스 unit_white_wizard.spriteatlasv2 · 코드가 이름을 조립해 꺼낸다(template)
사용(동적)	Assets/BaseResource/Unit/white_wizard/unit_white_wizard_e_walk2.png	7963	아틀라스 unit_white_wizard.spriteatlasv2 · 코드가 이름을 조립해 꺼낸다(template)
사용(동적)	Assets/BaseResource/Unit/white_wizard/unit_white_wizard_n.png	8109	아틀라스 unit_white_wizard.spriteatlasv2 · 코드가 이름을 조립해 꺼낸다(template)
사용(동적)	Assets/BaseResource/Unit/white_wizard/unit_white_wizard_n_atk1.png	8726	아틀라스 unit_white_wizard.spriteatlasv2 · 코드가 이름을 조립해 꺼낸다(template)
사용(동적)	Assets/BaseResource/Unit/white_wizard/unit_white_wizard_n_atk2.png	8686	아틀라스 unit_white_wizard.spriteatlasv2 · 코드가 이름을 조립해 꺼낸다(template)
사용(동적)	Assets/BaseResource/Unit/white_wizard/unit_white_wizard_n_die1.png	10519	아틀라스 unit_white_wizard.spriteatlasv2 · 코드가 이름을 조립해 꺼낸다(template)
사용(동적)	Assets/BaseResource/Unit/white_wizard/unit_white_wizard_n_die2.png	7726	아틀라스 unit_white_wizard.spriteatlasv2 · 코드가 이름을 조립해 꺼낸다(template)
사용(동적)	Assets/BaseResource/Unit/white_wizard/unit_white_wizard_n_hit.png	8845	아틀라스 unit_white_wizard.spriteatlasv2 · 코드가 이름을 조립해 꺼낸다(template)
사용(동적)	Assets/BaseResource/Unit/white_wizard/unit_white_wizard_n_walk1.png	8417	아틀라스 unit_white_wizard.spriteatlasv2 · 코드가 이름을 조립해 꺼낸다(template)
사용(동적)	Assets/BaseResource/Unit/white_wizard/unit_white_wizard_n_walk2.png	7996	아틀라스 unit_white_wizard.spriteatlasv2 · 코드가 이름을 조립해 꺼낸다(template)
사용(동적)	Assets/BaseResource/Unit/white_wizard/unit_white_wizard_ne.png	8936	아틀라스 unit_white_wizard.spriteatlasv2 · 코드가 이름을 조립해 꺼낸다(template)
사용(동적)	Assets/BaseResource/Unit/white_wizard/unit_white_wizard_ne_atk1.png	8699	아틀라스 unit_white_wizard.spriteatlasv2 · 코드가 이름을 조립해 꺼낸다(template)
사용(동적)	Assets/BaseResource/Unit/white_wizard/unit_white_wizard_ne_atk2.png	9069	아틀라스 unit_white_wizard.spriteatlasv2 · 코드가 이름을 조립해 꺼낸다(template)
사용(동적)	Assets/BaseResource/Unit/white_wizard/unit_white_wizard_ne_die1.png	12417	아틀라스 unit_white_wizard.spriteatlasv2 · 코드가 이름을 조립해 꺼낸다(template)
사용(동적)	Assets/BaseResource/Unit/white_wizard/unit_white_wizard_ne_die2.png	7120	아틀라스 unit_white_wizard.spriteatlasv2 · 코드가 이름을 조립해 꺼낸다(template)
사용(동적)	Assets/BaseResource/Unit/white_wizard/unit_white_wizard_ne_hit.png	10065	아틀라스 unit_white_wizard.spriteatlasv2 · 코드가 이름을 조립해 꺼낸다(template)
사용(동적)	Assets/BaseResource/Unit/white_wizard/unit_white_wizard_ne_walk1.png	9010	아틀라스 unit_white_wizard.spriteatlasv2 · 코드가 이름을 조립해 꺼낸다(template)
사용(동적)	Assets/BaseResource/Unit/white_wizard/unit_white_wizard_ne_walk2.png	8729	아틀라스 unit_white_wizard.spriteatlasv2 · 코드가 이름을 조립해 꺼낸다(template)
사용(동적)	Assets/BaseResource/Unit/white_wizard/unit_white_wizard_possess1.png	1369	아틀라스 unit_white_wizard.spriteatlasv2 · 코드가 이름을 조립해 꺼낸다(template)
사용(동적)	Assets/BaseResource/Unit/white_wizard/unit_white_wizard_possess2.png	1396	아틀라스 unit_white_wizard.spriteatlasv2 · 코드가 이름을 조립해 꺼낸다(template)
사용(동적)	Assets/BaseResource/Unit/white_wizard/unit_white_wizard_s.png	8459	아틀라스 unit_white_wizard.spriteatlasv2 · 코드가 이름을 조립해 꺼낸다(template)
사용(동적)	Assets/BaseResource/Unit/white_wizard/unit_white_wizard_s_atk1.png	9132	아틀라스 unit_white_wizard.spriteatlasv2 · 코드가 이름을 조립해 꺼낸다(template)
사용(동적)	Assets/BaseResource/Unit/white_wizard/unit_white_wizard_s_atk2.png	8832	아틀라스 unit_white_wizard.spriteatlasv2 · 코드가 이름을 조립해 꺼낸다(template)
사용(동적)	Assets/BaseResource/Unit/white_wizard/unit_white_wizard_s_die1.png	9769	아틀라스 unit_white_wizard.spriteatlasv2 · 코드가 이름을 조립해 꺼낸다(template)
사용(동적)	Assets/BaseResource/Unit/white_wizard/unit_white_wizard_s_die2.png	7317	아틀라스 unit_white_wizard.spriteatlasv2 · 코드가 이름을 조립해 꺼낸다(template)
사용(동적)	Assets/BaseResource/Unit/white_wizard/unit_white_wizard_s_hit.png	8725	아틀라스 unit_white_wizard.spriteatlasv2 · 코드가 이름을 조립해 꺼낸다(template)
사용(동적)	Assets/BaseResource/Unit/white_wizard/unit_white_wizard_s_walk1.png	8489	아틀라스 unit_white_wizard.spriteatlasv2 · 코드가 이름을 조립해 꺼낸다(template)
사용(동적)	Assets/BaseResource/Unit/white_wizard/unit_white_wizard_s_walk2.png	8724	아틀라스 unit_white_wizard.spriteatlasv2 · 코드가 이름을 조립해 꺼낸다(template)
사용(동적)	Assets/BaseResource/Unit/white_wizard/unit_white_wizard_se.png	8535	아틀라스 unit_white_wizard.spriteatlasv2 · 코드가 이름을 조립해 꺼낸다(template)
사용(동적)	Assets/BaseResource/Unit/white_wizard/unit_white_wizard_se_atk1.png	8672	아틀라스 unit_white_wizard.spriteatlasv2 · 코드가 이름을 조립해 꺼낸다(template)
사용(동적)	Assets/BaseResource/Unit/white_wizard/unit_white_wizard_se_atk2.png	8395	아틀라스 unit_white_wizard.spriteatlasv2 · 코드가 이름을 조립해 꺼낸다(template)
사용(동적)	Assets/BaseResource/Unit/white_wizard/unit_white_wizard_se_die1.png	9573	아틀라스 unit_white_wizard.spriteatlasv2 · 코드가 이름을 조립해 꺼낸다(template)
사용(동적)	Assets/BaseResource/Unit/white_wizard/unit_white_wizard_se_die2.png	7559	아틀라스 unit_white_wizard.spriteatlasv2 · 코드가 이름을 조립해 꺼낸다(template)
사용(동적)	Assets/BaseResource/Unit/white_wizard/unit_white_wizard_se_hit.png	9286	아틀라스 unit_white_wizard.spriteatlasv2 · 코드가 이름을 조립해 꺼낸다(template)
사용(동적)	Assets/BaseResource/Unit/white_wizard/unit_white_wizard_se_walk1.png	9255	아틀라스 unit_white_wizard.spriteatlasv2 · 코드가 이름을 조립해 꺼낸다(template)
사용(동적)	Assets/BaseResource/Unit/white_wizard/unit_white_wizard_se_walk2.png	8476	아틀라스 unit_white_wizard.spriteatlasv2 · 코드가 이름을 조립해 꺼낸다(template)
안 씀	Assets/BaseResource/Card/cardpanel_evolution.png	92153	아틀라스 card.spriteatlasv2 에 묶여만 있고 게임 코드가 이름을 부르지 않는다
안 씀	Assets/BaseResource/ChapterHost/ch_back.png	10345	아무 데서도 참조 · 이름 사용이 없다
안 씀	Assets/BaseResource/ChapterHost/ch_bg.png	1101968	아무 데서도 참조 · 이름 사용이 없다
안 씀	Assets/BaseResource/ChapterHost/ch_card_frame.png	84585	아무 데서도 참조 · 이름 사용이 없다 (에디터 빌더에만 이름이 나온다)
안 씀	Assets/BaseResource/ChapterHost/ch_card_frame_sel.png	95830	아무 데서도 참조 · 이름 사용이 없다 (에디터 빌더에만 이름이 나온다)
안 씀	Assets/BaseResource/ChapterHost/ch_check.png	3797	아무 데서도 참조 · 이름 사용이 없다 (에디터 빌더에만 이름이 나온다)
안 씀	Assets/BaseResource/ChapterHost/ch_dim2.png	10607	아무 데서도 참조 · 이름 사용이 없다 (에디터 빌더에만 이름이 나온다)
안 씀	Assets/BaseResource/ChapterHost/ch_dot.png	849	아무 데서도 참조 · 이름 사용이 없다
안 씀	Assets/BaseResource/ChapterHost/ch_icon_dice.png	82737	아무 데서도 참조 · 이름 사용이 없다 (에디터 빌더에만 이름이 나온다)
안 씀	Assets/BaseResource/ChapterHost/ch_list_left.png	4265	아무 데서도 참조 · 이름 사용이 없다
안 씀	Assets/BaseResource/ChapterHost/ch_list_right.png	4259	아무 데서도 참조 · 이름 사용이 없다
안 씀	Assets/BaseResource/ChapterHost/ch_panel.png	476152	아무 데서도 참조 · 이름 사용이 없다
안 씀	Assets/BaseResource/ChapterHost/ch_pill.png	6921	아무 데서도 참조 · 이름 사용이 없다
안 씀	Assets/BaseResource/ChapterHost/ch_plate.png	86127	아무 데서도 참조 · 이름 사용이 없다
안 씀	Assets/BaseResource/ChapterHost/ch_random_icon.png	38440	아무 데서도 참조 · 이름 사용이 없다
안 씀	Assets/BaseResource/ChapterHost/ch_screen.png	2675664	아무 데서도 참조 · 이름 사용이 없다 (에디터 빌더에만 이름이 나온다)
안 씀	Assets/BaseResource/ChapterHost/ch_screen_fixed.png	1834077	아무 데서도 참조 · 이름 사용이 없다 (에디터 빌더에만 이름이 나온다)
안 씀	Assets/BaseResource/ChapterHost/ch_skull.png	2501	아무 데서도 참조 · 이름 사용이 없다
안 씀	Assets/BaseResource/ChapterHost/ch_start_button.png	216409	아무 데서도 참조 · 이름 사용이 없다
안 씀	Assets/BaseResource/ChapterHost/ch_thumbframe.png	22414	아무 데서도 참조 · 이름 사용이 없다
안 씀	Assets/BaseResource/ChapterHost/ch_titlebar.png	1324	아무 데서도 참조 · 이름 사용이 없다
안 씀	Assets/BaseResource/ChapterScreens/result_subplate.png	36037	아무 데서도 참조 · 이름 사용이 없다 (에디터 빌더에만 이름이 나온다)
안 씀	Assets/BaseResource/Fonts/NotoSansKR-Black.ttf	6221152	아무 데서도 참조 · 이름 사용이 없다
안 씀	Assets/BaseResource/Fonts/NotoSansKR-ExtraBold.ttf	6222152	아무 데서도 참조 · 이름 사용이 없다
안 씀	Assets/BaseResource/Fonts/PetLabel_KR_Outline.mat	1878	아무 데서도 참조 · 이름 사용이 없다
안 씀	Assets/BaseResource/Growth/bg_ghost.png	964764	아무 데서도 참조 · 이름 사용이 없다 (에디터 빌더에만 이름이 나온다)
안 씀	Assets/BaseResource/Growth/v5/bg_host_v5.png	785607	아무 데서도 참조 · 이름 사용이 없다 (에디터 빌더에만 이름이 나온다)
안 씀	Assets/BaseResource/InGameMainUI/affinity_adv_mark.png	1316	아틀라스 ingamemainui.spriteatlasv2 에 묶여만 있고 게임 코드가 이름을 부르지 않는다
안 씀	Assets/BaseResource/InGameMainUI/affinity_adv_ring.png	8936	아틀라스 ingamemainui.spriteatlasv2 에 묶여만 있고 게임 코드가 이름을 부르지 않는다
안 씀	Assets/BaseResource/InGameMainUI/affinity_blast.png	8507	아틀라스 ingamemainui.spriteatlasv2 에 묶여만 있고 게임 코드가 이름을 부르지 않는다
안 씀	Assets/BaseResource/InGameMainUI/affinity_element.png	8854	아틀라스 ingamemainui.spriteatlasv2 에 묶여만 있고 게임 코드가 이름을 부르지 않는다
안 씀	Assets/BaseResource/InGameMainUI/affinity_pierce.png	7934	아틀라스 ingamemainui.spriteatlasv2 에 묶여만 있고 게임 코드가 이름을 부르지 않는다
안 씀	Assets/BaseResource/InGameMainUI/affinity_rapid.png	6996	아틀라스 ingamemainui.spriteatlasv2 에 묶여만 있고 게임 코드가 이름을 부르지 않는다
안 씀	Assets/BaseResource/InGameMainUI/affinity_strike.png	7986	아틀라스 ingamemainui.spriteatlasv2 에 묶여만 있고 게임 코드가 이름을 부르지 않는다
안 씀	Assets/BaseResource/InGameMainUI/ch_arrows.png	9791	아틀라스 ingamemainui.spriteatlasv2 에 묶여만 있고 게임 코드가 이름을 부르지 않는다
안 씀	Assets/BaseResource/InGameMainUI/ch_card_frames.png	229965	아틀라스 ingamemainui.spriteatlasv2 에 묶여만 있고 게임 코드가 이름을 부르지 않는다
안 씀	Assets/BaseResource/InGameMainUI/ch_small_bits.png	26293	아틀라스 ingamemainui.spriteatlasv2 에 묶여만 있고 게임 코드가 이름을 부르지 않는다
안 씀	Assets/BaseResource/InGameMainUI/ch_small_icons.png	13145	아틀라스 ingamemainui.spriteatlasv2 에 묶여만 있고 게임 코드가 이름을 부르지 않는다
안 씀	Assets/BaseResource/InGameMainUI/exitportal_closed.png	6978	아틀라스 ingamemainui.spriteatlasv2 에 묶여만 있고 게임 코드가 이름을 부르지 않는다
안 씀	Assets/BaseResource/InGameMainUI/exitportal_open1.png	7336	아틀라스 ingamemainui.spriteatlasv2 에 묶여만 있고 게임 코드가 이름을 부르지 않는다
안 씀	Assets/BaseResource/InGameMainUI/exitportal_open2.png	7773	아틀라스 ingamemainui.spriteatlasv2 에 묶여만 있고 게임 코드가 이름을 부르지 않는다
안 씀	Assets/BaseResource/InGameMainUI/floor_edge_ch1.png	3113	아틀라스 ingamemainui.spriteatlasv2 에 묶여만 있고 게임 코드가 이름을 부르지 않는다
안 씀	Assets/BaseResource/InGameMainUI/floor_edge_ch2.png	3114	아틀라스 ingamemainui.spriteatlasv2 에 묶여만 있고 게임 코드가 이름을 부르지 않는다
안 씀	Assets/BaseResource/InGameMainUI/floor_edge_ch3.png	3111	아틀라스 ingamemainui.spriteatlasv2 에 묶여만 있고 게임 코드가 이름을 부르지 않는다
안 씀	Assets/BaseResource/InGameMainUI/fx_castrune_1.png	76792	아틀라스 ingamemainui.spriteatlasv2 에 묶여만 있고 게임 코드가 이름을 부르지 않는다
안 씀	Assets/BaseResource/InGameMainUI/fx_hxblunt_1.png	14940	아틀라스 ingamemainui.spriteatlasv2 에 묶여만 있고 게임 코드가 이름을 부르지 않는다
안 씀	Assets/BaseResource/InGameMainUI/fx_hxblunt_2.png	26371	아틀라스 ingamemainui.spriteatlasv2 에 묶여만 있고 게임 코드가 이름을 부르지 않는다
안 씀	Assets/BaseResource/InGameMainUI/fx_hxblunt_3.png	20222	아틀라스 ingamemainui.spriteatlasv2 에 묶여만 있고 게임 코드가 이름을 부르지 않는다
안 씀	Assets/BaseResource/InGameMainUI/fx_hxblunt_4.png	14936	아틀라스 ingamemainui.spriteatlasv2 에 묶여만 있고 게임 코드가 이름을 부르지 않는다
안 씀	Assets/BaseResource/InGameMainUI/fx_hxcore_1.png	1030	아틀라스 ingamemainui.spriteatlasv2 에 묶여만 있고 게임 코드가 이름을 부르지 않는다
안 씀	Assets/BaseResource/InGameMainUI/fx_hxcore_2.png	4403	아틀라스 ingamemainui.spriteatlasv2 에 묶여만 있고 게임 코드가 이름을 부르지 않는다
안 씀	Assets/BaseResource/InGameMainUI/fx_hxcore_3.png	8157	아틀라스 ingamemainui.spriteatlasv2 에 묶여만 있고 게임 코드가 이름을 부르지 않는다
안 씀	Assets/BaseResource/InGameMainUI/fx_hxcore_4.png	15365	아틀라스 ingamemainui.spriteatlasv2 에 묶여만 있고 게임 코드가 이름을 부르지 않는다
안 씀	Assets/BaseResource/InGameMainUI/fx_hxline_1.png	5432	아틀라스 ingamemainui.spriteatlasv2 에 묶여만 있고 게임 코드가 이름을 부르지 않는다
안 씀	Assets/BaseResource/InGameMainUI/fx_hxline_2.png	9713	아틀라스 ingamemainui.spriteatlasv2 에 묶여만 있고 게임 코드가 이름을 부르지 않는다
안 씀	Assets/BaseResource/InGameMainUI/fx_hxline_3.png	6755	아틀라스 ingamemainui.spriteatlasv2 에 묶여만 있고 게임 코드가 이름을 부르지 않는다
안 씀	Assets/BaseResource/InGameMainUI/fx_hxmagic_1.png	990	아틀라스 ingamemainui.spriteatlasv2 에 묶여만 있고 게임 코드가 이름을 부르지 않는다
안 씀	Assets/BaseResource/InGameMainUI/fx_hxmagic_2.png	6571	아틀라스 ingamemainui.spriteatlasv2 에 묶여만 있고 게임 코드가 이름을 부르지 않는다
안 씀	Assets/BaseResource/InGameMainUI/fx_hxmagic_3.png	16036	아틀라스 ingamemainui.spriteatlasv2 에 묶여만 있고 게임 코드가 이름을 부르지 않는다
안 씀	Assets/BaseResource/InGameMainUI/fx_hxmagic_4.png	8014	아틀라스 ingamemainui.spriteatlasv2 에 묶여만 있고 게임 코드가 이름을 부르지 않는다
안 씀	Assets/BaseResource/InGameMainUI/fx_hxpow_1.png	1765	아틀라스 ingamemainui.spriteatlasv2 에 묶여만 있고 게임 코드가 이름을 부르지 않는다
안 씀	Assets/BaseResource/InGameMainUI/fx_hxpow_2.png	10053	아틀라스 ingamemainui.spriteatlasv2 에 묶여만 있고 게임 코드가 이름을 부르지 않는다
안 씀	Assets/BaseResource/InGameMainUI/fx_hxpow_3.png	17137	아틀라스 ingamemainui.spriteatlasv2 에 묶여만 있고 게임 코드가 이름을 부르지 않는다
안 씀	Assets/BaseResource/InGameMainUI/fx_hxpow_4.png	12504	아틀라스 ingamemainui.spriteatlasv2 에 묶여만 있고 게임 코드가 이름을 부르지 않는다
안 씀	Assets/BaseResource/InGameMainUI/fx_hxslash_1.png	12383	아틀라스 ingamemainui.spriteatlasv2 에 묶여만 있고 게임 코드가 이름을 부르지 않는다
안 씀	Assets/BaseResource/InGameMainUI/fx_hxslash_2.png	31076	아틀라스 ingamemainui.spriteatlasv2 에 묶여만 있고 게임 코드가 이름을 부르지 않는다
안 씀	Assets/BaseResource/InGameMainUI/fx_hxslash_3.png	17835	아틀라스 ingamemainui.spriteatlasv2 에 묶여만 있고 게임 코드가 이름을 부르지 않는다
안 씀	Assets/BaseResource/InGameMainUI/fx_hxslash_4.png	4466	아틀라스 ingamemainui.spriteatlasv2 에 묶여만 있고 게임 코드가 이름을 부르지 않는다
안 씀	Assets/BaseResource/InGameMainUI/fx_hxweap_1.png	2791	아틀라스 ingamemainui.spriteatlasv2 에 묶여만 있고 게임 코드가 이름을 부르지 않는다
안 씀	Assets/BaseResource/InGameMainUI/fx_hxweap_2.png	4197	아틀라스 ingamemainui.spriteatlasv2 에 묶여만 있고 게임 코드가 이름을 부르지 않는다
안 씀	Assets/BaseResource/InGameMainUI/fx_hxweap_3.png	5982	아틀라스 ingamemainui.spriteatlasv2 에 묶여만 있고 게임 코드가 이름을 부르지 않는다
안 씀	Assets/BaseResource/InGameMainUI/fx_hxweap_4.png	5394	아틀라스 ingamemainui.spriteatlasv2 에 묶여만 있고 게임 코드가 이름을 부르지 않는다
안 씀	Assets/BaseResource/InGameMainUI/fx_soulcord.png	4787	아틀라스 ingamemainui.spriteatlasv2 에 묶여만 있고 게임 코드가 이름을 부르지 않는다
안 씀	Assets/BaseResource/InGameMainUI/hud3/hud3_top_band.png	348024	아틀라스 ingamemainui.spriteatlasv2 에 묶여만 있고 게임 코드가 이름을 부르지 않는다
안 씀	Assets/BaseResource/InGameMainUI/hud_action_frame.png	16805	아틀라스 ingamemainui.spriteatlasv2 에 묶여만 있고 게임 코드가 이름을 부르지 않는다
안 씀	Assets/BaseResource/InGameMainUI/hud_action_possess.png	11805	아틀라스 ingamemainui.spriteatlasv2 에 묶여만 있고 게임 코드가 이름을 부르지 않는다
안 씀	Assets/BaseResource/InGameMainUI/hud_action_ultimate.png	11752	아틀라스 ingamemainui.spriteatlasv2 에 묶여만 있고 게임 코드가 이름을 부르지 않는다
안 씀	Assets/BaseResource/InGameMainUI/hud_boss_plate_v2.png	71919	아틀라스 ingamemainui.spriteatlasv2 에 묶여만 있고 게임 코드가 이름을 부르지 않는다
안 씀	Assets/BaseResource/InGameMainUI/hud_dpad_base.png	17793	아틀라스 ingamemainui.spriteatlasv2 에 묶여만 있고 게임 코드가 이름을 부르지 않는다
안 씀	Assets/BaseResource/InGameMainUI/hud_dpad_base_v2.png	37472	아틀라스 ingamemainui.spriteatlasv2 에 묶여만 있고 게임 코드가 이름을 부르지 않는다 (에디터 빌더에만 이름이 나온다)
안 씀	Assets/BaseResource/InGameMainUI/hud_dpad_knob.png	2757	아틀라스 ingamemainui.spriteatlasv2 에 묶여만 있고 게임 코드가 이름을 부르지 않는다
안 씀	Assets/BaseResource/InGameMainUI/obj_barricade_162x163.png	23343	아틀라스 ingamemainui.spriteatlasv2 에 묶여만 있고 게임 코드가 이름을 부르지 않는다
안 씀	Assets/BaseResource/InGameMainUI/obj_blade_1.new.png	5857	아틀라스 ingamemainui.spriteatlasv2 에 묶여만 있고 게임 코드가 이름을 부르지 않는다
안 씀	Assets/BaseResource/InGameMainUI/obj_crusher_crane.png	21629	아틀라스 ingamemainui.spriteatlasv2 에 묶여만 있고 게임 코드가 이름을 부르지 않는다
안 씀	Assets/BaseResource/InGameMainUI/obj_divider_90x358.png	14380	아틀라스 ingamemainui.spriteatlasv2 에 묶여만 있고 게임 코드가 이름을 부르지 않는다
안 씀	Assets/BaseResource/InGameMainUI/obj_hazard_216x216.png	25650	아틀라스 ingamemainui.spriteatlasv2 에 묶여만 있고 게임 코드가 이름을 부르지 않는다
안 씀	Assets/BaseResource/InGameMainUI/obj_low_cover_288x115.png	23948	아틀라스 ingamemainui.spriteatlasv2 에 묶여만 있고 게임 코드가 이름을 부르지 않는다
안 씀	Assets/BaseResource/InGameMainUI/obj_low_cover_576x115.png	55634	아틀라스 ingamemainui.spriteatlasv2 에 묶여만 있고 게임 코드가 이름을 부르지 않는다
안 씀	Assets/BaseResource/InGameMainUI/obj_pillar_108x222.png	18830	아틀라스 ingamemainui.spriteatlasv2 에 묶여만 있고 게임 코드가 이름을 부르지 않는다
안 씀	Assets/BaseResource/InGameMainUI/obj_pillar_126x240.png	19613	아틀라스 ingamemainui.spriteatlasv2 에 묶여만 있고 게임 코드가 이름을 부르지 않는다
안 씀	Assets/BaseResource/InGameMainUI/obj_pillar_144x330.png	28407	아틀라스 ingamemainui.spriteatlasv2 에 묶여만 있고 게임 코드가 이름을 부르지 않는다
안 씀	Assets/BaseResource/InGameMainUI/obj_pillar_234x348.png	73336	아틀라스 ingamemainui.spriteatlasv2 에 묶여만 있고 게임 코드가 이름을 부르지 않는다
안 씀	Assets/BaseResource/InGameMainUI/obj_rail_carriage.png	11720	아틀라스 ingamemainui.spriteatlasv2 에 묶여만 있고 게임 코드가 이름을 부르지 않는다
안 씀	Assets/BaseResource/InGameMainUI/possessmark_banned.png	337	아틀라스 ingamemainui.spriteatlasv2 에 묶여만 있고 게임 코드가 이름을 부르지 않는다
안 씀	Assets/BaseResource/InGameMainUI/possessmark_locked.png	337	아틀라스 ingamemainui.spriteatlasv2 에 묶여만 있고 게임 코드가 이름을 부르지 않는다
안 씀	Assets/BaseResource/InGameMainUI/possessmark_nextbody_1.png	296	아틀라스 ingamemainui.spriteatlasv2 에 묶여만 있고 게임 코드가 이름을 부르지 않는다
안 씀	Assets/BaseResource/InGameMainUI/possessmark_nextbody_2.png	335	아틀라스 ingamemainui.spriteatlasv2 에 묶여만 있고 게임 코드가 이름을 부르지 않는다
안 씀	Assets/BaseResource/InGameMainUI/possessmark_ready.png	285	아틀라스 ingamemainui.spriteatlasv2 에 묶여만 있고 게임 코드가 이름을 부르지 않는다
안 씀	Assets/BaseResource/InGameMainUI/possessmark_spawn_1.png	252	아틀라스 ingamemainui.spriteatlasv2 에 묶여만 있고 게임 코드가 이름을 부르지 않는다
안 씀	Assets/BaseResource/InGameMainUI/possessmark_spawn_2.png	249	아틀라스 ingamemainui.spriteatlasv2 에 묶여만 있고 게임 코드가 이름을 부르지 않는다
안 씀	Assets/BaseResource/InGameMainUI/possessmark_target.png	309	아틀라스 ingamemainui.spriteatlasv2 에 묶여만 있고 게임 코드가 이름을 부르지 않는다
안 씀	Assets/BaseResource/InGameMainUI/python_necks_3_review.png	3482	아틀라스 ingamemainui.spriteatlasv2 에 묶여만 있고 게임 코드가 이름을 부르지 않는다
안 씀	Assets/BaseResource/InGameMainUI/python_spit_3_review.png	2011	아틀라스 ingamemainui.spriteatlasv2 에 묶여만 있고 게임 코드가 이름을 부르지 않는다
안 씀	Assets/BaseResource/InGameMainUI/result_title_ch1.png	28560	아틀라스 ingamemainui.spriteatlasv2 에 묶여만 있고 게임 코드가 이름을 부르지 않는다
안 씀	Assets/BaseResource/InGameMainUI/result_title_ch2.png	29706	아틀라스 ingamemainui.spriteatlasv2 에 묶여만 있고 게임 코드가 이름을 부르지 않는다
안 씀	Assets/BaseResource/InGameMainUI/result_title_ch3.png	29853	아틀라스 ingamemainui.spriteatlasv2 에 묶여만 있고 게임 코드가 이름을 부르지 않는다
안 씀	Assets/BaseResource/InGameMainUI/result_title_ch4.png	29125	아틀라스 ingamemainui.spriteatlasv2 에 묶여만 있고 게임 코드가 이름을 부르지 않는다
안 씀	Assets/BaseResource/InGameMainUI/result_title_ch5.png	29662	아틀라스 ingamemainui.spriteatlasv2 에 묶여만 있고 게임 코드가 이름을 부르지 않는다
안 씀	Assets/BaseResource/InGameMainUI/result_title_ch6.png	29825	아틀라스 ingamemainui.spriteatlasv2 에 묶여만 있고 게임 코드가 이름을 부르지 않는다
안 씀	Assets/BaseResource/InGameMainUI/rps_ring.png	3142	아틀라스 ingamemainui.spriteatlasv2 에 묶여만 있고 게임 코드가 이름을 부르지 않는다
안 씀	Assets/BaseResource/InGameMainUI/shopdivider.png	3714	아틀라스 ingamemainui.spriteatlasv2 에 묶여만 있고 게임 코드가 이름을 부르지 않는다 (에디터 빌더에만 이름이 나온다)
안 씀	Assets/BaseResource/InGameMainUI/shot_evo01_1.png	317	아틀라스 ingamemainui.spriteatlasv2 에 묶여만 있고 게임 코드가 이름을 부르지 않는다
안 씀	Assets/BaseResource/InGameMainUI/shot_evo01_2.png	471	아틀라스 ingamemainui.spriteatlasv2 에 묶여만 있고 게임 코드가 이름을 부르지 않는다
안 씀	Assets/BaseResource/InGameMainUI/shot_evo01_3.png	452	아틀라스 ingamemainui.spriteatlasv2 에 묶여만 있고 게임 코드가 이름을 부르지 않는다
안 씀	Assets/BaseResource/InGameMainUI/shot_evo02_1.png	652	아틀라스 ingamemainui.spriteatlasv2 에 묶여만 있고 게임 코드가 이름을 부르지 않는다
안 씀	Assets/BaseResource/InGameMainUI/shot_evo02_2.png	639	아틀라스 ingamemainui.spriteatlasv2 에 묶여만 있고 게임 코드가 이름을 부르지 않는다
안 씀	Assets/BaseResource/InGameMainUI/shot_evo02_3.png	595	아틀라스 ingamemainui.spriteatlasv2 에 묶여만 있고 게임 코드가 이름을 부르지 않는다
안 씀	Assets/BaseResource/InGameMainUI/shot_evo03_1.png	452	아틀라스 ingamemainui.spriteatlasv2 에 묶여만 있고 게임 코드가 이름을 부르지 않는다
안 씀	Assets/BaseResource/InGameMainUI/shot_evo03_2.png	500	아틀라스 ingamemainui.spriteatlasv2 에 묶여만 있고 게임 코드가 이름을 부르지 않는다
안 씀	Assets/BaseResource/InGameMainUI/shot_evo03_3.png	504	아틀라스 ingamemainui.spriteatlasv2 에 묶여만 있고 게임 코드가 이름을 부르지 않는다
안 씀	Assets/BaseResource/InGameMainUI/shot_evo04_1.png	589	아틀라스 ingamemainui.spriteatlasv2 에 묶여만 있고 게임 코드가 이름을 부르지 않는다
안 씀	Assets/BaseResource/InGameMainUI/shot_evo04_2.png	628	아틀라스 ingamemainui.spriteatlasv2 에 묶여만 있고 게임 코드가 이름을 부르지 않는다
안 씀	Assets/BaseResource/InGameMainUI/shot_evo04_3.png	523	아틀라스 ingamemainui.spriteatlasv2 에 묶여만 있고 게임 코드가 이름을 부르지 않는다
안 씀	Assets/BaseResource/InGameMainUI/shot_evo05_1.png	488	아틀라스 ingamemainui.spriteatlasv2 에 묶여만 있고 게임 코드가 이름을 부르지 않는다
안 씀	Assets/BaseResource/InGameMainUI/shot_evo05_2.png	500	아틀라스 ingamemainui.spriteatlasv2 에 묶여만 있고 게임 코드가 이름을 부르지 않는다
안 씀	Assets/BaseResource/InGameMainUI/shot_evo05_3.png	477	아틀라스 ingamemainui.spriteatlasv2 에 묶여만 있고 게임 코드가 이름을 부르지 않는다
안 씀	Assets/BaseResource/InGameMainUI/shot_evo06_1.png	353	아틀라스 ingamemainui.spriteatlasv2 에 묶여만 있고 게임 코드가 이름을 부르지 않는다
안 씀	Assets/BaseResource/InGameMainUI/shot_evo06_2.png	410	아틀라스 ingamemainui.spriteatlasv2 에 묶여만 있고 게임 코드가 이름을 부르지 않는다
안 씀	Assets/BaseResource/InGameMainUI/shot_evo06_3.png	424	아틀라스 ingamemainui.spriteatlasv2 에 묶여만 있고 게임 코드가 이름을 부르지 않는다
안 씀	Assets/BaseResource/InGameMainUI/shot_evo07_1.png	437	아틀라스 ingamemainui.spriteatlasv2 에 묶여만 있고 게임 코드가 이름을 부르지 않는다
안 씀	Assets/BaseResource/InGameMainUI/shot_evo07_2.png	430	아틀라스 ingamemainui.spriteatlasv2 에 묶여만 있고 게임 코드가 이름을 부르지 않는다
안 씀	Assets/BaseResource/InGameMainUI/shot_evo07_3.png	405	아틀라스 ingamemainui.spriteatlasv2 에 묶여만 있고 게임 코드가 이름을 부르지 않는다
안 씀	Assets/BaseResource/InGameMainUI/shot_evo08_1.png	351	아틀라스 ingamemainui.spriteatlasv2 에 묶여만 있고 게임 코드가 이름을 부르지 않는다
안 씀	Assets/BaseResource/InGameMainUI/shot_evo08_2.png	387	아틀라스 ingamemainui.spriteatlasv2 에 묶여만 있고 게임 코드가 이름을 부르지 않는다
안 씀	Assets/BaseResource/InGameMainUI/shot_evo08_3.png	309	아틀라스 ingamemainui.spriteatlasv2 에 묶여만 있고 게임 코드가 이름을 부르지 않는다
안 씀	Assets/BaseResource/InGameMainUI/shot_evo09_1.png	615	아틀라스 ingamemainui.spriteatlasv2 에 묶여만 있고 게임 코드가 이름을 부르지 않는다
안 씀	Assets/BaseResource/InGameMainUI/shot_evo09_2.png	679	아틀라스 ingamemainui.spriteatlasv2 에 묶여만 있고 게임 코드가 이름을 부르지 않는다
안 씀	Assets/BaseResource/InGameMainUI/shot_evo09_3.png	570	아틀라스 ingamemainui.spriteatlasv2 에 묶여만 있고 게임 코드가 이름을 부르지 않는다
안 씀	Assets/BaseResource/InGameMainUI/shot_evo10_1.png	534	아틀라스 ingamemainui.spriteatlasv2 에 묶여만 있고 게임 코드가 이름을 부르지 않는다
안 씀	Assets/BaseResource/InGameMainUI/shot_evo10_2.png	546	아틀라스 ingamemainui.spriteatlasv2 에 묶여만 있고 게임 코드가 이름을 부르지 않는다
안 씀	Assets/BaseResource/InGameMainUI/shot_evo10_3.png	500	아틀라스 ingamemainui.spriteatlasv2 에 묶여만 있고 게임 코드가 이름을 부르지 않는다
안 씀	Assets/BaseResource/InGameMainUI/shot_evo11_1.png	346	아틀라스 ingamemainui.spriteatlasv2 에 묶여만 있고 게임 코드가 이름을 부르지 않는다
안 씀	Assets/BaseResource/InGameMainUI/shot_evo11_2.png	323	아틀라스 ingamemainui.spriteatlasv2 에 묶여만 있고 게임 코드가 이름을 부르지 않는다
안 씀	Assets/BaseResource/InGameMainUI/shot_evo11_3.png	330	아틀라스 ingamemainui.spriteatlasv2 에 묶여만 있고 게임 코드가 이름을 부르지 않는다
안 씀	Assets/BaseResource/InGameMainUI/uipiece_cardchips.png	30471	아틀라스 ingamemainui.spriteatlasv2 에 묶여만 있고 게임 코드가 이름을 부르지 않는다
안 씀	Assets/BaseResource/InGameMainUI/uipiece_cardpanel_evolution.png	70093	아틀라스 ingamemainui.spriteatlasv2 에 묶여만 있고 게임 코드가 이름을 부르지 않는다
안 씀	Assets/BaseResource/InGameMainUI/uipiece_eventbuttons.png	167072	아틀라스 ingamemainui.spriteatlasv2 에 묶여만 있고 게임 코드가 이름을 부르지 않는다
안 씀	Assets/BaseResource/InGameMainUI/uipiece_eventcostpill.png	6683	아틀라스 ingamemainui.spriteatlasv2 에 묶여만 있고 게임 코드가 이름을 부르지 않는다
안 씀	Assets/BaseResource/InGameMainUI/uipiece_hud_action_buttons.png	31172	아틀라스 ingamemainui.spriteatlasv2 에 묶여만 있고 게임 코드가 이름을 부르지 않는다
안 씀	Assets/BaseResource/InGameMainUI/uipiece_hud_action_frame.png	20910	아틀라스 ingamemainui.spriteatlasv2 에 묶여만 있고 게임 코드가 이름을 부르지 않는다
안 씀	Assets/BaseResource/InGameMainUI/uipiece_hud_cell_frame.png	3309	아틀라스 ingamemainui.spriteatlasv2 에 묶여만 있고 게임 코드가 이름을 부르지 않는다
안 씀	Assets/BaseResource/InGameMainUI/uipiece_hud_dpad_base.png	22381	아틀라스 ingamemainui.spriteatlasv2 에 묶여만 있고 게임 코드가 이름을 부르지 않는다
안 씀	Assets/BaseResource/InGameMainUI/uipiece_hud_dpad_knob.png	3251	아틀라스 ingamemainui.spriteatlasv2 에 묶여만 있고 게임 코드가 이름을 부르지 않는다
안 씀	Assets/BaseResource/InGameMainUI/uipiece_hud_host_frame.png	10930	아틀라스 ingamemainui.spriteatlasv2 에 묶여만 있고 게임 코드가 이름을 부르지 않는다
안 씀	Assets/BaseResource/InGameMainUI/uipiece_hud_panel_frame.png	16263	아틀라스 ingamemainui.spriteatlasv2 에 묶여만 있고 게임 코드가 이름을 부르지 않는다
안 씀	Assets/BaseResource/InGameMainUI/uipiece_leveluptitle.png	87029	아틀라스 ingamemainui.spriteatlasv2 에 묶여만 있고 게임 코드가 이름을 부르지 않는다
안 씀	Assets/BaseResource/InGameMainUI/uipiece_pausebutton.png	8594	아틀라스 ingamemainui.spriteatlasv2 에 묶여만 있고 게임 코드가 이름을 부르지 않는다
안 씀	Assets/BaseResource/InGameMainUI/uipiece_shopitemslots.png	72756	아틀라스 ingamemainui.spriteatlasv2 에 묶여만 있고 게임 코드가 이름을 부르지 않는다
안 씀	Assets/BaseResource/InGameMainUI/uipiece_shopleavebutton.png	32030	아틀라스 ingamemainui.spriteatlasv2 에 묶여만 있고 게임 코드가 이름을 부르지 않는다
안 씀	Assets/BaseResource/InGameMainUI/uipiece_shrinechoiceslot.png	44441	아틀라스 ingamemainui.spriteatlasv2 에 묶여만 있고 게임 코드가 이름을 부르지 않는다
안 씀	Assets/BaseResource/InGameMainUI/uipiece_shrinehintpill.png	25516	아틀라스 ingamemainui.spriteatlasv2 에 묶여만 있고 게임 코드가 이름을 부르지 않는다
안 씀	Assets/BaseResource/LobbyBackdrop/actionbarbackground.png	327954	아무 데서도 참조 · 이름 사용이 없다 (에디터 빌더에만 이름이 나온다)
안 씀	Assets/BaseResource/LobbyMainUI/actionframe_blue_solid.png	2733	아틀라스 lobbymainui.spriteatlasv2 에 묶여만 있고 게임 코드가 이름을 부르지 않는다
안 씀	Assets/BaseResource/LobbyMainUI/actionframe_gold_solid.png	3261	아틀라스 lobbymainui.spriteatlasv2 에 묶여만 있고 게임 코드가 이름을 부르지 않는다
안 씀	Assets/BaseResource/LobbyMainUI/chest_wood.png	81644	아틀라스 lobbymainui.spriteatlasv2 에 묶여만 있고 게임 코드가 이름을 부르지 않는다 (에디터 빌더에만 이름이 나온다)
안 씀	Assets/BaseResource/LobbyMainUI/eventicon.png	5635	아틀라스 lobbymainui.spriteatlasv2 에 묶여만 있고 게임 코드가 이름을 부르지 않는다
안 씀	Assets/BaseResource/LobbyMainUI/ghostsearchbig.png	25007	아틀라스 lobbymainui.spriteatlasv2 에 묶여만 있고 게임 코드가 이름을 부르지 않는다 (에디터 빌더에만 이름이 나온다)
안 씀	Assets/BaseResource/LobbyMainUI/hudpill_solid.png	4119	아틀라스 lobbymainui.spriteatlasv2 에 묶여만 있고 게임 코드가 이름을 부르지 않는다
안 씀	Assets/BaseResource/LobbyMainUI/modearrow_left.png	5572	아틀라스 lobbymainui.spriteatlasv2 에 묶여만 있고 게임 코드가 이름을 부르지 않는다 (에디터 빌더에만 이름이 나온다)
안 씀	Assets/BaseResource/LobbyMainUI/modearrow_right.png	5561	아틀라스 lobbymainui.spriteatlasv2 에 묶여만 있고 게임 코드가 이름을 부르지 않는다 (에디터 빌더에만 이름이 나온다)
안 씀	Assets/BaseResource/LobbyMainUI/modeart_defense.png	146941	아틀라스 lobbymainui.spriteatlasv2 에 묶여만 있고 게임 코드가 이름을 부르지 않는다 (에디터 빌더에만 이름이 나온다)
안 씀	Assets/BaseResource/LobbyMainUI/modeart_scenario.png	275860	아틀라스 lobbymainui.spriteatlasv2 에 묶여만 있고 게임 코드가 이름을 부르지 않는다 (에디터 빌더에만 이름이 나온다)
안 씀	Assets/BaseResource/LobbyMainUI/modeart_survival.png	146647	아틀라스 lobbymainui.spriteatlasv2 에 묶여만 있고 게임 코드가 이름을 부르지 않는다 (에디터 빌더에만 이름이 나온다)
안 씀	Assets/BaseResource/LobbyMainUI/modecard_center.png	177290	아틀라스 lobbymainui.spriteatlasv2 에 묶여만 있고 게임 코드가 이름을 부르지 않는다 (에디터 빌더에만 이름이 나온다)
안 씀	Assets/BaseResource/LobbyMainUI/modecard_side.png	89316	아틀라스 lobbymainui.spriteatlasv2 에 묶여만 있고 게임 코드가 이름을 부르지 않는다 (에디터 빌더에만 이름이 나온다)
안 씀	Assets/BaseResource/LobbyMainUI/modecard_side_l.png	86822	아틀라스 lobbymainui.spriteatlasv2 에 묶여만 있고 게임 코드가 이름을 부르지 않는다 (에디터 빌더에만 이름이 나온다)
안 씀	Assets/BaseResource/LobbyMainUI/modecardframe_side.png	45786	아틀라스 lobbymainui.spriteatlasv2 에 묶여만 있고 게임 코드가 이름을 부르지 않는다 (에디터 빌더에만 이름이 나온다)
안 씀	Assets/BaseResource/LobbyMainUI/modecardframe_side_l.png	36760	아틀라스 lobbymainui.spriteatlasv2 에 묶여만 있고 게임 코드가 이름을 부르지 않는다 (에디터 빌더에만 이름이 나온다)
안 씀	Assets/BaseResource/LobbyMainUI/panelframe_edge.png	1122	아틀라스 lobbymainui.spriteatlasv2 에 묶여만 있고 게임 코드가 이름을 부르지 않는다
안 씀	Assets/BaseResource/LobbyMainUI/seasonpassicon.png	9488	아틀라스 lobbymainui.spriteatlasv2 에 묶여만 있고 게임 코드가 이름을 부르지 않는다
안 씀	Assets/BaseResource/LobbyV4/profile_plate.png	242689	아무 데서도 참조 · 이름 사용이 없다 (에디터 빌더에만 이름이 나온다)
안 씀	Assets/BundleResource/RoomFloor/roomfloor_crusher_full.png	1941579	아무 데서도 참조 · 이름 사용이 없다
안 씀	Assets/BundleResource/RoomFloor/roomfloor_env_holding_full.png	1640429	아무 데서도 참조 · 이름 사용이 없다
안 씀	Assets/BundleResource/RoomFloor/roomfloor_env_junkyard_full.png	2819284	아무 데서도 참조 · 이름 사용이 없다
안 씀	Assets/BundleResource/RoomFloor/roomfloor_env_junkyard_full_v3.png	2403543	아무 데서도 참조 · 이름 사용이 없다
안 씀	Assets/BundleResource/RoomFloor/roomfloor_env_lab_full.png	1803616	아무 데서도 참조 · 이름 사용이 없다
안 씀	Assets/BundleResource/RoomFloor/roomfloor_env_missile_full.png	1760502	아무 데서도 참조 · 이름 사용이 없다
안 씀	Assets/BundleResource/RoomFloor/roomfloor_env_refinery_full.png	1897524	아무 데서도 참조 · 이름 사용이 없다
안 씀	Assets/BundleResource/RoomFloor/roomfloor_env_rooftop_full.png	1514933	아무 데서도 참조 · 이름 사용이 없다
안 씀	Assets/BundleResource/RoomFloor/roomfloor_env_street_full.png	1735547	아무 데서도 참조 · 이름 사용이 없다
안 씀	Assets/BundleResource/RoomFloor/roomfloor_guardian_full.png	1939753	아무 데서도 참조 · 이름 사용이 없다
안 씀	Assets/BundleResource/RoomFloor/roomfloor_kingpin_full.png	2146933	아무 데서도 참조 · 이름 사용이 없다
안 씀	Assets/BundleResource/RoomFloor/roomfloor_python_full.png	2200988	아무 데서도 참조 · 이름 사용이 없다
안 씀	Assets/BundleResource/RoomFloor/roomfloor_robot_snakes_full.png	2015895	아무 데서도 참조 · 이름 사용이 없다
안 씀	Assets/BundleResource/RoomFloor/roomfloor_sludge_full.png	1898222	아무 데서도 참조 · 이름 사용이 없다
안 씀	Assets/BundleResource/Sounds/Samples/oki1_001.wav	15916	아무 데서도 참조 · 이름 사용이 없다
안 씀	Assets/BundleResource/Sounds/Samples/oki1_002.wav	25964	아무 데서도 참조 · 이름 사용이 없다
안 씀	Assets/BundleResource/Sounds/Samples/oki1_003.wav	31660	아무 데서도 참조 · 이름 사용이 없다
안 씀	Assets/BundleResource/Sounds/Samples/oki1_004.wav	32172	아무 데서도 참조 · 이름 사용이 없다
안 씀	Assets/BundleResource/Sounds/Samples/oki1_005.wav	29612	아무 데서도 참조 · 이름 사용이 없다
안 씀	Assets/BundleResource/Sounds/Samples/oki1_006.wav	20460	아무 데서도 참조 · 이름 사용이 없다
안 씀	Assets/BundleResource/Sounds/Samples/oki1_007.wav	22316	아무 데서도 참조 · 이름 사용이 없다
안 씀	Assets/BundleResource/Sounds/Samples/oki1_008.wav	23468	아무 데서도 참조 · 이름 사용이 없다
안 씀	Assets/BundleResource/Sounds/Samples/oki1_009.wav	53996	아무 데서도 참조 · 이름 사용이 없다
안 씀	Assets/BundleResource/Sounds/Samples/oki1_010.wav	62892	아무 데서도 참조 · 이름 사용이 없다
안 씀	Assets/BundleResource/Sounds/Samples/oki1_011.wav	20652	아무 데서도 참조 · 이름 사용이 없다
안 씀	Assets/BundleResource/Sounds/Samples/oki1_012.wav	100332	아무 데서도 참조 · 이름 사용이 없다
안 씀	Assets/BundleResource/Sounds/Samples/oki1_013.wav	19628	아무 데서도 참조 · 이름 사용이 없다
안 씀	Assets/BundleResource/Sounds/Samples/oki1_014.wav	15020	아무 데서도 참조 · 이름 사용이 없다
안 씀	Assets/BundleResource/Sounds/Samples/oki1_015.wav	101420	아무 데서도 참조 · 이름 사용이 없다
안 씀	Assets/BundleResource/Sounds/Samples/oki2_001.wav	5804	아무 데서도 참조 · 이름 사용이 없다
안 씀	Assets/BundleResource/Sounds/Samples/oki2_002.wav	58412	아무 데서도 참조 · 이름 사용이 없다
안 씀	Assets/BundleResource/Sounds/Samples/oki2_003.wav	43692	아무 데서도 참조 · 이름 사용이 없다
안 씀	Assets/BundleResource/Sounds/Samples/oki2_004.wav	131116	아무 데서도 참조 · 이름 사용이 없다
안 씀	Assets/BundleResource/Sounds/Samples/oki2_005.wav	22188	아무 데서도 참조 · 이름 사용이 없다
안 씀	Assets/BundleResource/Sounds/Samples/oki2_006.wav	12204	아무 데서도 참조 · 이름 사용이 없다
안 씀	Assets/BundleResource/Sounds/Samples/oki2_007.wav	59372	아무 데서도 참조 · 이름 사용이 없다
안 씀	Assets/BundleResource/Sounds/Samples/oki2_008.wav	54252	아무 데서도 참조 · 이름 사용이 없다
안 씀	Assets/BundleResource/Sounds/Samples/oki2_009.wav	128044	아무 데서도 참조 · 이름 사용이 없다
안 씀	Assets/BundleResource/Sounds/Samples/oki2_010.wav	48172	아무 데서도 참조 · 이름 사용이 없다
안 씀	Assets/BundleResource/Sounds/Samples/oki2_011.wav	33900	아무 데서도 참조 · 이름 사용이 없다
안 씀	Assets/BundleResource/Sounds/Samples/oki2_012.wav	59628	아무 데서도 참조 · 이름 사용이 없다
안 씀	Assets/BundleResource/Sounds/Samples/oki2_013.wav	51372	아무 데서도 참조 · 이름 사용이 없다
안 씀	Assets/BundleResource/Sounds/Samples/oki2_014.wav	64684	아무 데서도 참조 · 이름 사용이 없다
안 씀	Assets/BundleResource/Sounds/Samples/oki2_015.wav	58924	아무 데서도 참조 · 이름 사용이 없다
안 씀	Assets/BundleResource/Sounds/Samples/oki2_016.wav	11308	아무 데서도 참조 · 이름 사용이 없다
안 씀	Assets/BundleResource/Sounds/Samples/oki2_017.wav	16428	아무 데서도 참조 · 이름 사용이 없다
안 씀	Assets/BundleResource/Sounds/Samples/oki2_018.wav	18476	아무 데서도 참조 · 이름 사용이 없다
안 씀	Assets/BundleResource/Sounds/Samples/oki2_019.wav	20524	아무 데서도 참조 · 이름 사용이 없다
안 씀	Assets/BundleResource/Sounds/Samples/oki2_020.wav	19500	아무 데서도 참조 · 이름 사용이 없다
안 씀	Assets/BundleResource/Sounds/Samples/oki2_021.wav	26668	아무 데서도 참조 · 이름 사용이 없다
안 씀	Assets/BundleResource/Sounds/Samples/oki2_022.wav	30764	아무 데서도 참조 · 이름 사용이 없다
안 씀	Assets/Screenshots/screenshot-20261008-173618.png	1392178	아무 데서도 참조 · 이름 사용이 없다
안 씀	Assets/Screenshots/screenshot-20261008-173635.png	1325732	아무 데서도 참조 · 이름 사용이 없다
안 씀	Assets/Screenshots/screenshot-20261008-175059.png	832789	아무 데서도 참조 · 이름 사용이 없다
